seed,method,role,selection_order,instant,datetime,hr,workingday,cnt
11,random,initial,1,8808,2012-01-07T19:00,19,0,215
11,random,initial,2,5128,2011-08-06T13:00,13,0,441
11,random,initial,3,595,2011-01-27T23:00,23,1,16
11,random,initial,4,10157,2012-03-04T06:00,6,0,5
11,random,initial,5,5571,2011-08-25T00:00,0,1,52
11,random,initial,6,8958,2012-01-14T02:00,2,0,38
11,random,initial,7,9460,2012-02-04T01:00,1,0,43
11,random,initial,8,10251,2012-03-08T04:00,4,1,2
11,random,initial,9,6430,2011-09-30T11:00,11,1,217
11,random,initial,10,150,2011-01-07T12:00,12,1,59
11,random,initial,11,3494,2011-05-30T11:00,11,0,321
11,random,initial,12,1175,2011-02-21T17:00,17,0,80
11,random,initial,13,8449,2011-12-23T16:00,16,1,181
11,random,initial,14,5964,2011-09-11T00:00,0,0,108
11,random,initial,15,1832,2011-03-22T01:00,1,1,19
11,random,initial,16,1265,2011-02-25T20:00,20,1,62
11,random,initial,17,12714,2012-06-18T22:00,22,1,164
11,random,initial,18,8820,2012-01-08T07:00,7,0,24
11,random,initial,19,1641,2011-03-13T21:00,21,0,58
11,random,initial,20,9857,2012-02-20T16:00,16,0,280
11,random,initial,21,5261,2011-08-12T02:00,2,1,15
11,random,initial,22,10266,2012-03-08T19:00,19,1,416
11,random,initial,23,9640,2012-02-11T14:00,14,0,243
11,random,initial,24,7753,2011-11-24T15:00,15,0,149
11,random,initial,25,520,2011-01-23T18:00,18,0,49
11,random,initial,26,3042,2011-05-11T15:00,15,1,179
11,random,initial,27,2584,2011-04-22T13:00,13,1,40
11,random,initial,28,10977,2012-04-07T12:00,12,0,590
11,random,initial,29,2960,2011-05-08T05:00,5,0,5
11,random,initial,30,11870,2012-05-14T18:00,18,1,300
11,random,initial,31,2747,2011-04-29T08:00,8,1,421
11,random,initial,32,7601,2011-11-18T07:00,7,1,216
11,random,initial,33,7820,2011-11-27T10:00,10,0,189
11,random,initial,34,11238,2012-04-18T10:00,10,1,147
11,random,initial,35,6080,2011-09-15T21:00,21,1,145
11,random,initial,36,6412,2011-09-29T17:00,17,1,589
11,random,initial,37,5967,2011-09-11T03:00,3,0,45
11,random,initial,38,9155,2012-01-22T08:00,8,0,32
11,random,initial,39,4783,2011-07-23T04:00,4,0,9
11,random,initial,40,441,2011-01-20T09:00,9,1,143
11,random,initial,41,21,2011-01-01T20:00,20,0,36
11,random,initial,42,12946,2012-06-28T14:00,14,1,254
11,random,initial,43,2718,2011-04-28T03:00,3,1,3
11,random,initial,44,5337,2011-08-15T06:00,6,1,90
11,random,initial,45,11515,2012-04-29T23:00,23,0,82
11,random,initial,46,6520,2011-10-04T05:00,5,1,27
11,random,initial,47,3276,2011-05-21T09:00,9,0,225
11,random,initial,48,9505,2012-02-05T22:00,22,0,191
11,random,initial,49,9161,2012-01-22T14:00,14,0,182
11,random,initial,50,12166,2012-05-27T02:00,2,0,61
11,random,initial,51,7772,2011-11-25T10:00,10,1,142
11,random,initial,52,4132,2011-06-26T01:00,1,0,90
11,random,initial,53,4967,2011-07-30T20:00,20,0,206
11,random,initial,54,8445,2011-12-23T12:00,12,1,170
11,random,initial,55,3498,2011-05-30T15:00,15,0,311
11,random,initial,56,8687,2012-01-02T18:00,18,0,126
11,random,initial,57,12482,2012-06-09T06:00,6,0,80
11,random,initial,58,6962,2011-10-22T16:00,16,0,359
11,random,initial,59,1135,2011-02-20T00:00,0,0,17
11,random,initial,60,2748,2011-04-29T09:00,9,1,230
11,random,initial,61,1958,2011-03-27T09:00,9,0,54
11,random,initial,62,129,2011-01-06T14:00,14,1,70
11,random,initial,63,1569,2011-03-10T19:00,19,1,56
11,random,initial,64,5306,2011-08-13T23:00,23,0,120
11,random,initial,65,8861,2012-01-10T00:00,0,1,14
11,random,initial,66,8558,2011-12-28T08:00,8,1,217
11,random,initial,67,6462,2011-10-01T19:00,19,0,126
11,random,initial,68,9486,2012-02-05T03:00,3,0,17
11,random,initial,69,7136,2011-10-29T22:00,22,0,54
11,random,initial,70,6309,2011-09-25T10:00,10,0,275
11,random,initial,71,4737,2011-07-21T06:00,6,1,117
11,random,initial,72,6088,2011-09-16T05:00,5,1,32
11,random,initial,73,1693,2011-03-16T04:00,4,1,1
11,random,initial,74,6311,2011-09-25T12:00,12,0,413
11,random,initial,75,3730,2011-06-09T07:00,7,1,314
11,random,initial,76,2141,2011-04-04T01:00,1,1,11
11,random,initial,77,8046,2011-12-06T21:00,21,1,114
11,random,initial,78,1116,2011-02-19T05:00,5,0,3
11,random,initial,79,1032,2011-02-15T16:00,16,1,98
11,random,initial,80,8716,2012-01-03T23:00,23,1,18
11,random,initial,81,7859,2011-11-29T02:00,2,1,5
11,random,initial,82,1122,2011-02-19T11:00,11,0,123
11,random,initial,83,6225,2011-09-21T22:00,22,1,127
11,random,initial,84,12497,2012-06-09T21:00,21,0,316
11,random,initial,85,4138,2011-06-26T07:00,7,0,51
11,random,initial,86,3443,2011-05-28T08:00,8,0,102
11,random,initial,87,5886,2011-09-07T17:00,17,1,285
11,random,initial,88,9557,2012-02-08T03:00,3,1,1
11,random,initial,89,7622,2011-11-19T04:00,4,0,8
11,random,initial,90,7823,2011-11-27T13:00,13,0,313
11,random,initial,91,12062,2012-05-22T18:00,18,1,785
11,random,initial,92,11341,2012-04-22T17:00,17,0,27
11,random,initial,93,2512,2011-04-19T13:00,13,1,129
11,random,initial,94,3354,2011-05-24T15:00,15,1,188
11,random,initial,95,8547,2011-12-27T20:00,20,1,69
11,random,initial,96,5078,2011-08-04T11:00,11,1,149
11,random,initial,97,12793,2012-06-22T05:00,5,1,38
11,random,initial,98,8281,2011-12-16T16:00,16,1,224
11,random,initial,99,6698,2011-10-11T15:00,15,1,175
11,random,initial,100,821,2011-02-06T15:00,15,0,182
11,random,initial,101,6745,2011-10-13T14:00,14,1,133
11,random,initial,102,10554,2012-03-20T20:00,20,1,377
11,random,initial,103,7490,2011-11-13T16:00,16,0,319
11,random,initial,104,12454,2012-06-08T02:00,2,1,19
11,random,initial,105,1632,2011-03-13T12:00,12,0,194
11,random,initial,106,8296,2011-12-17T07:00,7,0,20
11,random,initial,107,3675,2011-06-07T00:00,0,1,20
11,random,initial,108,6150,2011-09-18T19:00,19,0,245
11,random,initial,109,9214,2012-01-24T19:00,19,1,331
11,random,initial,110,9850,2012-02-20T09:00,9,0,110
11,random,initial,111,8436,2011-12-23T03:00,3,1,4
11,random,initial,112,11116,2012-04-13T08:00,8,1,563
11,random,initial,113,2341,2011-04-12T10:00,10,1,40
11,random,initial,114,4425,2011-07-08T06:00,6,1,102
11,random,initial,115,6831,2011-10-17T04:00,4,1,5
11,random,initial,116,8867,2012-01-10T07:00,7,1,222
11,random,initial,117,7810,2011-11-27T00:00,0,0,46
11,random,initial,118,128,2011-01-06T13:00,13,1,67
11,random,initial,119,11824,2012-05-12T20:00,20,0,287
11,random,initial,120,8672,2012-01-02T02:00,2,0,7
11,random,initial,121,9169,2012-01-22T22:00,22,0,58
11,random,initial,122,7981,2011-12-04T04:00,4,0,11
11,random,initial,123,11502,2012-04-29T10:00,10,0,380
11,random,initial,124,5978,2011-09-11T14:00,14,0,342
11,random,initial,125,8474,2011-12-24T17:00,17,0,68
11,random,initial,126,9807,2012-02-18T13:00,13,0,384
11,random,initial,127,9129,2012-01-21T06:00,6,0,1
11,random,initial,128,11898,2012-05-15T22:00,22,1,83
11,random,initial,129,8998,2012-01-15T18:00,18,0,120
11,random,initial,130,2021,2011-03-30T01:00,1,1,10
11,random,initial,131,616,2011-01-28T21:00,21,1,58
11,random,initial,132,426,2011-01-19T18:00,18,1,161
11,random,initial,133,5827,2011-09-05T05:00,5,0,6
11,random,initial,134,1457,2011-03-05T23:00,23,0,44
11,random,initial,135,4196,2011-06-28T17:00,17,1,579
11,random,initial,136,12067,2012-05-22T23:00,23,1,105
11,random,initial,137,2245,2011-04-08T09:00,9,1,185
11,random,initial,138,5270,2011-08-12T11:00,11,1,156
11,random,initial,139,2093,2011-04-02T01:00,1,0,32
11,random,initial,140,357,2011-01-16T08:00,8,0,18
11,random,initial,141,5199,2011-08-09T12:00,12,1,185
11,random,initial,142,4,2011-01-01T03:00,3,0,13
11,random,initial,143,10809,2012-03-31T11:00,11,0,463
11,random,initial,144,6967,2011-10-22T21:00,21,0,157
11,random,initial,145,12082,2012-05-23T14:00,14,1,248
11,random,initial,146,8291,2011-12-17T02:00,2,0,58
11,random,initial,147,4026,2011-06-21T15:00,15,1,170
11,random,initial,148,11274,2012-04-19T22:00,22,1,248
11,random,initial,149,8150,2011-12-11T05:00,5,0,6
11,random,initial,150,4935,2011-07-29T12:00,12,1,135
11,random,initial,151,8338,2011-12-19T01:00,1,1,11
11,random,initial,152,3023,2011-05-10T20:00,20,1,291
11,random,initial,153,8195,2011-12-13T02:00,2,1,2
11,random,initial,154,9019,2012-01-16T15:00,15,0,192
11,random,initial,155,12354,2012-06-03T22:00,22,0,226
11,random,initial,156,2630,2011-04-24T11:00,11,0,317
11,random,initial,157,11814,2012-05-12T10:00,10,0,411
11,random,initial,158,2633,2011-04-24T14:00,14,0,420
11,random,initial,159,5206,2011-08-09T19:00,19,1,371
11,random,initial,160,2416,2011-04-15T13:00,13,0,180
11,random,initial,161,9031,2012-01-17T04:00,4,1,2
11,random,initial,162,2057,2011-03-31T13:00,13,1,68
11,random,initial,163,10685,2012-03-26T07:00,7,1,370
11,random,initial,164,1380,2011-03-02T18:00,18,1,201
11,random,initial,165,875,2011-02-08T21:00,21,1,54
11,random,initial,166,10,2011-01-01T09:00,9,0,14
11,random,initial,167,2212,2011-04-07T00:00,0,1,20
11,random,initial,168,660,2011-01-30T19:00,19,0,55
11,random,initial,169,11808,2012-05-12T04:00,4,0,9
11,random,initial,170,7802,2011-11-26T16:00,16,0,275
11,random,initial,171,1694,2011-03-16T05:00,5,1,3
11,random,initial,172,12626,2012-06-15T06:00,6,1,151
11,random,initial,173,8482,2011-12-25T01:00,1,0,4
11,random,initial,174,10462,2012-03-17T00:00,0,0,100
11,random,initial,175,2707,2011-04-27T16:00,16,1,218
11,random,initial,176,8106,2011-12-09T09:00,9,1,264
11,random,initial,177,6710,2011-10-12T03:00,3,1,2
11,random,initial,178,7916,2011-12-01T11:00,11,1,102
11,random,initial,179,2952,2011-05-07T21:00,21,0,182
11,random,initial,180,9059,2012-01-18T08:00,8,1,489
11,random,initial,181,9959,2012-02-24T23:00,23,1,86
11,random,initial,182,12901,2012-06-26T17:00,17,1,900
11,random,initial,183,9657,2012-02-12T07:00,7,0,18
11,random,initial,184,8797,2012-01-07T08:00,8,0,64
11,random,initial,185,3311,2011-05-22T20:00,20,0,231
11,random,initial,186,11192,2012-04-16T12:00,12,0,271
11,random,initial,187,1452,2011-03-05T18:00,18,0,152
11,random,initial,188,10992,2012-04-08T03:00,3,0,26
11,random,initial,189,5300,2011-08-13T17:00,17,0,269
11,random,initial,190,125,2011-01-06T10:00,10,1,45
11,random,initial,191,12842,2012-06-24T06:00,6,0,25
11,random,initial,192,10653,2012-03-24T23:00,23,0,105
11,random,initial,193,11822,2012-05-12T18:00,18,0,546
11,random,initial,194,4404,2011-07-07T09:00,9,1,179
11,random,initial,195,586,2011-01-26T16:00,16,1,36
11,random,initial,196,8048,2011-12-06T23:00,23,1,53
11,random,initial,197,7962,2011-12-03T09:00,9,0,124
11,random,initial,198,12493,2012-06-09T17:00,17,0,495
11,random,initial,199,7631,2011-11-19T13:00,13,0,363
11,random,initial,200,8310,2011-12-17T21:00,21,0,96
11,random,initial,201,2275,2011-04-09T15:00,15,0,201
11,random,initial,202,4728,2011-07-20T21:00,21,1,242
11,random,initial,203,2283,2011-04-09T23:00,23,0,57
11,random,initial,204,1492,2011-03-07T12:00,12,1,96
11,random,initial,205,8847,2012-01-09T10:00,10,1,108
11,random,initial,206,12841,2012-06-24T05:00,5,0,8
11,random,initial,207,634,2011-01-29T16:00,16,0,107
11,random,initial,208,4355,2011-07-05T08:00,8,1,432
11,random,initial,209,10562,2012-03-21T04:00,4,1,4
11,random,initial,210,10985,2012-04-07T20:00,20,0,208
11,random,initial,211,6174,2011-09-19T19:00,19,1,374
11,random,initial,212,5317,2011-08-14T10:00,10,0,183
11,random,initial,213,12847,2012-06-24T11:00,11,0,506
11,random,initial,214,7576,2011-11-17T06:00,6,1,75
11,random,initial,215,11805,2012-05-12T01:00,1,0,93
11,random,initial,216,5772,2011-09-02T22:00,22,1,147
11,random,initial,217,8730,2012-01-04T13:00,13,1,91
11,random,initial,218,5780,2011-09-03T06:00,6,0,23
11,random,initial,219,7690,2011-11-22T00:00,0,1,14
11,random,initial,220,11795,2012-05-11T15:00,15,1,439
11,random,initial,221,1827,2011-03-21T20:00,20,1,122
11,random,initial,222,6121,2011-09-17T14:00,14,0,297
11,random,initial,223,10551,2012-03-20T17:00,17,1,750
11,random,initial,224,4990,2011-07-31T19:00,19,0,274
11,random,initial,225,7740,2011-11-24T02:00,2,0,22
11,random,initial,226,1364,2011-03-02T02:00,2,1,2
11,random,initial,227,12023,2012-05-21T03:00,3,1,2
11,random,initial,228,10679,2012-03-26T01:00,1,1,28
11,random,initial,229,9065,2012-01-18T14:00,14,1,105
11,random,initial,230,347,2011-01-15T22:00,22,0,26
11,random,initial,231,9830,2012-02-19T12:00,12,0,255
11,random,initial,232,10302,2012-03-10T07:00,7,0,40
11,random,initial,233,9315,2012-01-29T00:00,0,0,96
11,random,initial,234,5534,2011-08-23T11:00,11,1,186
11,random,initial,235,4807,2011-07-24T04:00,4,0,6
11,random,initial,236,2147,2011-04-04T07:00,7,1,157
11,random,initial,237,12508,2012-06-10T08:00,8,0,181
11,random,initial,238,10465,2012-03-17T03:00,3,0,26
11,random,initial,239,2480,2011-04-18T05:00,5,1,16
11,random,initial,240,2325,2011-04-11T18:00,18,1,383
11,random,selected,1,10828,2012-04-01T06:00,6,0,97
11,random,selected,2,4976,2011-07-31T05:00,5,0,8
11,random,selected,3,4961,2011-07-30T14:00,14,0,305
11,random,selected,4,1168,2011-02-21T10:00,10,0,81
11,random,selected,5,10081,2012-03-01T02:00,2,1,6
11,random,selected,6,5764,2011-09-02T14:00,14,1,283
11,random,selected,7,4604,2011-07-15T17:00,17,1,587
11,random,selected,8,3500,2011-05-30T17:00,17,0,304
11,random,selected,9,2590,2011-04-22T19:00,19,1,55
11,random,selected,10,5125,2011-08-06T10:00,10,0,290
11,random,selected,11,9871,2012-02-21T07:00,7,1,279
11,random,selected,12,463,2011-01-21T07:00,7,1,68
11,random,selected,13,5356,2011-08-16T01:00,1,1,16
11,random,selected,14,4727,2011-07-20T20:00,20,1,309
11,random,selected,15,305,2011-01-14T03:00,3,1,1
11,random,selected,16,6980,2011-10-23T10:00,10,0,289
11,random,selected,17,8606,2011-12-30T08:00,8,1,205
11,random,selected,18,2020,2011-03-30T00:00,0,1,11
11,random,selected,19,3164,2011-05-16T17:00,17,1,274
11,random,selected,20,5290,2011-08-13T07:00,7,0,44
11,random,selected,21,5838,2011-09-05T16:00,16,0,284
11,random,selected,22,12156,2012-05-26T16:00,16,0,504
11,random,selected,23,2868,2011-05-04T09:00,9,1,40
11,random,selected,24,4460,2011-07-09T17:00,17,0,401
11,random,selected,25,8057,2011-12-07T08:00,8,1,86
11,random,selected,26,6529,2011-10-04T14:00,14,1,183
11,random,selected,27,190,2011-01-09T04:00,4,0,1
11,random,selected,28,3772,2011-06-11T01:00,1,0,77
11,random,selected,29,11356,2012-04-23T08:00,8,1,482
11,random,selected,30,8548,2011-12-27T21:00,21,1,63
11,random,selected,31,8399,2011-12-21T14:00,14,1,51
11,random,selected,32,4494,2011-07-11T03:00,3,1,10
11,random,selected,33,4537,2011-07-12T22:00,22,1,194
11,random,selected,34,2030,2011-03-30T10:00,10,1,64
11,random,selected,35,1083,2011-02-17T20:00,20,1,139
11,random,selected,36,7497,2011-11-13T23:00,23,0,67
11,random,selected,37,962,2011-02-12T16:00,16,0,145
11,random,selected,38,12588,2012-06-13T16:00,16,1,392
11,random,selected,39,2376,2011-04-13T21:00,21,1,117
11,random,selected,40,3055,2011-05-12T04:00,4,1,6
11,random,selected,41,6449,2011-10-01T06:00,6,0,19
11,random,selected,42,5236,2011-08-11T01:00,1,1,26
11,random,selected,43,4661,2011-07-18T02:00,2,1,10
11,random,selected,44,10732,2012-03-28T06:00,6,1,115
11,random,selected,45,12270,2012-05-31T10:00,10,1,220
11,random,selected,46,4217,2011-06-29T14:00,14,1,188
11,random,selected,47,9470,2012-02-04T11:00,11,0,270
11,random,selected,48,9594,2012-02-09T16:00,16,1,238
11,random,selected,49,6560,2011-10-05T21:00,21,1,201
11,random,selected,50,2290,2011-04-10T06:00,6,0,4
11,random,selected,51,10450,2012-03-16T12:00,12,1,294
11,random,selected,52,6644,2011-10-09T09:00,9,0,185
11,random,selected,53,6978,2011-10-23T08:00,8,0,88
11,random,selected,54,10716,2012-03-27T14:00,14,1,184
11,random,selected,55,6028,2011-09-13T17:00,17,1,579
11,random,selected,56,7804,2011-11-26T18:00,18,0,185
11,random,selected,57,9928,2012-02-23T16:00,16,1,343
11,random,selected,58,9567,2012-02-08T13:00,13,1,126
11,random,selected,59,7566,2011-11-16T20:00,20,1,99
11,random,selected,60,6058,2011-09-14T23:00,23,1,72
11,random,selected,61,2935,2011-05-07T04:00,4,0,5
11,random,selected,62,12827,2012-06-23T15:00,15,0,483
11,random,selected,63,8657,2012-01-01T11:00,11,0,138
11,random,selected,64,2408,2011-04-15T05:00,5,0,13
11,random,selected,65,1667,2011-03-15T00:00,0,1,14
11,random,selected,66,1686,2011-03-15T20:00,20,1,88
11,random,selected,67,7587,2011-11-17T17:00,17,1,399
11,random,selected,68,1445,2011-03-05T11:00,11,0,159
11,random,selected,69,8393,2011-12-21T08:00,8,1,405
11,random,selected,70,11275,2012-04-19T23:00,23,1,144
11,random,selected,71,11166,2012-04-15T10:00,10,0,421
11,random,selected,72,2200,2011-04-06T12:00,12,1,134
11,random,selected,73,9086,2012-01-19T11:00,11,1,99
11,random,selected,74,11958,2012-05-18T10:00,10,1,255
11,random,selected,75,3857,2011-06-14T14:00,14,1,159
11,random,selected,76,6905,2011-10-20T07:00,7,1,318
11,random,selected,77,11427,2012-04-26T07:00,7,1,225
11,random,selected,78,10935,2012-04-05T18:00,18,1,698
11,random,selected,79,10697,2012-03-26T19:00,19,1,458
11,random,selected,80,9724,2012-02-15T02:00,2,1,4
11,random,selected,81,2951,2011-05-07T20:00,20,0,219
11,random,selected,82,10120,2012-03-02T17:00,17,1,128
11,random,selected,83,3583,2011-06-03T04:00,4,1,6
11,random,selected,84,1620,2011-03-12T23:00,23,0,49
11,random,selected,85,1324,2011-02-28T10:00,10,1,92
11,random,selected,86,1341,2011-03-01T03:00,3,1,2
11,random,selected,87,1376,2011-03-02T14:00,14,1,96
11,random,selected,88,7873,2011-11-29T16:00,16,1,151
11,random,selected,89,3017,2011-05-10T14:00,14,1,176
11,random,selected,90,3012,2011-05-10T09:00,9,1,205
11,random,selected,91,4651,2011-07-17T16:00,16,0,317
11,random,selected,92,12757,2012-06-20T17:00,17,1,691
11,random,selected,93,11966,2012-05-18T18:00,18,1,669
11,random,selected,94,11455,2012-04-27T11:00,11,1,233
11,random,selected,95,10479,2012-03-17T17:00,17,0,648
11,random,selected,96,2349,2011-04-12T18:00,18,1,224
11,random,selected,97,12312,2012-06-02T04:00,4,0,13
11,random,selected,98,9488,2012-02-05T05:00,5,0,4
11,random,selected,99,11970,2012-05-18T22:00,22,1,251
11,random,selected,100,7844,2011-11-28T11:00,11,1,118
11,random,selected,101,4482,2011-07-10T15:00,15,0,361
11,random,selected,102,5319,2011-08-14T12:00,12,0,281
11,random,selected,103,9136,2012-01-21T13:00,13,0,76
11,random,selected,104,12315,2012-06-02T07:00,7,0,86
11,random,selected,105,8754,2012-01-05T13:00,13,1,118
11,random,selected,106,9947,2012-02-24T11:00,11,1,163
11,random,selected,107,3580,2011-06-03T01:00,1,1,22
11,random,selected,108,10552,2012-03-20T18:00,18,1,801
11,random,selected,109,565,2011-01-25T17:00,17,1,222
11,random,selected,110,12350,2012-06-03T18:00,18,0,496
11,random,selected,111,651,2011-01-30T10:00,10,0,64
11,random,selected,112,6939,2011-10-21T17:00,17,1,524
11,random,selected,113,849,2011-02-07T19:00,19,1,128
11,random,selected,114,11652,2012-05-05T16:00,16,0,540
11,random,selected,115,4965,2011-07-30T18:00,18,0,299
11,random,selected,116,8104,2011-12-09T07:00,7,1,199
11,random,selected,117,3951,2011-06-18T12:00,12,0,420
11,random,selected,118,1862,2011-03-23T08:00,8,1,261
11,random,selected,119,8664,2012-01-01T18:00,18,0,106
11,random,selected,120,6833,2011-10-17T06:00,6,1,114
11,coverage,initial,1,8808,2012-01-07T19:00,19,0,215
11,coverage,initial,2,5128,2011-08-06T13:00,13,0,441
11,coverage,initial,3,595,2011-01-27T23:00,23,1,16
11,coverage,initial,4,10157,2012-03-04T06:00,6,0,5
11,coverage,initial,5,5571,2011-08-25T00:00,0,1,52
11,coverage,initial,6,8958,2012-01-14T02:00,2,0,38
11,coverage,initial,7,9460,2012-02-04T01:00,1,0,43
11,coverage,initial,8,10251,2012-03-08T04:00,4,1,2
11,coverage,initial,9,6430,2011-09-30T11:00,11,1,217
11,coverage,initial,10,150,2011-01-07T12:00,12,1,59
11,coverage,initial,11,3494,2011-05-30T11:00,11,0,321
11,coverage,initial,12,1175,2011-02-21T17:00,17,0,80
11,coverage,initial,13,8449,2011-12-23T16:00,16,1,181
11,coverage,initial,14,5964,2011-09-11T00:00,0,0,108
11,coverage,initial,15,1832,2011-03-22T01:00,1,1,19
11,coverage,initial,16,1265,2011-02-25T20:00,20,1,62
11,coverage,initial,17,12714,2012-06-18T22:00,22,1,164
11,coverage,initial,18,8820,2012-01-08T07:00,7,0,24
11,coverage,initial,19,1641,2011-03-13T21:00,21,0,58
11,coverage,initial,20,9857,2012-02-20T16:00,16,0,280
11,coverage,initial,21,5261,2011-08-12T02:00,2,1,15
11,coverage,initial,22,10266,2012-03-08T19:00,19,1,416
11,coverage,initial,23,9640,2012-02-11T14:00,14,0,243
11,coverage,initial,24,7753,2011-11-24T15:00,15,0,149
11,coverage,initial,25,520,2011-01-23T18:00,18,0,49
11,coverage,initial,26,3042,2011-05-11T15:00,15,1,179
11,coverage,initial,27,2584,2011-04-22T13:00,13,1,40
11,coverage,initial,28,10977,2012-04-07T12:00,12,0,590
11,coverage,initial,29,2960,2011-05-08T05:00,5,0,5
11,coverage,initial,30,11870,2012-05-14T18:00,18,1,300
11,coverage,initial,31,2747,2011-04-29T08:00,8,1,421
11,coverage,initial,32,7601,2011-11-18T07:00,7,1,216
11,coverage,initial,33,7820,2011-11-27T10:00,10,0,189
11,coverage,initial,34,11238,2012-04-18T10:00,10,1,147
11,coverage,initial,35,6080,2011-09-15T21:00,21,1,145
11,coverage,initial,36,6412,2011-09-29T17:00,17,1,589
11,coverage,initial,37,5967,2011-09-11T03:00,3,0,45
11,coverage,initial,38,9155,2012-01-22T08:00,8,0,32
11,coverage,initial,39,4783,2011-07-23T04:00,4,0,9
11,coverage,initial,40,441,2011-01-20T09:00,9,1,143
11,coverage,initial,41,21,2011-01-01T20:00,20,0,36
11,coverage,initial,42,12946,2012-06-28T14:00,14,1,254
11,coverage,initial,43,2718,2011-04-28T03:00,3,1,3
11,coverage,initial,44,5337,2011-08-15T06:00,6,1,90
11,coverage,initial,45,11515,2012-04-29T23:00,23,0,82
11,coverage,initial,46,6520,2011-10-04T05:00,5,1,27
11,coverage,initial,47,3276,2011-05-21T09:00,9,0,225
11,coverage,initial,48,9505,2012-02-05T22:00,22,0,191
11,coverage,initial,49,9161,2012-01-22T14:00,14,0,182
11,coverage,initial,50,12166,2012-05-27T02:00,2,0,61
11,coverage,initial,51,7772,2011-11-25T10:00,10,1,142
11,coverage,initial,52,4132,2011-06-26T01:00,1,0,90
11,coverage,initial,53,4967,2011-07-30T20:00,20,0,206
11,coverage,initial,54,8445,2011-12-23T12:00,12,1,170
11,coverage,initial,55,3498,2011-05-30T15:00,15,0,311
11,coverage,initial,56,8687,2012-01-02T18:00,18,0,126
11,coverage,initial,57,12482,2012-06-09T06:00,6,0,80
11,coverage,initial,58,6962,2011-10-22T16:00,16,0,359
11,coverage,initial,59,1135,2011-02-20T00:00,0,0,17
11,coverage,initial,60,2748,2011-04-29T09:00,9,1,230
11,coverage,initial,61,1958,2011-03-27T09:00,9,0,54
11,coverage,initial,62,129,2011-01-06T14:00,14,1,70
11,coverage,initial,63,1569,2011-03-10T19:00,19,1,56
11,coverage,initial,64,5306,2011-08-13T23:00,23,0,120
11,coverage,initial,65,8861,2012-01-10T00:00,0,1,14
11,coverage,initial,66,8558,2011-12-28T08:00,8,1,217
11,coverage,initial,67,6462,2011-10-01T19:00,19,0,126
11,coverage,initial,68,9486,2012-02-05T03:00,3,0,17
11,coverage,initial,69,7136,2011-10-29T22:00,22,0,54
11,coverage,initial,70,6309,2011-09-25T10:00,10,0,275
11,coverage,initial,71,4737,2011-07-21T06:00,6,1,117
11,coverage,initial,72,6088,2011-09-16T05:00,5,1,32
11,coverage,initial,73,1693,2011-03-16T04:00,4,1,1
11,coverage,initial,74,6311,2011-09-25T12:00,12,0,413
11,coverage,initial,75,3730,2011-06-09T07:00,7,1,314
11,coverage,initial,76,2141,2011-04-04T01:00,1,1,11
11,coverage,initial,77,8046,2011-12-06T21:00,21,1,114
11,coverage,initial,78,1116,2011-02-19T05:00,5,0,3
11,coverage,initial,79,1032,2011-02-15T16:00,16,1,98
11,coverage,initial,80,8716,2012-01-03T23:00,23,1,18
11,coverage,initial,81,7859,2011-11-29T02:00,2,1,5
11,coverage,initial,82,1122,2011-02-19T11:00,11,0,123
11,coverage,initial,83,6225,2011-09-21T22:00,22,1,127
11,coverage,initial,84,12497,2012-06-09T21:00,21,0,316
11,coverage,initial,85,4138,2011-06-26T07:00,7,0,51
11,coverage,initial,86,3443,2011-05-28T08:00,8,0,102
11,coverage,initial,87,5886,2011-09-07T17:00,17,1,285
11,coverage,initial,88,9557,2012-02-08T03:00,3,1,1
11,coverage,initial,89,7622,2011-11-19T04:00,4,0,8
11,coverage,initial,90,7823,2011-11-27T13:00,13,0,313
11,coverage,initial,91,12062,2012-05-22T18:00,18,1,785
11,coverage,initial,92,11341,2012-04-22T17:00,17,0,27
11,coverage,initial,93,2512,2011-04-19T13:00,13,1,129
11,coverage,initial,94,3354,2011-05-24T15:00,15,1,188
11,coverage,initial,95,8547,2011-12-27T20:00,20,1,69
11,coverage,initial,96,5078,2011-08-04T11:00,11,1,149
11,coverage,initial,97,12793,2012-06-22T05:00,5,1,38
11,coverage,initial,98,8281,2011-12-16T16:00,16,1,224
11,coverage,initial,99,6698,2011-10-11T15:00,15,1,175
11,coverage,initial,100,821,2011-02-06T15:00,15,0,182
11,coverage,initial,101,6745,2011-10-13T14:00,14,1,133
11,coverage,initial,102,10554,2012-03-20T20:00,20,1,377
11,coverage,initial,103,7490,2011-11-13T16:00,16,0,319
11,coverage,initial,104,12454,2012-06-08T02:00,2,1,19
11,coverage,initial,105,1632,2011-03-13T12:00,12,0,194
11,coverage,initial,106,8296,2011-12-17T07:00,7,0,20
11,coverage,initial,107,3675,2011-06-07T00:00,0,1,20
11,coverage,initial,108,6150,2011-09-18T19:00,19,0,245
11,coverage,initial,109,9214,2012-01-24T19:00,19,1,331
11,coverage,initial,110,9850,2012-02-20T09:00,9,0,110
11,coverage,initial,111,8436,2011-12-23T03:00,3,1,4
11,coverage,initial,112,11116,2012-04-13T08:00,8,1,563
11,coverage,initial,113,2341,2011-04-12T10:00,10,1,40
11,coverage,initial,114,4425,2011-07-08T06:00,6,1,102
11,coverage,initial,115,6831,2011-10-17T04:00,4,1,5
11,coverage,initial,116,8867,2012-01-10T07:00,7,1,222
11,coverage,initial,117,7810,2011-11-27T00:00,0,0,46
11,coverage,initial,118,128,2011-01-06T13:00,13,1,67
11,coverage,initial,119,11824,2012-05-12T20:00,20,0,287
11,coverage,initial,120,8672,2012-01-02T02:00,2,0,7
11,coverage,initial,121,9169,2012-01-22T22:00,22,0,58
11,coverage,initial,122,7981,2011-12-04T04:00,4,0,11
11,coverage,initial,123,11502,2012-04-29T10:00,10,0,380
11,coverage,initial,124,5978,2011-09-11T14:00,14,0,342
11,coverage,initial,125,8474,2011-12-24T17:00,17,0,68
11,coverage,initial,126,9807,2012-02-18T13:00,13,0,384
11,coverage,initial,127,9129,2012-01-21T06:00,6,0,1
11,coverage,initial,128,11898,2012-05-15T22:00,22,1,83
11,coverage,initial,129,8998,2012-01-15T18:00,18,0,120
11,coverage,initial,130,2021,2011-03-30T01:00,1,1,10
11,coverage,initial,131,616,2011-01-28T21:00,21,1,58
11,coverage,initial,132,426,2011-01-19T18:00,18,1,161
11,coverage,initial,133,5827,2011-09-05T05:00,5,0,6
11,coverage,initial,134,1457,2011-03-05T23:00,23,0,44
11,coverage,initial,135,4196,2011-06-28T17:00,17,1,579
11,coverage,initial,136,12067,2012-05-22T23:00,23,1,105
11,coverage,initial,137,2245,2011-04-08T09:00,9,1,185
11,coverage,initial,138,5270,2011-08-12T11:00,11,1,156
11,coverage,initial,139,2093,2011-04-02T01:00,1,0,32
11,coverage,initial,140,357,2011-01-16T08:00,8,0,18
11,coverage,initial,141,5199,2011-08-09T12:00,12,1,185
11,coverage,initial,142,4,2011-01-01T03:00,3,0,13
11,coverage,initial,143,10809,2012-03-31T11:00,11,0,463
11,coverage,initial,144,6967,2011-10-22T21:00,21,0,157
11,coverage,initial,145,12082,2012-05-23T14:00,14,1,248
11,coverage,initial,146,8291,2011-12-17T02:00,2,0,58
11,coverage,initial,147,4026,2011-06-21T15:00,15,1,170
11,coverage,initial,148,11274,2012-04-19T22:00,22,1,248
11,coverage,initial,149,8150,2011-12-11T05:00,5,0,6
11,coverage,initial,150,4935,2011-07-29T12:00,12,1,135
11,coverage,initial,151,8338,2011-12-19T01:00,1,1,11
11,coverage,initial,152,3023,2011-05-10T20:00,20,1,291
11,coverage,initial,153,8195,2011-12-13T02:00,2,1,2
11,coverage,initial,154,9019,2012-01-16T15:00,15,0,192
11,coverage,initial,155,12354,2012-06-03T22:00,22,0,226
11,coverage,initial,156,2630,2011-04-24T11:00,11,0,317
11,coverage,initial,157,11814,2012-05-12T10:00,10,0,411
11,coverage,initial,158,2633,2011-04-24T14:00,14,0,420
11,coverage,initial,159,5206,2011-08-09T19:00,19,1,371
11,coverage,initial,160,2416,2011-04-15T13:00,13,0,180
11,coverage,initial,161,9031,2012-01-17T04:00,4,1,2
11,coverage,initial,162,2057,2011-03-31T13:00,13,1,68
11,coverage,initial,163,10685,2012-03-26T07:00,7,1,370
11,coverage,initial,164,1380,2011-03-02T18:00,18,1,201
11,coverage,initial,165,875,2011-02-08T21:00,21,1,54
11,coverage,initial,166,10,2011-01-01T09:00,9,0,14
11,coverage,initial,167,2212,2011-04-07T00:00,0,1,20
11,coverage,initial,168,660,2011-01-30T19:00,19,0,55
11,coverage,initial,169,11808,2012-05-12T04:00,4,0,9
11,coverage,initial,170,7802,2011-11-26T16:00,16,0,275
11,coverage,initial,171,1694,2011-03-16T05:00,5,1,3
11,coverage,initial,172,12626,2012-06-15T06:00,6,1,151
11,coverage,initial,173,8482,2011-12-25T01:00,1,0,4
11,coverage,initial,174,10462,2012-03-17T00:00,0,0,100
11,coverage,initial,175,2707,2011-04-27T16:00,16,1,218
11,coverage,initial,176,8106,2011-12-09T09:00,9,1,264
11,coverage,initial,177,6710,2011-10-12T03:00,3,1,2
11,coverage,initial,178,7916,2011-12-01T11:00,11,1,102
11,coverage,initial,179,2952,2011-05-07T21:00,21,0,182
11,coverage,initial,180,9059,2012-01-18T08:00,8,1,489
11,coverage,initial,181,9959,2012-02-24T23:00,23,1,86
11,coverage,initial,182,12901,2012-06-26T17:00,17,1,900
11,coverage,initial,183,9657,2012-02-12T07:00,7,0,18
11,coverage,initial,184,8797,2012-01-07T08:00,8,0,64
11,coverage,initial,185,3311,2011-05-22T20:00,20,0,231
11,coverage,initial,186,11192,2012-04-16T12:00,12,0,271
11,coverage,initial,187,1452,2011-03-05T18:00,18,0,152
11,coverage,initial,188,10992,2012-04-08T03:00,3,0,26
11,coverage,initial,189,5300,2011-08-13T17:00,17,0,269
11,coverage,initial,190,125,2011-01-06T10:00,10,1,45
11,coverage,initial,191,12842,2012-06-24T06:00,6,0,25
11,coverage,initial,192,10653,2012-03-24T23:00,23,0,105
11,coverage,initial,193,11822,2012-05-12T18:00,18,0,546
11,coverage,initial,194,4404,2011-07-07T09:00,9,1,179
11,coverage,initial,195,586,2011-01-26T16:00,16,1,36
11,coverage,initial,196,8048,2011-12-06T23:00,23,1,53
11,coverage,initial,197,7962,2011-12-03T09:00,9,0,124
11,coverage,initial,198,12493,2012-06-09T17:00,17,0,495
11,coverage,initial,199,7631,2011-11-19T13:00,13,0,363
11,coverage,initial,200,8310,2011-12-17T21:00,21,0,96
11,coverage,initial,201,2275,2011-04-09T15:00,15,0,201
11,coverage,initial,202,4728,2011-07-20T21:00,21,1,242
11,coverage,initial,203,2283,2011-04-09T23:00,23,0,57
11,coverage,initial,204,1492,2011-03-07T12:00,12,1,96
11,coverage,initial,205,8847,2012-01-09T10:00,10,1,108
11,coverage,initial,206,12841,2012-06-24T05:00,5,0,8
11,coverage,initial,207,634,2011-01-29T16:00,16,0,107
11,coverage,initial,208,4355,2011-07-05T08:00,8,1,432
11,coverage,initial,209,10562,2012-03-21T04:00,4,1,4
11,coverage,initial,210,10985,2012-04-07T20:00,20,0,208
11,coverage,initial,211,6174,2011-09-19T19:00,19,1,374
11,coverage,initial,212,5317,2011-08-14T10:00,10,0,183
11,coverage,initial,213,12847,2012-06-24T11:00,11,0,506
11,coverage,initial,214,7576,2011-11-17T06:00,6,1,75
11,coverage,initial,215,11805,2012-05-12T01:00,1,0,93
11,coverage,initial,216,5772,2011-09-02T22:00,22,1,147
11,coverage,initial,217,8730,2012-01-04T13:00,13,1,91
11,coverage,initial,218,5780,2011-09-03T06:00,6,0,23
11,coverage,initial,219,7690,2011-11-22T00:00,0,1,14
11,coverage,initial,220,11795,2012-05-11T15:00,15,1,439
11,coverage,initial,221,1827,2011-03-21T20:00,20,1,122
11,coverage,initial,222,6121,2011-09-17T14:00,14,0,297
11,coverage,initial,223,10551,2012-03-20T17:00,17,1,750
11,coverage,initial,224,4990,2011-07-31T19:00,19,0,274
11,coverage,initial,225,7740,2011-11-24T02:00,2,0,22
11,coverage,initial,226,1364,2011-03-02T02:00,2,1,2
11,coverage,initial,227,12023,2012-05-21T03:00,3,1,2
11,coverage,initial,228,10679,2012-03-26T01:00,1,1,28
11,coverage,initial,229,9065,2012-01-18T14:00,14,1,105
11,coverage,initial,230,347,2011-01-15T22:00,22,0,26
11,coverage,initial,231,9830,2012-02-19T12:00,12,0,255
11,coverage,initial,232,10302,2012-03-10T07:00,7,0,40
11,coverage,initial,233,9315,2012-01-29T00:00,0,0,96
11,coverage,initial,234,5534,2011-08-23T11:00,11,1,186
11,coverage,initial,235,4807,2011-07-24T04:00,4,0,6
11,coverage,initial,236,2147,2011-04-04T07:00,7,1,157
11,coverage,initial,237,12508,2012-06-10T08:00,8,0,181
11,coverage,initial,238,10465,2012-03-17T03:00,3,0,26
11,coverage,initial,239,2480,2011-04-18T05:00,5,1,16
11,coverage,initial,240,2325,2011-04-11T18:00,18,1,383
11,coverage,selected,1,11513,2012-04-29T21:00,21,0,204
11,coverage,selected,2,12208,2012-05-28T20:00,20,0,317
11,coverage,selected,3,1655,2011-03-14T12:00,12,1,94
11,coverage,selected,4,1278,2011-02-26T09:00,9,0,74
11,coverage,selected,5,11370,2012-04-23T22:00,22,1,89
11,coverage,selected,6,6669,2011-10-10T10:00,10,0,265
11,coverage,selected,7,10163,2012-03-04T12:00,12,0,327
11,coverage,selected,8,275,2011-01-12T21:00,21,1,57
11,coverage,selected,9,1581,2011-03-11T08:00,8,1,259
11,coverage,selected,10,4275,2011-07-02T00:00,0,0,115
11,coverage,selected,11,3690,2011-06-07T15:00,15,1,183
11,coverage,selected,12,8827,2012-01-08T14:00,14,0,328
11,coverage,selected,13,307,2011-01-14T06:00,6,1,17
11,coverage,selected,14,527,2011-01-24T01:00,1,1,1
11,coverage,selected,15,8302,2011-12-17T13:00,13,0,236
11,coverage,selected,16,7633,2011-11-19T15:00,15,0,382
11,coverage,selected,17,12171,2012-05-27T07:00,7,0,52
11,coverage,selected,18,3787,2011-06-11T16:00,16,0,394
11,coverage,selected,19,2627,2011-04-24T08:00,8,0,80
11,coverage,selected,20,8226,2011-12-14T09:00,9,1,239
11,coverage,selected,21,8395,2011-12-21T10:00,10,1,89
11,coverage,selected,22,1831,2011-03-22T00:00,0,1,11
11,coverage,selected,23,11133,2012-04-14T01:00,1,0,70
11,coverage,selected,24,10983,2012-04-07T18:00,18,0,517
11,coverage,selected,25,3118,2011-05-14T19:00,19,0,248
11,coverage,selected,26,8446,2011-12-23T13:00,13,1,194
11,coverage,selected,27,9546,2012-02-07T16:00,16,1,276
11,coverage,selected,28,3415,2011-05-27T04:00,4,1,7
11,coverage,selected,29,8156,2011-12-11T11:00,11,0,197
11,coverage,selected,30,1295,2011-02-27T02:00,2,0,22
11,coverage,selected,31,10922,2012-04-05T05:00,5,1,29
11,coverage,selected,32,12997,2012-06-30T17:00,17,0,362
11,coverage,selected,33,6951,2011-10-22T05:00,5,0,8
11,coverage,selected,34,4801,2011-07-23T22:00,22,0,125
11,coverage,selected,35,12311,2012-06-02T03:00,3,0,26
11,coverage,selected,36,11362,2012-04-23T14:00,14,1,114
11,coverage,selected,37,3918,2011-06-17T03:00,3,1,6
11,coverage,selected,38,4641,2011-07-17T06:00,6,0,21
11,coverage,selected,39,3434,2011-05-27T23:00,23,1,127
11,coverage,selected,40,53,2011-01-03T07:00,7,1,64
11,coverage,selected,41,12727,2012-06-19T11:00,11,1,230
11,coverage,selected,42,7286,2011-11-05T04:00,4,0,8
11,coverage,selected,43,6725,2011-10-12T18:00,18,1,172
11,coverage,selected,44,5230,2011-08-10T19:00,19,1,413
11,coverage,selected,45,12424,2012-06-06T20:00,20,1,408
11,coverage,selected,46,6532,2011-10-04T17:00,17,1,585
11,coverage,selected,47,1576,2011-03-11T02:00,2,1,5
11,coverage,selected,48,5162,2011-08-07T23:00,23,0,55
11,coverage,selected,49,5467,2011-08-20T16:00,16,0,373
11,coverage,selected,50,2937,2011-05-07T06:00,6,0,13
11,coverage,selected,51,6687,2011-10-11T04:00,4,1,5
11,coverage,selected,52,10976,2012-04-07T11:00,11,0,495
11,coverage,selected,53,10321,2012-03-11T03:00,3,0,66
11,coverage,selected,54,936,2011-02-11T14:00,14,1,84
11,coverage,selected,55,1749,2011-03-18T13:00,13,1,175
11,coverage,selected,56,6786,2011-10-15T07:00,7,0,57
11,coverage,selected,57,8915,2012-01-12T07:00,7,1,220
11,coverage,selected,58,7591,2011-11-17T21:00,21,1,116
11,coverage,selected,59,2472,2011-04-17T21:00,21,0,83
11,coverage,selected,60,387,2011-01-17T14:00,14,0,86
11,coverage,selected,61,7946,2011-12-02T17:00,17,1,411
11,coverage,selected,62,3644,2011-06-05T17:00,17,0,390
11,coverage,selected,63,7245,2011-11-03T11:00,11,1,120
11,coverage,selected,64,9819,2012-02-19T01:00,1,0,72
11,coverage,selected,65,4133,2011-06-26T02:00,2,0,87
11,coverage,selected,66,4959,2011-07-30T12:00,12,0,341
11,coverage,selected,67,11658,2012-05-05T22:00,22,0,217
11,coverage,selected,68,5945,2011-09-10T05:00,5,0,8
11,coverage,selected,69,2063,2011-03-31T19:00,19,1,130
11,coverage,selected,70,12496,2012-06-09T20:00,20,0,363
11,coverage,selected,71,2120,2011-04-03T04:00,4,0,3
11,coverage,selected,72,6779,2011-10-15T00:00,0,0,106
11,coverage,selected,73,9854,2012-02-20T13:00,13,0,312
11,coverage,selected,74,7801,2011-11-26T15:00,15,0,314
11,coverage,selected,75,8737,2012-01-04T20:00,20,1,123
11,coverage,selected,76,2805,2011-05-01T18:00,18,0,159
11,coverage,selected,77,10398,2012-03-14T08:00,8,1,662
11,coverage,selected,78,4269,2011-07-01T18:00,18,1,422
11,coverage,selected,79,10177,2012-03-05T02:00,2,1,4
11,coverage,selected,80,6830,2011-10-17T03:00,3,1,2
11,coverage,selected,81,12025,2012-05-21T05:00,5,1,15
11,coverage,selected,82,4298,2011-07-02T23:00,23,0,154
11,coverage,selected,83,5670,2011-08-29T16:00,16,1,282
11,coverage,selected,84,10621,2012-03-23T15:00,15,1,472
11,coverage,selected,85,7469,2011-11-12T19:00,19,0,171
11,coverage,selected,86,3779,2011-06-11T08:00,8,0,143
11,coverage,selected,87,10940,2012-04-05T23:00,23,1,136
11,coverage,selected,88,5629,2011-08-27T10:00,10,0,205
11,coverage,selected,89,9659,2012-02-12T09:00,9,0,63
11,coverage,selected,90,2018,2011-03-29T22:00,22,1,55
11,coverage,selected,91,10750,2012-03-29T00:00,0,1,48
11,coverage,selected,92,5245,2011-08-11T10:00,10,1,132
11,coverage,selected,93,10348,2012-03-12T06:00,6,1,88
11,coverage,selected,94,11072,2012-04-11T12:00,12,1,182
11,coverage,selected,95,2077,2011-04-01T09:00,9,1,173
11,coverage,selected,96,8742,2012-01-05T01:00,1,1,5
11,coverage,selected,97,6326,2011-09-26T03:00,3,1,5
11,coverage,selected,98,12568,2012-06-12T20:00,20,1,386
11,coverage,selected,99,12861,2012-06-25T01:00,1,1,31
11,coverage,selected,100,804,2011-02-05T22:00,22,0,45
11,coverage,selected,101,11100,2012-04-12T16:00,16,1,353
11,coverage,selected,102,10171,2012-03-04T20:00,20,0,88
11,coverage,selected,103,10180,2012-03-05T05:00,5,1,18
11,coverage,selected,104,11260,2012-04-19T08:00,8,1,677
11,coverage,selected,105,12627,2012-06-15T07:00,7,1,430
11,coverage,selected,106,6280,2011-09-24T05:00,5,0,5
11,coverage,selected,107,10631,2012-03-24T01:00,1,0,128
11,coverage,selected,108,10116,2012-03-02T13:00,13,1,222
11,coverage,selected,109,3144,2011-05-15T21:00,21,0,151
11,coverage,selected,110,11643,2012-05-05T07:00,7,0,87
11,coverage,selected,111,2941,2011-05-07T10:00,10,0,298
11,coverage,selected,112,7546,2011-11-16T00:00,0,1,31
11,coverage,selected,113,1385,2011-03-02T23:00,23,1,22
11,coverage,selected,114,1657,2011-03-14T14:00,14,1,79
11,coverage,selected,115,38,2011-01-02T14:00,14,0,59
11,coverage,selected,116,8826,2012-01-08T13:00,13,0,343
11,coverage,selected,117,8406,2011-12-21T21:00,21,1,123
11,coverage,selected,118,3447,2011-05-28T12:00,12,0,358
11,coverage,selected,119,4325,2011-07-04T02:00,2,0,63
11,coverage,selected,120,1704,2011-03-16T15:00,15,1,101
29,random,initial,1,11169,2012-04-15T13:00,13,0,681
29,random,initial,2,6614,2011-10-08T03:00,3,0,20
29,random,initial,3,12156,2012-05-26T16:00,16,0,504
29,random,initial,4,9450,2012-02-03T15:00,15,1,216
29,random,initial,5,1974,2011-03-28T01:00,1,1,6
29,random,initial,6,3377,2011-05-25T14:00,14,1,168
29,random,initial,7,9008,2012-01-16T04:00,4,0,8
29,random,initial,8,5876,2011-09-07T07:00,7,1,86
29,random,initial,9,6368,2011-09-27T21:00,21,1,196
29,random,initial,10,8323,2011-12-18T10:00,10,0,129
29,random,initial,11,5949,2011-09-10T09:00,9,0,207
29,random,initial,12,1034,2011-02-15T18:00,18,1,212
29,random,initial,13,12329,2012-06-02T21:00,21,0,316
29,random,initial,14,7357,2011-11-08T03:00,3,1,3
29,random,initial,15,3627,2011-06-05T00:00,0,0,113
29,random,initial,16,966,2011-02-12T20:00,20,0,40
29,random,initial,17,3628,2011-06-05T01:00,1,0,96
29,random,initial,18,4454,2011-07-09T11:00,11,0,290
29,random,initial,19,3328,2011-05-23T13:00,13,1,204
29,random,initial,20,42,2011-01-02T18:00,18,0,53
29,random,initial,21,788,2011-02-05T06:00,6,0,4
29,random,initial,22,3536,2011-06-01T05:00,5,1,21
29,random,initial,23,5025,2011-08-02T06:00,6,1,117
29,random,initial,24,1840,2011-03-22T09:00,9,1,178
29,random,initial,25,12819,2012-06-23T07:00,7,0,78
29,random,initial,26,10450,2012-03-16T12:00,12,1,294
29,random,initial,27,372,2011-01-16T23:00,23,0,18
29,random,initial,28,7119,2011-10-29T05:00,5,0,1
29,random,initial,29,6499,2011-10-03T08:00,8,1,372
29,random,initial,30,11843,2012-05-13T15:00,15,0,499
29,random,initial,31,4949,2011-07-30T02:00,2,0,42
29,random,initial,32,10437,2012-03-15T23:00,23,1,97
29,random,initial,33,88,2011-01-04T19:00,19,1,112
29,random,initial,34,2775,2011-04-30T12:00,12,0,416
29,random,initial,35,12316,2012-06-02T08:00,8,0,210
29,random,initial,36,1453,2011-03-05T19:00,19,0,89
29,random,initial,37,4877,2011-07-27T02:00,2,1,6
29,random,initial,38,10455,2012-03-16T17:00,17,1,258
29,random,initial,39,3662,2011-06-06T11:00,11,1,111
29,random,initial,40,11322,2012-04-21T22:00,22,0,110
29,random,initial,41,1611,2011-03-12T14:00,14,0,166
29,random,initial,42,8353,2011-12-19T16:00,16,1,208
29,random,initial,43,5389,2011-08-17T10:00,10,1,118
29,random,initial,44,9021,2012-01-16T17:00,17,0,193
29,random,initial,45,3023,2011-05-10T20:00,20,1,291
29,random,initial,46,3535,2011-06-01T04:00,4,1,4
29,random,initial,47,3339,2011-05-24T00:00,0,1,35
29,random,initial,48,5017,2011-08-01T22:00,22,1,137
29,random,initial,49,11427,2012-04-26T07:00,7,1,225
29,random,initial,50,633,2011-01-29T15:00,15,0,120
29,random,initial,51,9893,2012-02-22T05:00,5,1,30
29,random,initial,52,4071,2011-06-23T12:00,12,1,160
29,random,initial,53,10101,2012-03-01T22:00,22,1,126
29,random,initial,54,7829,2011-11-27T19:00,19,0,139
29,random,initial,55,6646,2011-10-09T11:00,11,0,423
29,random,initial,56,11613,2012-05-04T01:00,1,1,48
29,random,initial,57,1931,2011-03-26T05:00,5,0,8
29,random,initial,58,12254,2012-05-30T18:00,18,1,796
29,random,initial,59,822,2011-02-06T16:00,16,0,157
29,random,initial,60,6545,2011-10-05T06:00,6,1,117
29,random,initial,61,383,2011-01-17T10:00,10,0,57
29,random,initial,62,5512,2011-08-22T13:00,13,1,205
29,random,initial,63,7323,2011-11-06T17:00,17,0,256
29,random,initial,64,9044,2012-01-17T17:00,17,1,462
29,random,initial,65,2498,2011-04-18T23:00,23,1,46
29,random,initial,66,6553,2011-10-05T14:00,14,1,190
29,random,initial,67,10442,2012-03-16T04:00,4,1,3
29,random,initial,68,5112,2011-08-05T21:00,21,1,173
29,random,initial,69,9865,2012-02-21T00:00,0,1,12
29,random,initial,70,11505,2012-04-29T13:00,13,0,595
29,random,initial,71,4694,2011-07-19T11:00,11,1,127
29,random,initial,72,2264,2011-04-09T04:00,4,0,3
29,random,initial,73,8167,2011-12-11T22:00,22,0,43
29,random,initial,74,5303,2011-08-13T20:00,20,0,183
29,random,initial,75,12650,2012-06-16T06:00,6,0,47
29,random,initial,76,8708,2012-01-03T15:00,15,1,77
29,random,initial,77,7116,2011-10-29T02:00,2,0,17
29,random,initial,78,5365,2011-08-16T10:00,10,1,111
29,random,initial,79,10845,2012-04-01T23:00,23,0,63
29,random,initial,80,2005,2011-03-29T09:00,9,1,172
29,random,initial,81,11840,2012-05-13T12:00,12,0,531
29,random,initial,82,10836,2012-04-01T14:00,14,0,561
29,random,initial,83,3947,2011-06-18T08:00,8,0,131
29,random,initial,84,2976,2011-05-08T21:00,21,0,127
29,random,initial,85,193,2011-01-09T07:00,7,0,6
29,random,initial,86,8505,2011-12-26T01:00,1,0,10
29,random,initial,87,3771,2011-06-11T00:00,0,0,117
29,random,initial,88,9955,2012-02-24T19:00,19,1,233
29,random,initial,89,4662,2011-07-18T03:00,3,1,7
29,random,initial,90,6110,2011-09-17T03:00,3,0,28
29,random,initial,91,11916,2012-05-16T16:00,16,1,446
29,random,initial,92,9920,2012-02-23T08:00,8,1,560
29,random,initial,93,5918,2011-09-09T02:00,2,1,8
29,random,initial,94,8998,2012-01-15T18:00,18,0,120
29,random,initial,95,10160,2012-03-04T09:00,9,0,118
29,random,initial,96,5063,2011-08-03T20:00,20,1,87
29,random,initial,97,957,2011-02-12T11:00,11,0,114
29,random,initial,98,8485,2011-12-25T05:00,5,0,1
29,random,initial,99,3942,2011-06-18T03:00,3,0,20
29,random,initial,100,9721,2012-02-14T23:00,23,1,57
29,random,initial,101,12052,2012-05-22T08:00,8,1,590
29,random,initial,102,8209,2011-12-13T16:00,16,1,207
29,random,initial,103,3876,2011-06-15T09:00,9,1,207
29,random,initial,104,11422,2012-04-26T02:00,2,1,13
29,random,initial,105,7981,2011-12-04T04:00,4,0,11
29,random,initial,106,3976,2011-06-19T13:00,13,0,363
29,random,initial,107,799,2011-02-05T17:00,17,0,78
29,random,initial,108,10237,2012-03-07T14:00,14,1,175
29,random,initial,109,12401,2012-06-05T21:00,21,1,283
29,random,initial,110,1964,2011-03-27T15:00,15,0,172
29,random,initial,111,6445,2011-10-01T02:00,2,0,67
29,random,initial,112,1127,2011-02-19T16:00,16,0,120
29,random,initial,113,3815,2011-06-12T20:00,20,0,206
29,random,initial,114,3443,2011-05-28T08:00,8,0,102
29,random,initial,115,4978,2011-07-31T07:00,7,0,45
29,random,initial,116,601,2011-01-28T06:00,6,1,16
29,random,initial,117,11761,2012-05-10T05:00,5,1,24
29,random,initial,118,9170,2012-01-22T23:00,23,0,37
29,random,initial,119,1179,2011-02-21T21:00,21,0,34
29,random,initial,120,8819,2012-01-08T06:00,6,0,2
29,random,initial,121,6318,2011-09-25T19:00,19,0,329
29,random,initial,122,3292,2011-05-22T01:00,1,0,98
29,random,initial,123,7843,2011-11-28T10:00,10,1,107
29,random,initial,124,493,2011-01-22T14:00,14,0,75
29,random,initial,125,10989,2012-04-08T00:00,0,0,85
29,random,initial,126,6095,2011-09-16T12:00,12,1,251
29,random,initial,127,12344,2012-06-03T12:00,12,0,684
29,random,initial,128,8018,2011-12-05T17:00,17,1,446
29,random,initial,129,6812,2011-10-16T09:00,9,0,190
29,random,initial,130,7253,2011-11-03T19:00,19,1,252
29,random,initial,131,12747,2012-06-20T07:00,7,1,464
29,random,initial,132,5503,2011-08-22T04:00,4,1,12
29,random,initial,133,7304,2011-11-05T22:00,22,0,82
29,random,initial,134,3957,2011-06-18T18:00,18,0,381
29,random,initial,135,3133,2011-05-15T10:00,10,0,226
29,random,initial,136,12081,2012-05-23T13:00,13,1,270
29,random,initial,137,9121,2012-01-20T22:00,22,1,72
29,random,initial,138,10415,2012-03-15T01:00,1,1,23
29,random,initial,139,12878,2012-06-25T18:00,18,1,791
29,random,initial,140,6933,2011-10-21T11:00,11,1,174
29,random,initial,141,6350,2011-09-27T03:00,3,1,10
29,random,initial,142,9191,2012-01-23T20:00,20,1,169
29,random,initial,143,8208,2011-12-13T15:00,15,1,151
29,random,initial,144,10366,2012-03-13T00:00,0,1,26
29,random,initial,145,9985,2012-02-26T01:00,1,0,55
29,random,initial,146,6324,2011-09-26T01:00,1,1,17
29,random,initial,147,5442,2011-08-19T15:00,15,1,222
29,random,initial,148,5808,2011-09-04T10:00,10,0,297
29,random,initial,149,12341,2012-06-03T09:00,9,0,300
29,random,initial,150,1372,2011-03-02T10:00,10,1,76
29,random,initial,151,4819,2011-07-24T16:00,16,0,249
29,random,initial,152,6054,2011-09-14T19:00,19,1,381
29,random,initial,153,11551,2012-05-01T11:00,11,1,229
29,random,initial,154,7635,2011-11-19T17:00,17,0,232
29,random,initial,155,7203,2011-11-01T17:00,17,1,506
29,random,initial,156,206,2011-01-09T20:00,20,0,38
29,random,initial,157,12561,2012-06-12T13:00,13,1,59
29,random,initial,158,8952,2012-01-13T20:00,20,1,136
29,random,initial,159,11513,2012-04-29T21:00,21,0,204
29,random,initial,160,4376,2011-07-06T05:00,5,1,35
29,random,initial,161,6810,2011-10-16T07:00,7,0,48
29,random,initial,162,10317,2012-03-10T22:00,22,0,100
29,random,initial,163,4019,2011-06-21T08:00,8,1,401
29,random,initial,164,12936,2012-06-28T04:00,4,1,11
29,random,initial,165,10494,2012-03-18T08:00,8,0,96
29,random,initial,166,3396,2011-05-26T09:00,9,1,216
29,random,initial,167,12398,2012-06-05T18:00,18,1,790
29,random,initial,168,12458,2012-06-08T06:00,6,1,139
29,random,initial,169,3813,2011-06-12T18:00,18,0,256
29,random,initial,170,9793,2012-02-17T23:00,23,1,82
29,random,initial,171,4920,2011-07-28T21:00,21,1,196
29,random,initial,172,5296,2011-08-13T13:00,13,0,153
29,random,initial,173,2263,2011-04-09T03:00,3,0,14
29,random,initial,174,9137,2012-01-21T14:00,14,0,95
29,random,initial,175,1909,2011-03-25T07:00,7,1,104
29,random,initial,176,6287,2011-09-24T12:00,12,0,407
29,random,initial,177,8886,2012-01-11T02:00,2,1,5
29,random,initial,178,7753,2011-11-24T15:00,15,0,149
29,random,initial,179,5107,2011-08-05T16:00,16,1,330
29,random,initial,180,4615,2011-07-16T04:00,4,0,16
29,random,initial,181,7237,2011-11-03T03:00,3,1,5
29,random,initial,182,5150,2011-08-07T11:00,11,0,269
29,random,initial,183,2226,2011-04-07T14:00,14,1,157
29,random,initial,184,4611,2011-07-16T00:00,0,0,110
29,random,initial,185,11834,2012-05-13T06:00,6,0,21
29,random,initial,186,3735,2011-06-09T12:00,12,1,140
29,random,initial,187,3464,2011-05-29T05:00,5,0,6
29,random,initial,188,665,2011-01-31T00:00,0,1,7
29,random,initial,189,8431,2011-12-22T22:00,22,1,17
29,random,initial,190,1599,2011-03-12T02:00,2,0,14
29,random,initial,191,4994,2011-07-31T23:00,23,0,70
29,random,initial,192,6822,2011-10-16T19:00,19,0,233
29,random,initial,193,11745,2012-05-09T13:00,13,1,266
29,random,initial,194,5977,2011-09-11T13:00,13,0,350
29,random,initial,195,2109,2011-04-02T17:00,17,0,184
29,random,initial,196,7043,2011-10-26T01:00,1,1,12
29,random,initial,197,8814,2012-01-08T01:00,1,0,72
29,random,initial,198,6817,2011-10-16T14:00,14,0,462
29,random,initial,199,4762,2011-07-22T07:00,7,1,252
29,random,initial,200,758,2011-02-03T23:00,23,1,38
29,random,initial,201,8484,2011-12-25T03:00,3,0,4
29,random,initial,202,2825,2011-05-02T14:00,14,1,181
29,random,initial,203,828,2011-02-06T22:00,22,0,62
29,random,initial,204,9546,2012-02-07T16:00,16,1,276
29,random,initial,205,5031,2011-08-02T12:00,12,1,157
29,random,initial,206,12176,2012-05-27T12:00,12,0,570
29,random,initial,207,652,2011-01-30T11:00,11,0,59
29,random,initial,208,2422,2011-04-15T19:00,19,0,209
29,random,initial,209,5191,2011-08-09T04:00,4,1,7
29,random,initial,210,6621,2011-10-08T10:00,10,0,337
29,random,initial,211,7935,2011-12-02T06:00,6,1,87
29,random,initial,212,9004,2012-01-16T00:00,0,0,25
29,random,initial,213,6057,2011-09-14T22:00,22,1,160
29,random,initial,214,5010,2011-08-01T15:00,15,1,129
29,random,initial,215,12147,2012-05-26T07:00,7,0,54
29,random,initial,216,6458,2011-10-01T15:00,15,0,195
29,random,initial,217,4846,2011-07-25T19:00,19,1,386
29,random,initial,218,5459,2011-08-20T08:00,8,0,133
29,random,initial,219,11248,2012-04-18T20:00,20,1,260
29,random,initial,220,1762,2011-03-19T02:00,2,0,25
29,random,initial,221,3236,2011-05-19T17:00,17,1,547
29,random,initial,222,6137,2011-09-18T06:00,6,0,12
29,random,initial,223,7865,2011-11-29T08:00,8,1,449
29,random,initial,224,3245,2011-05-20T02:00,2,1,8
29,random,initial,225,4304,2011-07-03T05:00,5,0,1
29,random,initial,226,7905,2011-12-01T00:00,0,1,20
29,random,initial,227,10650,2012-03-24T20:00,20,0,111
29,random,initial,228,3672,2011-06-06T21:00,21,1,189
29,random,initial,229,3344,2011-05-24T05:00,5,1,24
29,random,initial,230,4788,2011-07-23T09:00,9,0,132
29,random,initial,231,12446,2012-06-07T18:00,18,1,813
29,random,initial,232,1676,2011-03-15T10:00,10,1,78
29,random,initial,233,11318,2012-04-21T18:00,18,0,416
29,random,initial,234,3624,2011-06-04T21:00,21,0,185
29,random,initial,235,3870,2011-06-15T03:00,3,1,1
29,random,initial,236,1473,2011-03-06T16:00,16,0,11
29,random,initial,237,6658,2011-10-09T23:00,23,0,123
29,random,initial,238,11887,2012-05-15T11:00,11,1,224
29,random,initial,239,3348,2011-05-24T09:00,9,1,138
29,random,initial,240,1930,2011-03-26T04:00,4,0,6
29,random,selected,1,11902,2012-05-16T02:00,2,1,19
29,random,selected,2,12020,2012-05-21T00:00,0,1,40
29,random,selected,3,2344,2011-04-12T13:00,13,1,106
29,random,selected,4,3743,2011-06-09T20:00,20,1,254
29,random,selected,5,1968,2011-03-27T19:00,19,0,103
29,random,selected,6,11597,2012-05-03T09:00,9,1,304
29,random,selected,7,9787,2012-02-17T17:00,17,1,465
29,random,selected,8,12196,2012-05-28T08:00,8,0,155
29,random,selected,9,11930,2012-05-17T06:00,6,1,159
29,random,selected,10,10667,2012-03-25T13:00,13,0,367
29,random,selected,11,12096,2012-05-24T04:00,4,1,5
29,random,selected,12,11149,2012-04-14T17:00,17,0,560
29,random,selected,13,3895,2011-06-16T04:00,4,1,6
29,random,selected,14,10656,2012-03-25T02:00,2,0,35
29,random,selected,15,12970,2012-06-29T14:00,14,1,233
29,random,selected,16,2299,2011-04-10T15:00,15,0,297
29,random,selected,17,11559,2012-05-01T19:00,19,1,487
29,random,selected,18,8699,2012-01-03T06:00,6,1,85
29,random,selected,19,12359,2012-06-04T03:00,3,1,5
29,random,selected,20,5724,2011-08-31T22:00,22,1,157
29,random,selected,21,1393,2011-03-03T07:00,7,1,111
29,random,selected,22,116,2011-01-06T00:00,0,1,11
29,random,selected,23,11811,2012-05-12T07:00,7,0,67
29,random,selected,24,7482,2011-11-13T08:00,8,0,79
29,random,selected,25,2213,2011-04-07T01:00,1,1,13
29,random,selected,26,12875,2012-06-25T15:00,15,1,233
29,random,selected,27,4354,2011-07-05T07:00,7,1,270
29,random,selected,28,6491,2011-10-03T00:00,0,1,16
29,random,selected,29,3768,2011-06-10T21:00,21,1,218
29,random,selected,30,10604,2012-03-22T22:00,22,1,220
29,random,selected,31,3097,2011-05-13T22:00,22,1,132
29,random,selected,32,9439,2012-02-03T04:00,4,1,2
29,random,selected,33,1388,2011-03-03T02:00,2,1,3
29,random,selected,34,1008,2011-02-14T15:00,15,1,90
29,random,selected,35,5696,2011-08-30T18:00,18,1,576
29,random,selected,36,12190,2012-05-28T02:00,2,0,48
29,random,selected,37,8300,2011-12-17T11:00,11,0,209
29,random,selected,38,6882,2011-10-19T08:00,8,1,210
29,random,selected,39,4384,2011-07-06T13:00,13,1,140
29,random,selected,40,10090,2012-03-01T11:00,11,1,168
29,random,selected,41,10223,2012-03-07T00:00,0,1,15
29,random,selected,42,11993,2012-05-19T21:00,21,0,259
29,random,selected,43,5972,2011-09-11T08:00,8,0,94
29,random,selected,44,58,2011-01-03T12:00,12,1,61
29,random,selected,45,7569,2011-11-16T23:00,23,1,31
29,random,selected,46,8892,2012-01-11T08:00,8,1,499
29,random,selected,47,1190,2011-02-22T14:00,14,1,58
29,random,selected,48,8949,2012-01-13T17:00,17,1,332
29,random,selected,49,6952,2011-10-22T06:00,6,0,18
29,random,selected,50,11737,2012-05-09T05:00,5,1,28
29,random,selected,51,6741,2011-10-13T10:00,10,1,69
29,random,selected,52,9251,2012-01-26T08:00,8,1,530
29,random,selected,53,9267,2012-01-27T00:00,0,1,38
29,random,selected,54,10504,2012-03-18T18:00,18,0,459
29,random,selected,55,4780,2011-07-23T01:00,1,0,70
29,random,selected,56,3671,2011-06-06T20:00,20,1,336
29,random,selected,57,3712,2011-06-08T13:00,13,1,136
29,random,selected,58,9351,2012-01-30T12:00,12,1,134
29,random,selected,59,2643,2011-04-25T00:00,0,1,12
29,random,selected,60,756,2011-02-03T21:00,21,1,54
29,random,selected,61,8817,2012-01-08T04:00,4,0,6
29,random,selected,62,10999,2012-04-08T10:00,10,0,299
29,random,selected,63,8267,2011-12-16T02:00,2,1,23
29,random,selected,64,12310,2012-06-02T02:00,2,0,41
29,random,selected,65,950,2011-02-12T04:00,4,0,4
29,random,selected,66,7593,2011-11-17T23:00,23,1,58
29,random,selected,67,12591,2012-06-13T19:00,19,1,671
29,random,selected,68,8624,2011-12-31T02:00,2,0,28
29,random,selected,69,7592,2011-11-17T22:00,22,1,84
29,random,selected,70,1057,2011-02-16T18:00,18,1,222
29,random,selected,71,7456,2011-11-12T06:00,6,0,7
29,random,selected,72,5901,2011-09-08T09:00,9,1,69
29,random,selected,73,2513,2011-04-19T14:00,14,1,107
29,random,selected,74,7907,2011-12-01T02:00,2,1,9
29,random,selected,75,5332,2011-08-15T01:00,1,1,10
29,random,selected,76,1020,2011-02-15T04:00,4,1,1
29,random,selected,77,4674,2011-07-18T15:00,15,1,164
29,random,selected,78,2442,2011-04-16T15:00,15,0,78
29,random,selected,79,8121,2011-12-10T00:00,0,0,77
29,random,selected,80,11755,2012-05-09T23:00,23,1,55
29,random,selected,81,11684,2012-05-07T00:00,0,1,34
29,random,selected,82,6125,2011-09-17T18:00,18,0,329
29,random,selected,83,2476,2011-04-18T01:00,1,1,19
29,random,selected,84,8620,2011-12-30T22:00,22,1,85
29,random,selected,85,10833,2012-04-01T11:00,11,0,451
29,random,selected,86,3853,2011-06-14T10:00,10,1,130
29,random,selected,87,8313,2011-12-18T00:00,0,0,71
29,random,selected,88,4174,2011-06-27T19:00,19,1,396
29,random,selected,89,2379,2011-04-14T00:00,0,1,21
29,random,selected,90,10332,2012-03-11T14:00,14,0,501
29,random,selected,91,5581,2011-08-25T10:00,10,1,142
29,random,selected,92,853,2011-02-07T23:00,23,1,25
29,random,selected,93,8234,2011-12-14T17:00,17,1,396
29,random,selected,94,7728,2011-11-23T14:00,14,1,213
29,random,selected,95,2357,2011-04-13T02:00,2,1,2
29,random,selected,96,1225,2011-02-24T02:00,2,1,4
29,random,selected,97,10166,2012-03-04T15:00,15,0,334
29,random,selected,98,8907,2012-01-11T23:00,23,1,9
29,random,selected,99,9783,2012-02-17T13:00,13,1,205
29,random,selected,100,6163,2011-09-19T08:00,8,1,420
29,random,selected,101,8632,2011-12-31T10:00,10,0,128
29,random,selected,102,9591,2012-02-09T13:00,13,1,154
29,random,selected,103,6221,2011-09-21T18:00,18,1,408
29,random,selected,104,12914,2012-06-27T06:00,6,1,200
29,random,selected,105,2079,2011-04-01T11:00,11,1,89
29,random,selected,106,2573,2011-04-22T02:00,2,1,9
29,random,selected,107,1592,2011-03-11T19:00,19,1,118
29,random,selected,108,7286,2011-11-05T04:00,4,0,8
29,random,selected,109,9725,2012-02-15T03:00,3,1,3
29,random,selected,110,10471,2012-03-17T09:00,9,0,321
29,random,selected,111,1753,2011-03-18T17:00,17,1,332
29,random,selected,112,2892,2011-05-05T09:00,9,1,184
29,random,selected,113,11442,2012-04-26T22:00,22,1,183
29,random,selected,114,4156,2011-06-27T01:00,1,1,15
29,random,selected,115,11780,2012-05-11T00:00,0,1,64
29,random,selected,116,8354,2011-12-19T17:00,17,1,378
29,random,selected,117,5029,2011-08-02T10:00,10,1,140
29,random,selected,118,5382,2011-08-17T03:00,3,1,5
29,random,selected,119,2970,2011-05-08T15:00,15,0,358
29,random,selected,120,10716,2012-03-27T14:00,14,1,184
29,coverage,initial,1,11169,2012-04-15T13:00,13,0,681
29,coverage,initial,2,6614,2011-10-08T03:00,3,0,20
29,coverage,initial,3,12156,2012-05-26T16:00,16,0,504
29,coverage,initial,4,9450,2012-02-03T15:00,15,1,216
29,coverage,initial,5,1974,2011-03-28T01:00,1,1,6
29,coverage,initial,6,3377,2011-05-25T14:00,14,1,168
29,coverage,initial,7,9008,2012-01-16T04:00,4,0,8
29,coverage,initial,8,5876,2011-09-07T07:00,7,1,86
29,coverage,initial,9,6368,2011-09-27T21:00,21,1,196
29,coverage,initial,10,8323,2011-12-18T10:00,10,0,129
29,coverage,initial,11,5949,2011-09-10T09:00,9,0,207
29,coverage,initial,12,1034,2011-02-15T18:00,18,1,212
29,coverage,initial,13,12329,2012-06-02T21:00,21,0,316
29,coverage,initial,14,7357,2011-11-08T03:00,3,1,3
29,coverage,initial,15,3627,2011-06-05T00:00,0,0,113
29,coverage,initial,16,966,2011-02-12T20:00,20,0,40
29,coverage,initial,17,3628,2011-06-05T01:00,1,0,96
29,coverage,initial,18,4454,2011-07-09T11:00,11,0,290
29,coverage,initial,19,3328,2011-05-23T13:00,13,1,204
29,coverage,initial,20,42,2011-01-02T18:00,18,0,53
29,coverage,initial,21,788,2011-02-05T06:00,6,0,4
29,coverage,initial,22,3536,2011-06-01T05:00,5,1,21
29,coverage,initial,23,5025,2011-08-02T06:00,6,1,117
29,coverage,initial,24,1840,2011-03-22T09:00,9,1,178
29,coverage,initial,25,12819,2012-06-23T07:00,7,0,78
29,coverage,initial,26,10450,2012-03-16T12:00,12,1,294
29,coverage,initial,27,372,2011-01-16T23:00,23,0,18
29,coverage,initial,28,7119,2011-10-29T05:00,5,0,1
29,coverage,initial,29,6499,2011-10-03T08:00,8,1,372
29,coverage,initial,30,11843,2012-05-13T15:00,15,0,499
29,coverage,initial,31,4949,2011-07-30T02:00,2,0,42
29,coverage,initial,32,10437,2012-03-15T23:00,23,1,97
29,coverage,initial,33,88,2011-01-04T19:00,19,1,112
29,coverage,initial,34,2775,2011-04-30T12:00,12,0,416
29,coverage,initial,35,12316,2012-06-02T08:00,8,0,210
29,coverage,initial,36,1453,2011-03-05T19:00,19,0,89
29,coverage,initial,37,4877,2011-07-27T02:00,2,1,6
29,coverage,initial,38,10455,2012-03-16T17:00,17,1,258
29,coverage,initial,39,3662,2011-06-06T11:00,11,1,111
29,coverage,initial,40,11322,2012-04-21T22:00,22,0,110
29,coverage,initial,41,1611,2011-03-12T14:00,14,0,166
29,coverage,initial,42,8353,2011-12-19T16:00,16,1,208
29,coverage,initial,43,5389,2011-08-17T10:00,10,1,118
29,coverage,initial,44,9021,2012-01-16T17:00,17,0,193
29,coverage,initial,45,3023,2011-05-10T20:00,20,1,291
29,coverage,initial,46,3535,2011-06-01T04:00,4,1,4
29,coverage,initial,47,3339,2011-05-24T00:00,0,1,35
29,coverage,initial,48,5017,2011-08-01T22:00,22,1,137
29,coverage,initial,49,11427,2012-04-26T07:00,7,1,225
29,coverage,initial,50,633,2011-01-29T15:00,15,0,120
29,coverage,initial,51,9893,2012-02-22T05:00,5,1,30
29,coverage,initial,52,4071,2011-06-23T12:00,12,1,160
29,coverage,initial,53,10101,2012-03-01T22:00,22,1,126
29,coverage,initial,54,7829,2011-11-27T19:00,19,0,139
29,coverage,initial,55,6646,2011-10-09T11:00,11,0,423
29,coverage,initial,56,11613,2012-05-04T01:00,1,1,48
29,coverage,initial,57,1931,2011-03-26T05:00,5,0,8
29,coverage,initial,58,12254,2012-05-30T18:00,18,1,796
29,coverage,initial,59,822,2011-02-06T16:00,16,0,157
29,coverage,initial,60,6545,2011-10-05T06:00,6,1,117
29,coverage,initial,61,383,2011-01-17T10:00,10,0,57
29,coverage,initial,62,5512,2011-08-22T13:00,13,1,205
29,coverage,initial,63,7323,2011-11-06T17:00,17,0,256
29,coverage,initial,64,9044,2012-01-17T17:00,17,1,462
29,coverage,initial,65,2498,2011-04-18T23:00,23,1,46
29,coverage,initial,66,6553,2011-10-05T14:00,14,1,190
29,coverage,initial,67,10442,2012-03-16T04:00,4,1,3
29,coverage,initial,68,5112,2011-08-05T21:00,21,1,173
29,coverage,initial,69,9865,2012-02-21T00:00,0,1,12
29,coverage,initial,70,11505,2012-04-29T13:00,13,0,595
29,coverage,initial,71,4694,2011-07-19T11:00,11,1,127
29,coverage,initial,72,2264,2011-04-09T04:00,4,0,3
29,coverage,initial,73,8167,2011-12-11T22:00,22,0,43
29,coverage,initial,74,5303,2011-08-13T20:00,20,0,183
29,coverage,initial,75,12650,2012-06-16T06:00,6,0,47
29,coverage,initial,76,8708,2012-01-03T15:00,15,1,77
29,coverage,initial,77,7116,2011-10-29T02:00,2,0,17
29,coverage,initial,78,5365,2011-08-16T10:00,10,1,111
29,coverage,initial,79,10845,2012-04-01T23:00,23,0,63
29,coverage,initial,80,2005,2011-03-29T09:00,9,1,172
29,coverage,initial,81,11840,2012-05-13T12:00,12,0,531
29,coverage,initial,82,10836,2012-04-01T14:00,14,0,561
29,coverage,initial,83,3947,2011-06-18T08:00,8,0,131
29,coverage,initial,84,2976,2011-05-08T21:00,21,0,127
29,coverage,initial,85,193,2011-01-09T07:00,7,0,6
29,coverage,initial,86,8505,2011-12-26T01:00,1,0,10
29,coverage,initial,87,3771,2011-06-11T00:00,0,0,117
29,coverage,initial,88,9955,2012-02-24T19:00,19,1,233
29,coverage,initial,89,4662,2011-07-18T03:00,3,1,7
29,coverage,initial,90,6110,2011-09-17T03:00,3,0,28
29,coverage,initial,91,11916,2012-05-16T16:00,16,1,446
29,coverage,initial,92,9920,2012-02-23T08:00,8,1,560
29,coverage,initial,93,5918,2011-09-09T02:00,2,1,8
29,coverage,initial,94,8998,2012-01-15T18:00,18,0,120
29,coverage,initial,95,10160,2012-03-04T09:00,9,0,118
29,coverage,initial,96,5063,2011-08-03T20:00,20,1,87
29,coverage,initial,97,957,2011-02-12T11:00,11,0,114
29,coverage,initial,98,8485,2011-12-25T05:00,5,0,1
29,coverage,initial,99,3942,2011-06-18T03:00,3,0,20
29,coverage,initial,100,9721,2012-02-14T23:00,23,1,57
29,coverage,initial,101,12052,2012-05-22T08:00,8,1,590
29,coverage,initial,102,8209,2011-12-13T16:00,16,1,207
29,coverage,initial,103,3876,2011-06-15T09:00,9,1,207
29,coverage,initial,104,11422,2012-04-26T02:00,2,1,13
29,coverage,initial,105,7981,2011-12-04T04:00,4,0,11
29,coverage,initial,106,3976,2011-06-19T13:00,13,0,363
29,coverage,initial,107,799,2011-02-05T17:00,17,0,78
29,coverage,initial,108,10237,2012-03-07T14:00,14,1,175
29,coverage,initial,109,12401,2012-06-05T21:00,21,1,283
29,coverage,initial,110,1964,2011-03-27T15:00,15,0,172
29,coverage,initial,111,6445,2011-10-01T02:00,2,0,67
29,coverage,initial,112,1127,2011-02-19T16:00,16,0,120
29,coverage,initial,113,3815,2011-06-12T20:00,20,0,206
29,coverage,initial,114,3443,2011-05-28T08:00,8,0,102
29,coverage,initial,115,4978,2011-07-31T07:00,7,0,45
29,coverage,initial,116,601,2011-01-28T06:00,6,1,16
29,coverage,initial,117,11761,2012-05-10T05:00,5,1,24
29,coverage,initial,118,9170,2012-01-22T23:00,23,0,37
29,coverage,initial,119,1179,2011-02-21T21:00,21,0,34
29,coverage,initial,120,8819,2012-01-08T06:00,6,0,2
29,coverage,initial,121,6318,2011-09-25T19:00,19,0,329
29,coverage,initial,122,3292,2011-05-22T01:00,1,0,98
29,coverage,initial,123,7843,2011-11-28T10:00,10,1,107
29,coverage,initial,124,493,2011-01-22T14:00,14,0,75
29,coverage,initial,125,10989,2012-04-08T00:00,0,0,85
29,coverage,initial,126,6095,2011-09-16T12:00,12,1,251
29,coverage,initial,127,12344,2012-06-03T12:00,12,0,684
29,coverage,initial,128,8018,2011-12-05T17:00,17,1,446
29,coverage,initial,129,6812,2011-10-16T09:00,9,0,190
29,coverage,initial,130,7253,2011-11-03T19:00,19,1,252
29,coverage,initial,131,12747,2012-06-20T07:00,7,1,464
29,coverage,initial,132,5503,2011-08-22T04:00,4,1,12
29,coverage,initial,133,7304,2011-11-05T22:00,22,0,82
29,coverage,initial,134,3957,2011-06-18T18:00,18,0,381
29,coverage,initial,135,3133,2011-05-15T10:00,10,0,226
29,coverage,initial,136,12081,2012-05-23T13:00,13,1,270
29,coverage,initial,137,9121,2012-01-20T22:00,22,1,72
29,coverage,initial,138,10415,2012-03-15T01:00,1,1,23
29,coverage,initial,139,12878,2012-06-25T18:00,18,1,791
29,coverage,initial,140,6933,2011-10-21T11:00,11,1,174
29,coverage,initial,141,6350,2011-09-27T03:00,3,1,10
29,coverage,initial,142,9191,2012-01-23T20:00,20,1,169
29,coverage,initial,143,8208,2011-12-13T15:00,15,1,151
29,coverage,initial,144,10366,2012-03-13T00:00,0,1,26
29,coverage,initial,145,9985,2012-02-26T01:00,1,0,55
29,coverage,initial,146,6324,2011-09-26T01:00,1,1,17
29,coverage,initial,147,5442,2011-08-19T15:00,15,1,222
29,coverage,initial,148,5808,2011-09-04T10:00,10,0,297
29,coverage,initial,149,12341,2012-06-03T09:00,9,0,300
29,coverage,initial,150,1372,2011-03-02T10:00,10,1,76
29,coverage,initial,151,4819,2011-07-24T16:00,16,0,249
29,coverage,initial,152,6054,2011-09-14T19:00,19,1,381
29,coverage,initial,153,11551,2012-05-01T11:00,11,1,229
29,coverage,initial,154,7635,2011-11-19T17:00,17,0,232
29,coverage,initial,155,7203,2011-11-01T17:00,17,1,506
29,coverage,initial,156,206,2011-01-09T20:00,20,0,38
29,coverage,initial,157,12561,2012-06-12T13:00,13,1,59
29,coverage,initial,158,8952,2012-01-13T20:00,20,1,136
29,coverage,initial,159,11513,2012-04-29T21:00,21,0,204
29,coverage,initial,160,4376,2011-07-06T05:00,5,1,35
29,coverage,initial,161,6810,2011-10-16T07:00,7,0,48
29,coverage,initial,162,10317,2012-03-10T22:00,22,0,100
29,coverage,initial,163,4019,2011-06-21T08:00,8,1,401
29,coverage,initial,164,12936,2012-06-28T04:00,4,1,11
29,coverage,initial,165,10494,2012-03-18T08:00,8,0,96
29,coverage,initial,166,3396,2011-05-26T09:00,9,1,216
29,coverage,initial,167,12398,2012-06-05T18:00,18,1,790
29,coverage,initial,168,12458,2012-06-08T06:00,6,1,139
29,coverage,initial,169,3813,2011-06-12T18:00,18,0,256
29,coverage,initial,170,9793,2012-02-17T23:00,23,1,82
29,coverage,initial,171,4920,2011-07-28T21:00,21,1,196
29,coverage,initial,172,5296,2011-08-13T13:00,13,0,153
29,coverage,initial,173,2263,2011-04-09T03:00,3,0,14
29,coverage,initial,174,9137,2012-01-21T14:00,14,0,95
29,coverage,initial,175,1909,2011-03-25T07:00,7,1,104
29,coverage,initial,176,6287,2011-09-24T12:00,12,0,407
29,coverage,initial,177,8886,2012-01-11T02:00,2,1,5
29,coverage,initial,178,7753,2011-11-24T15:00,15,0,149
29,coverage,initial,179,5107,2011-08-05T16:00,16,1,330
29,coverage,initial,180,4615,2011-07-16T04:00,4,0,16
29,coverage,initial,181,7237,2011-11-03T03:00,3,1,5
29,coverage,initial,182,5150,2011-08-07T11:00,11,0,269
29,coverage,initial,183,2226,2011-04-07T14:00,14,1,157
29,coverage,initial,184,4611,2011-07-16T00:00,0,0,110
29,coverage,initial,185,11834,2012-05-13T06:00,6,0,21
29,coverage,initial,186,3735,2011-06-09T12:00,12,1,140
29,coverage,initial,187,3464,2011-05-29T05:00,5,0,6
29,coverage,initial,188,665,2011-01-31T00:00,0,1,7
29,coverage,initial,189,8431,2011-12-22T22:00,22,1,17
29,coverage,initial,190,1599,2011-03-12T02:00,2,0,14
29,coverage,initial,191,4994,2011-07-31T23:00,23,0,70
29,coverage,initial,192,6822,2011-10-16T19:00,19,0,233
29,coverage,initial,193,11745,2012-05-09T13:00,13,1,266
29,coverage,initial,194,5977,2011-09-11T13:00,13,0,350
29,coverage,initial,195,2109,2011-04-02T17:00,17,0,184
29,coverage,initial,196,7043,2011-10-26T01:00,1,1,12
29,coverage,initial,197,8814,2012-01-08T01:00,1,0,72
29,coverage,initial,198,6817,2011-10-16T14:00,14,0,462
29,coverage,initial,199,4762,2011-07-22T07:00,7,1,252
29,coverage,initial,200,758,2011-02-03T23:00,23,1,38
29,coverage,initial,201,8484,2011-12-25T03:00,3,0,4
29,coverage,initial,202,2825,2011-05-02T14:00,14,1,181
29,coverage,initial,203,828,2011-02-06T22:00,22,0,62
29,coverage,initial,204,9546,2012-02-07T16:00,16,1,276
29,coverage,initial,205,5031,2011-08-02T12:00,12,1,157
29,coverage,initial,206,12176,2012-05-27T12:00,12,0,570
29,coverage,initial,207,652,2011-01-30T11:00,11,0,59
29,coverage,initial,208,2422,2011-04-15T19:00,19,0,209
29,coverage,initial,209,5191,2011-08-09T04:00,4,1,7
29,coverage,initial,210,6621,2011-10-08T10:00,10,0,337
29,coverage,initial,211,7935,2011-12-02T06:00,6,1,87
29,coverage,initial,212,9004,2012-01-16T00:00,0,0,25
29,coverage,initial,213,6057,2011-09-14T22:00,22,1,160
29,coverage,initial,214,5010,2011-08-01T15:00,15,1,129
29,coverage,initial,215,12147,2012-05-26T07:00,7,0,54
29,coverage,initial,216,6458,2011-10-01T15:00,15,0,195
29,coverage,initial,217,4846,2011-07-25T19:00,19,1,386
29,coverage,initial,218,5459,2011-08-20T08:00,8,0,133
29,coverage,initial,219,11248,2012-04-18T20:00,20,1,260
29,coverage,initial,220,1762,2011-03-19T02:00,2,0,25
29,coverage,initial,221,3236,2011-05-19T17:00,17,1,547
29,coverage,initial,222,6137,2011-09-18T06:00,6,0,12
29,coverage,initial,223,7865,2011-11-29T08:00,8,1,449
29,coverage,initial,224,3245,2011-05-20T02:00,2,1,8
29,coverage,initial,225,4304,2011-07-03T05:00,5,0,1
29,coverage,initial,226,7905,2011-12-01T00:00,0,1,20
29,coverage,initial,227,10650,2012-03-24T20:00,20,0,111
29,coverage,initial,228,3672,2011-06-06T21:00,21,1,189
29,coverage,initial,229,3344,2011-05-24T05:00,5,1,24
29,coverage,initial,230,4788,2011-07-23T09:00,9,0,132
29,coverage,initial,231,12446,2012-06-07T18:00,18,1,813
29,coverage,initial,232,1676,2011-03-15T10:00,10,1,78
29,coverage,initial,233,11318,2012-04-21T18:00,18,0,416
29,coverage,initial,234,3624,2011-06-04T21:00,21,0,185
29,coverage,initial,235,3870,2011-06-15T03:00,3,1,1
29,coverage,initial,236,1473,2011-03-06T16:00,16,0,11
29,coverage,initial,237,6658,2011-10-09T23:00,23,0,123
29,coverage,initial,238,11887,2012-05-15T11:00,11,1,224
29,coverage,initial,239,3348,2011-05-24T09:00,9,1,138
29,coverage,initial,240,1930,2011-03-26T04:00,4,0,6
29,coverage,selected,1,3445,2011-05-28T10:00,10,0,276
29,coverage,selected,2,7785,2011-11-25T23:00,23,1,33
29,coverage,selected,3,1066,2011-02-17T03:00,3,1,4
29,coverage,selected,4,5774,2011-09-03T00:00,0,0,87
29,coverage,selected,5,667,2011-01-31T02:00,2,1,1
29,coverage,selected,6,1537,2011-03-09T09:00,9,1,141
29,coverage,selected,7,5286,2011-08-13T03:00,3,0,27
29,coverage,selected,8,4485,2011-07-10T18:00,18,0,363
29,coverage,selected,9,7798,2011-11-26T12:00,12,0,309
29,coverage,selected,10,12374,2012-06-04T18:00,18,1,822
29,coverage,selected,11,8749,2012-01-05T08:00,8,1,388
29,coverage,selected,12,8698,2012-01-03T05:00,5,1,12
29,coverage,selected,13,7226,2011-11-02T16:00,16,1,266
29,coverage,selected,14,14,2011-01-01T13:00,13,0,94
29,coverage,selected,15,4848,2011-07-25T21:00,21,1,194
29,coverage,selected,16,9726,2012-02-15T04:00,4,1,1
29,coverage,selected,17,5961,2011-09-10T21:00,21,0,230
29,coverage,selected,18,9491,2012-02-05T08:00,8,0,62
29,coverage,selected,19,1476,2011-03-06T19:00,19,0,11
29,coverage,selected,20,11837,2012-05-13T09:00,9,0,222
29,coverage,selected,21,8315,2011-12-18T02:00,2,0,41
29,coverage,selected,22,658,2011-01-30T17:00,17,0,77
29,coverage,selected,23,7749,2011-11-24T11:00,11,0,142
29,coverage,selected,24,4900,2011-07-28T01:00,1,1,29
29,coverage,selected,25,10167,2012-03-04T16:00,16,0,299
29,coverage,selected,26,8303,2011-12-17T14:00,14,0,237
29,coverage,selected,27,256,2011-01-12T00:00,0,1,7
29,coverage,selected,28,1749,2011-03-18T13:00,13,1,175
29,coverage,selected,29,12378,2012-06-04T22:00,22,1,168
29,coverage,selected,30,7345,2011-11-07T15:00,15,1,170
29,coverage,selected,31,11323,2012-04-21T23:00,23,0,91
29,coverage,selected,32,4122,2011-06-25T15:00,15,0,392
29,coverage,selected,33,6582,2011-10-06T19:00,19,1,343
29,coverage,selected,34,10564,2012-03-21T06:00,6,1,149
29,coverage,selected,35,934,2011-02-11T12:00,12,1,71
29,coverage,selected,36,12985,2012-06-30T05:00,5,0,10
29,coverage,selected,37,11667,2012-05-06T07:00,7,0,36
29,coverage,selected,38,3609,2011-06-04T06:00,6,0,28
29,coverage,selected,39,10234,2012-03-07T11:00,11,1,161
29,coverage,selected,40,3191,2011-05-17T20:00,20,1,283
29,coverage,selected,41,5965,2011-09-11T01:00,1,0,88
29,coverage,selected,42,9151,2012-01-22T04:00,4,0,2
29,coverage,selected,43,2989,2011-05-09T10:00,10,1,119
29,coverage,selected,44,8335,2011-12-18T22:00,22,0,49
29,coverage,selected,45,6127,2011-09-17T20:00,20,0,176
29,coverage,selected,46,6748,2011-10-13T17:00,17,1,479
29,coverage,selected,47,5273,2011-08-12T14:00,14,1,186
29,coverage,selected,48,11763,2012-05-10T07:00,7,1,401
29,coverage,selected,49,433,2011-01-20T01:00,1,1,5
29,coverage,selected,50,10320,2012-03-11T01:00,1,0,61
29,coverage,selected,51,10326,2012-03-11T08:00,8,0,72
29,coverage,selected,52,3281,2011-05-21T14:00,14,0,456
29,coverage,selected,53,6781,2011-10-15T02:00,2,0,56
29,coverage,selected,54,5729,2011-09-01T03:00,3,1,14
29,coverage,selected,55,8075,2011-12-08T02:00,2,1,4
29,coverage,selected,56,605,2011-01-28T10:00,10,1,49
29,coverage,selected,57,9673,2012-02-12T23:00,23,0,23
29,coverage,selected,58,4281,2011-07-02T06:00,6,0,32
29,coverage,selected,59,9002,2012-01-15T22:00,22,0,60
29,coverage,selected,60,6266,2011-09-23T15:00,15,1,61
29,coverage,selected,61,7943,2011-12-02T14:00,14,1,170
29,coverage,selected,62,5464,2011-08-20T13:00,13,0,378
29,coverage,selected,63,8809,2012-01-07T20:00,20,0,170
29,coverage,selected,64,11952,2012-05-18T04:00,4,1,11
29,coverage,selected,65,1593,2011-03-11T20:00,20,1,76
29,coverage,selected,66,913,2011-02-10T13:00,13,1,62
29,coverage,selected,67,2563,2011-04-21T16:00,16,1,294
29,coverage,selected,68,9851,2012-02-20T10:00,10,0,143
29,coverage,selected,69,7414,2011-11-10T12:00,12,1,167
29,coverage,selected,70,1521,2011-03-08T17:00,17,1,248
29,coverage,selected,71,11822,2012-05-12T18:00,18,0,546
29,coverage,selected,72,12500,2012-06-10T00:00,0,0,158
29,coverage,selected,73,511,2011-01-23T09:00,9,0,28
29,coverage,selected,74,3786,2011-06-11T15:00,15,0,374
29,coverage,selected,75,2289,2011-04-10T05:00,5,0,4
29,coverage,selected,76,11971,2012-05-18T23:00,23,1,174
29,coverage,selected,77,11184,2012-04-16T04:00,4,0,6
29,coverage,selected,78,205,2011-01-09T19:00,19,0,41
29,coverage,selected,79,5412,2011-08-18T09:00,9,1,228
29,coverage,selected,80,4335,2011-07-04T12:00,12,0,447
29,coverage,selected,81,4478,2011-07-10T11:00,11,0,287
29,coverage,selected,82,8891,2012-01-11T07:00,7,1,256
29,coverage,selected,83,3452,2011-05-28T17:00,17,0,341
29,coverage,selected,84,11148,2012-04-14T16:00,16,0,582
29,coverage,selected,85,9963,2012-02-25T03:00,3,0,7
29,coverage,selected,86,3897,2011-06-16T06:00,6,1,112
29,coverage,selected,87,10880,2012-04-03T11:00,11,1,258
29,coverage,selected,88,9770,2012-02-17T00:00,0,1,34
29,coverage,selected,89,4128,2011-06-25T21:00,21,0,202
29,coverage,selected,90,5552,2011-08-24T05:00,5,1,27
29,coverage,selected,91,5314,2011-08-14T07:00,7,0,24
29,coverage,selected,92,1754,2011-03-18T18:00,18,1,331
29,coverage,selected,93,7589,2011-11-17T19:00,19,1,217
29,coverage,selected,94,7279,2011-11-04T21:00,21,1,123
29,coverage,selected,95,3923,2011-06-17T08:00,8,1,454
29,coverage,selected,96,12738,2012-06-19T22:00,22,1,291
29,coverage,selected,97,4524,2011-07-12T09:00,9,1,176
29,coverage,selected,98,668,2011-01-31T03:00,3,1,2
29,coverage,selected,99,5446,2011-08-19T19:00,19,1,165
29,coverage,selected,100,12678,2012-06-17T10:00,10,0,436
29,coverage,selected,101,11339,2012-04-22T15:00,15,0,38
29,coverage,selected,102,12833,2012-06-23T21:00,21,0,322
29,coverage,selected,103,5907,2011-09-08T15:00,15,1,139
29,coverage,selected,104,1167,2011-02-21T09:00,9,0,57
29,coverage,selected,105,2675,2011-04-26T08:00,8,1,449
29,coverage,selected,106,10704,2012-03-27T02:00,2,1,7
29,coverage,selected,107,5290,2011-08-13T07:00,7,0,44
29,coverage,selected,108,8570,2011-12-28T20:00,20,1,79
29,coverage,selected,109,5785,2011-09-03T11:00,11,0,194
29,coverage,selected,110,4148,2011-06-26T17:00,17,0,421
29,coverage,selected,111,1701,2011-03-16T12:00,12,1,88
29,coverage,selected,112,6617,2011-10-08T06:00,6,0,22
29,coverage,selected,113,7215,2011-11-02T05:00,5,1,27
29,coverage,selected,114,8192,2011-12-12T23:00,23,1,45
29,coverage,selected,115,12814,2012-06-23T02:00,2,0,93
29,coverage,selected,116,6209,2011-09-21T06:00,6,1,117
29,coverage,selected,117,11124,2012-04-13T16:00,16,1,463
29,coverage,selected,118,12957,2012-06-29T01:00,1,1,42
29,coverage,selected,119,5471,2011-08-20T20:00,20,0,248
29,coverage,selected,120,2324,2011-04-11T17:00,17,1,452
47,random,initial,1,3513,2011-05-31T06:00,6,1,109
47,random,initial,2,7683,2011-11-21T17:00,17,1,210
47,random,initial,3,2512,2011-04-19T13:00,13,1,129
47,random,initial,4,4144,2011-06-26T13:00,13,0,442
47,random,initial,5,11394,2012-04-24T22:00,22,1,157
47,random,initial,6,9907,2012-02-22T19:00,19,1,327
47,random,initial,7,5680,2011-08-30T02:00,2,1,10
47,random,initial,8,7353,2011-11-07T23:00,23,1,48
47,random,initial,9,10515,2012-03-19T05:00,5,1,31
47,random,initial,10,10506,2012-03-18T20:00,20,0,198
47,random,initial,11,3532,2011-06-01T01:00,1,1,17
47,random,initial,12,12841,2012-06-24T05:00,5,0,8
47,random,initial,13,4315,2011-07-03T16:00,16,0,414
47,random,initial,14,10711,2012-03-27T09:00,9,1,267
47,random,initial,15,344,2011-01-15T19:00,19,0,74
47,random,initial,16,10186,2012-03-05T11:00,11,1,103
47,random,initial,17,2610,2011-04-23T15:00,15,0,397
47,random,initial,18,1886,2011-03-24T08:00,8,1,124
47,random,initial,19,3377,2011-05-25T14:00,14,1,168
47,random,initial,20,5965,2011-09-11T01:00,1,0,88
47,random,initial,21,10082,2012-03-01T03:00,3,1,3
47,random,initial,22,8484,2011-12-25T03:00,3,0,4
47,random,initial,23,7833,2011-11-27T23:00,23,0,32
47,random,initial,24,5300,2011-08-13T17:00,17,0,269
47,random,initial,25,10394,2012-03-14T04:00,4,1,5
47,random,initial,26,12372,2012-06-04T16:00,16,1,448
47,random,initial,27,5294,2011-08-13T11:00,11,0,314
47,random,initial,28,2925,2011-05-06T18:00,18,1,470
47,random,initial,29,1597,2011-03-12T00:00,0,0,34
47,random,initial,30,9473,2012-02-04T14:00,14,0,276
47,random,initial,31,8772,2012-01-06T07:00,7,1,205
47,random,initial,32,3444,2011-05-28T09:00,9,0,177
47,random,initial,33,12833,2012-06-23T21:00,21,0,322
47,random,initial,34,2799,2011-05-01T12:00,12,0,281
47,random,initial,35,1791,2011-03-20T07:00,7,0,14
47,random,initial,36,11891,2012-05-15T15:00,15,1,256
47,random,initial,37,8299,2011-12-17T10:00,10,0,181
47,random,initial,38,12776,2012-06-21T12:00,12,1,215
47,random,initial,39,10464,2012-03-17T02:00,2,0,42
47,random,initial,40,5137,2011-08-06T22:00,22,0,120
47,random,initial,41,6827,2011-10-17T00:00,0,1,37
47,random,initial,42,4331,2011-07-04T08:00,8,0,86
47,random,initial,43,12977,2012-06-29T21:00,21,1,236
47,random,initial,44,9632,2012-02-11T06:00,6,0,9
47,random,initial,45,4837,2011-07-25T10:00,10,1,84
47,random,initial,46,8960,2012-01-14T04:00,4,0,3
47,random,initial,47,4149,2011-06-26T18:00,18,0,382
47,random,initial,48,12304,2012-06-01T20:00,20,1,39
47,random,initial,49,12648,2012-06-16T04:00,4,0,8
47,random,initial,50,2720,2011-04-28T05:00,5,1,13
47,random,initial,51,4075,2011-06-23T16:00,16,1,275
47,random,initial,52,8800,2012-01-07T11:00,11,0,324
47,random,initial,53,5816,2011-09-04T18:00,18,0,356
47,random,initial,54,869,2011-02-08T15:00,15,1,51
47,random,initial,55,9975,2012-02-25T15:00,15,0,232
47,random,initial,56,999,2011-02-14T06:00,6,1,26
47,random,initial,57,6888,2011-10-19T14:00,14,1,97
47,random,initial,58,849,2011-02-07T19:00,19,1,128
47,random,initial,59,4459,2011-07-09T16:00,16,0,416
47,random,initial,60,8150,2011-12-11T05:00,5,0,6
47,random,initial,61,5147,2011-08-07T08:00,8,0,89
47,random,initial,62,7703,2011-11-22T13:00,13,1,26
47,random,initial,63,3415,2011-05-27T04:00,4,1,7
47,random,initial,64,8159,2011-12-11T14:00,14,0,242
47,random,initial,65,2111,2011-04-02T19:00,19,0,148
47,random,initial,66,11829,2012-05-13T01:00,1,0,94
47,random,initial,67,5151,2011-08-07T12:00,12,0,370
47,random,initial,68,9479,2012-02-04T20:00,20,0,77
47,random,initial,69,697,2011-02-01T09:00,9,1,116
47,random,initial,70,7428,2011-11-11T02:00,2,0,11
47,random,initial,71,8792,2012-01-07T03:00,3,0,20
47,random,initial,72,3038,2011-05-11T11:00,11,1,141
47,random,initial,73,12845,2012-06-24T09:00,9,0,232
47,random,initial,74,9994,2012-02-26T10:00,10,0,188
47,random,initial,75,878,2011-02-09T00:00,0,1,17
47,random,initial,76,8887,2012-01-11T03:00,3,1,4
47,random,initial,77,10201,2012-03-06T02:00,2,1,4
47,random,initial,78,2297,2011-04-10T13:00,13,0,263
47,random,initial,79,9800,2012-02-18T06:00,6,0,9
47,random,initial,80,5365,2011-08-16T10:00,10,1,111
47,random,initial,81,11197,2012-04-16T17:00,17,0,712
47,random,initial,82,7901,2011-11-30T20:00,20,1,190
47,random,initial,83,5247,2011-08-11T12:00,12,1,214
47,random,initial,84,9490,2012-02-05T07:00,7,0,16
47,random,initial,85,10174,2012-03-04T23:00,23,0,26
47,random,initial,86,408,2011-01-18T23:00,23,1,20
47,random,initial,87,10293,2012-03-09T22:00,22,1,107
47,random,initial,88,240,2011-01-11T08:00,8,1,217
47,random,initial,89,1872,2011-03-23T18:00,18,1,238
47,random,initial,90,1535,2011-03-09T07:00,7,1,141
47,random,initial,91,12253,2012-05-30T17:00,17,1,839
47,random,initial,92,9481,2012-02-04T22:00,22,0,95
47,random,initial,93,3816,2011-06-12T21:00,21,0,140
47,random,initial,94,1266,2011-02-25T21:00,21,1,63
47,random,initial,95,7067,2011-10-27T01:00,1,1,11
47,random,initial,96,5798,2011-09-04T00:00,0,0,109
47,random,initial,97,7018,2011-10-25T00:00,0,1,30
47,random,initial,98,2889,2011-05-05T06:00,6,1,89
47,random,initial,99,8352,2011-12-19T15:00,15,1,159
47,random,initial,100,5959,2011-09-10T19:00,19,0,315
47,random,initial,101,6112,2011-09-17T05:00,5,0,5
47,random,initial,102,3031,2011-05-11T04:00,4,1,2
47,random,initial,103,6484,2011-10-02T17:00,17,0,167
47,random,initial,104,6459,2011-10-01T16:00,16,0,223
47,random,initial,105,37,2011-01-02T13:00,13,0,75
47,random,initial,106,12739,2012-06-19T23:00,23,1,125
47,random,initial,107,11534,2012-04-30T18:00,18,1,664
47,random,initial,108,10306,2012-03-10T11:00,11,0,274
47,random,initial,109,1064,2011-02-17T01:00,1,1,6
47,random,initial,110,12574,2012-06-13T02:00,2,1,4
47,random,initial,111,7660,2011-11-20T18:00,18,0,145
47,random,initial,112,5449,2011-08-19T22:00,22,1,122
47,random,initial,113,10428,2012-03-15T14:00,14,1,258
47,random,initial,114,9638,2012-02-11T12:00,12,0,221
47,random,initial,115,7817,2011-11-27T07:00,7,0,23
47,random,initial,116,6298,2011-09-24T23:00,23,0,150
47,random,initial,117,3035,2011-05-11T08:00,8,1,442
47,random,initial,118,5582,2011-08-25T11:00,11,1,151
47,random,initial,119,8748,2012-01-05T07:00,7,1,215
47,random,initial,120,8727,2012-01-04T10:00,10,1,64
47,random,initial,121,7759,2011-11-24T21:00,21,0,26
47,random,initial,122,10804,2012-03-31T06:00,6,0,23
47,random,initial,123,1467,2011-03-06T10:00,10,0,31
47,random,initial,124,11663,2012-05-06T03:00,3,0,28
47,random,initial,125,4215,2011-06-29T12:00,12,1,243
47,random,initial,126,8809,2012-01-07T20:00,20,0,170
47,random,initial,127,7999,2011-12-04T22:00,22,0,64
47,random,initial,128,7115,2011-10-29T01:00,1,0,18
47,random,initial,129,3271,2011-05-21T04:00,4,0,7
47,random,initial,130,86,2011-01-04T17:00,17,1,212
47,random,initial,131,12736,2012-06-19T20:00,20,1,458
47,random,initial,132,10290,2012-03-09T19:00,19,1,244
47,random,initial,133,4649,2011-07-17T14:00,14,0,430
47,random,initial,134,5443,2011-08-19T16:00,16,1,327
47,random,initial,135,8174,2011-12-12T05:00,5,1,21
47,random,initial,136,5813,2011-09-04T15:00,15,0,410
47,random,initial,137,7747,2011-11-24T09:00,9,0,81
47,random,initial,138,9317,2012-01-29T02:00,2,0,51
47,random,initial,139,12065,2012-05-22T21:00,21,1,261
47,random,initial,140,9877,2012-02-21T13:00,13,1,131
47,random,initial,141,10319,2012-03-11T00:00,0,0,69
47,random,initial,142,2100,2011-04-02T08:00,8,0,55
47,random,initial,143,263,2011-01-12T09:00,9,1,81
47,random,initial,144,668,2011-01-31T03:00,3,1,2
47,random,initial,145,7140,2011-10-30T02:00,2,0,50
47,random,initial,146,11930,2012-05-17T06:00,6,1,159
47,random,initial,147,5480,2011-08-21T05:00,5,0,8
47,random,initial,148,3032,2011-05-11T05:00,5,1,20
47,random,initial,149,1273,2011-02-26T04:00,4,0,2
47,random,initial,150,645,2011-01-30T03:00,3,0,8
47,random,initial,151,10203,2012-03-06T04:00,4,1,3
47,random,initial,152,334,2011-01-15T09:00,9,0,33
47,random,initial,153,7475,2011-11-13T01:00,1,0,71
47,random,initial,154,7055,2011-10-26T13:00,13,1,82
47,random,initial,155,5222,2011-08-10T11:00,11,1,149
47,random,initial,156,8470,2011-12-24T13:00,13,0,121
47,random,initial,157,12497,2012-06-09T21:00,21,0,316
47,random,initial,158,9452,2012-02-03T17:00,17,1,488
47,random,initial,159,9809,2012-02-18T15:00,15,0,499
47,random,initial,160,11318,2012-04-21T18:00,18,0,416
47,random,initial,161,159,2011-01-07T21:00,21,1,39
47,random,initial,162,2962,2011-05-08T07:00,7,0,23
47,random,initial,163,10748,2012-03-28T22:00,22,1,172
47,random,initial,164,1640,2011-03-13T20:00,20,0,77
47,random,initial,165,10609,2012-03-23T03:00,3,1,10
47,random,initial,166,5603,2011-08-26T08:00,8,1,404
47,random,initial,167,7282,2011-11-05T00:00,0,0,52
47,random,initial,168,5155,2011-08-07T16:00,16,0,193
47,random,initial,169,11012,2012-04-08T23:00,23,0,51
47,random,initial,170,2268,2011-04-09T08:00,8,0,54
47,random,initial,171,2793,2011-05-01T06:00,6,0,13
47,random,initial,172,208,2011-01-09T22:00,22,0,15
47,random,initial,173,3546,2011-06-01T15:00,15,1,152
47,random,initial,174,9977,2012-02-25T17:00,17,0,159
47,random,initial,175,3973,2011-06-19T10:00,10,0,244
47,random,initial,176,6622,2011-10-08T11:00,11,0,397
47,random,initial,177,2364,2011-04-13T09:00,9,1,65
47,random,initial,178,4822,2011-07-24T19:00,19,0,240
47,random,initial,179,8099,2011-12-09T02:00,2,1,12
47,random,initial,180,233,2011-01-10T23:00,23,1,18
47,random,initial,181,7268,2011-11-04T10:00,10,1,134
47,random,initial,182,6893,2011-10-19T19:00,19,1,197
47,random,initial,183,5447,2011-08-19T20:00,20,1,58
47,random,initial,184,7584,2011-11-17T14:00,14,1,110
47,random,initial,185,11460,2012-04-27T16:00,16,1,440
47,random,initial,186,1738,2011-03-18T01:00,1,1,16
47,random,initial,187,12627,2012-06-15T07:00,7,1,430
47,random,initial,188,11960,2012-05-18T12:00,12,1,360
47,random,initial,189,4509,2011-07-11T18:00,18,1,472
47,random,initial,190,8803,2012-01-07T14:00,14,0,512
47,random,initial,191,2967,2011-05-08T12:00,12,0,382
47,random,initial,192,9554,2012-02-08T00:00,0,1,23
47,random,initial,193,6368,2011-09-27T21:00,21,1,196
47,random,initial,194,10974,2012-04-07T09:00,9,0,276
47,random,initial,195,3884,2011-06-15T17:00,17,1,638
47,random,initial,196,3139,2011-05-15T16:00,16,0,440
47,random,initial,197,12379,2012-06-04T23:00,23,1,86
47,random,initial,198,8054,2011-12-07T05:00,5,1,3
47,random,initial,199,6278,2011-09-24T03:00,3,0,31
47,random,initial,200,12299,2012-06-01T15:00,15,1,258
47,random,initial,201,4492,2011-07-11T01:00,1,1,10
47,random,initial,202,1955,2011-03-27T06:00,6,0,2
47,random,initial,203,5230,2011-08-10T19:00,19,1,413
47,random,initial,204,9964,2012-02-25T04:00,4,0,2
47,random,initial,205,9672,2012-02-12T22:00,22,0,28
47,random,initial,206,12387,2012-06-05T07:00,7,1,569
47,random,initial,207,7294,2011-11-05T12:00,12,0,372
47,random,initial,208,7883,2011-11-30T02:00,2,1,5
47,random,initial,209,9517,2012-02-06T11:00,11,1,116
47,random,initial,210,11452,2012-04-27T08:00,8,1,592
47,random,initial,211,972,2011-02-13T02:00,2,0,20
47,random,initial,212,5808,2011-09-04T10:00,10,0,297
47,random,initial,213,5324,2011-08-14T17:00,17,0,329
47,random,initial,214,821,2011-02-06T15:00,15,0,182
47,random,initial,215,10450,2012-03-16T12:00,12,1,294
47,random,initial,216,10494,2012-03-18T08:00,8,0,96
47,random,initial,217,6563,2011-10-06T00:00,0,1,40
47,random,initial,218,7607,2011-11-18T13:00,13,1,177
47,random,initial,219,2373,2011-04-13T18:00,18,1,321
47,random,initial,220,3645,2011-06-05T18:00,18,0,363
47,random,initial,221,6236,2011-09-22T09:00,9,1,203
47,random,initial,222,547,2011-01-24T22:00,22,1,35
47,random,initial,223,6120,2011-09-17T13:00,13,0,349
47,random,initial,224,3215,2011-05-18T20:00,20,1,213
47,random,initial,225,1186,2011-02-22T10:00,10,1,44
47,random,initial,226,6457,2011-10-01T14:00,14,0,180
47,random,initial,227,9000,2012-01-15T20:00,20,0,95
47,random,initial,228,4567,2011-07-14T04:00,4,1,6
47,random,initial,229,5430,2011-08-19T03:00,3,1,3
47,random,initial,230,12847,2012-06-24T11:00,11,0,506
47,random,initial,231,2026,2011-03-30T06:00,6,1,48
47,random,initial,232,1130,2011-02-19T19:00,19,0,59
47,random,initial,233,4323,2011-07-04T00:00,0,0,140
47,random,initial,234,6322,2011-09-25T23:00,23,0,79
47,random,initial,235,1767,2011-03-19T07:00,7,0,13
47,random,initial,236,11051,2012-04-10T14:00,14,1,224
47,random,initial,237,12165,2012-05-27T01:00,1,0,78
47,random,initial,238,4152,2011-06-26T21:00,21,0,183
47,random,initial,239,7226,2011-11-02T16:00,16,1,266
47,random,initial,240,9965,2012-02-25T05:00,5,0,3
47,random,selected,1,33,2011-01-02T09:00,9,0,20
47,random,selected,2,7774,2011-11-25T12:00,12,1,272
47,random,selected,3,202,2011-01-09T16:00,16,0,92
47,random,selected,4,3197,2011-05-18T02:00,2,1,6
47,random,selected,5,9352,2012-01-30T13:00,13,1,132
47,random,selected,6,6663,2011-10-10T04:00,4,0,6
47,random,selected,7,1533,2011-03-09T05:00,5,1,8
47,random,selected,8,3829,2011-06-13T10:00,10,1,118
47,random,selected,9,2205,2011-04-06T17:00,17,1,356
47,random,selected,10,11827,2012-05-12T23:00,23,0,176
47,random,selected,11,10309,2012-03-10T14:00,14,0,379
47,random,selected,12,6336,2011-09-26T13:00,13,1,187
47,random,selected,13,3681,2011-06-07T06:00,6,1,126
47,random,selected,14,8194,2011-12-13T01:00,1,1,4
47,random,selected,15,10840,2012-04-01T18:00,18,0,432
47,random,selected,16,1523,2011-03-08T19:00,19,1,150
47,random,selected,17,12439,2012-06-07T11:00,11,1,237
47,random,selected,18,10142,2012-03-03T15:00,15,0,399
47,random,selected,19,2456,2011-04-17T05:00,5,0,3
47,random,selected,20,2897,2011-05-05T14:00,14,1,154
47,random,selected,21,11285,2012-04-20T09:00,9,1,359
47,random,selected,22,4644,2011-07-17T09:00,9,0,184
47,random,selected,23,5153,2011-08-07T14:00,14,0,322
47,random,selected,24,4446,2011-07-09T03:00,3,0,30
47,random,selected,25,9551,2012-02-07T21:00,21,1,190
47,random,selected,26,2059,2011-03-31T15:00,15,1,65
47,random,selected,27,1985,2011-03-28T13:00,13,1,83
47,random,selected,28,7026,2011-10-25T08:00,8,1,408
47,random,selected,29,7570,2011-11-17T00:00,0,1,24
47,random,selected,30,7219,2011-11-02T09:00,9,1,228
47,random,selected,31,7139,2011-10-30T01:00,1,0,43
47,random,selected,32,7574,2011-11-17T04:00,4,1,4
47,random,selected,33,5854,2011-09-06T09:00,9,1,185
47,random,selected,34,6173,2011-09-19T18:00,18,1,540
47,random,selected,35,856,2011-02-08T02:00,2,1,2
47,random,selected,36,9046,2012-01-17T19:00,19,1,308
47,random,selected,37,7631,2011-11-19T13:00,13,0,363
47,random,selected,38,12726,2012-06-19T10:00,10,1,180
47,random,selected,39,12637,2012-06-15T17:00,17,1,823
47,random,selected,40,460,2011-01-21T04:00,4,1,1
47,random,selected,41,5600,2011-08-26T05:00,5,1,26
47,random,selected,42,4268,2011-07-01T17:00,17,1,461
47,random,selected,43,8392,2011-12-21T07:00,7,1,229
47,random,selected,44,2261,2011-04-09T01:00,1,0,20
47,random,selected,45,555,2011-01-25T07:00,7,1,108
47,random,selected,46,3985,2011-06-19T22:00,22,0,152
47,random,selected,47,11387,2012-04-24T15:00,15,1,236
47,random,selected,48,12311,2012-06-02T03:00,3,0,26
47,random,selected,49,5678,2011-08-30T00:00,0,1,27
47,random,selected,50,5631,2011-08-27T12:00,12,0,76
47,random,selected,51,11024,2012-04-09T11:00,11,1,223
47,random,selected,52,5325,2011-08-14T18:00,18,0,347
47,random,selected,53,12567,2012-06-12T19:00,19,1,491
47,random,selected,54,2695,2011-04-27T04:00,4,1,6
47,random,selected,55,3460,2011-05-29T01:00,1,0,66
47,random,selected,56,11343,2012-04-22T19:00,19,0,35
47,random,selected,57,2673,2011-04-26T06:00,6,1,80
47,random,selected,58,11914,2012-05-16T14:00,14,1,263
47,random,selected,59,2246,2011-04-08T10:00,10,1,73
47,random,selected,60,1963,2011-03-27T14:00,14,0,164
47,random,selected,61,2824,2011-05-02T13:00,13,1,170
47,random,selected,62,934,2011-02-11T12:00,12,1,71
47,random,selected,63,4557,2011-07-13T18:00,18,1,463
47,random,selected,64,8445,2011-12-23T12:00,12,1,170
47,random,selected,65,4455,2011-07-09T12:00,12,0,366
47,random,selected,66,366,2011-01-16T17:00,17,0,105
47,random,selected,67,6058,2011-09-14T23:00,23,1,72
47,random,selected,68,10658,2012-03-25T04:00,4,0,8
47,random,selected,69,2945,2011-05-07T14:00,14,0,378
47,random,selected,70,1025,2011-02-15T09:00,9,1,110
47,random,selected,71,1803,2011-03-20T19:00,19,0,79
47,random,selected,72,4497,2011-07-11T06:00,6,1,121
47,random,selected,73,1704,2011-03-16T15:00,15,1,101
47,random,selected,74,312,2011-01-14T11:00,11,1,53
47,random,selected,75,1433,2011-03-04T23:00,23,1,46
47,random,selected,76,6293,2011-09-24T18:00,18,0,400
47,random,selected,77,586,2011-01-26T16:00,16,1,36
47,random,selected,78,3261,2011-05-20T18:00,18,1,473
47,random,selected,79,8787,2012-01-06T22:00,22,1,135
47,random,selected,80,8604,2011-12-30T06:00,6,1,32
47,random,selected,81,9271,2012-01-27T04:00,4,1,4
47,random,selected,82,12228,2012-05-29T16:00,16,1,393
47,random,selected,83,3116,2011-05-14T17:00,17,0,272
47,random,selected,84,9674,2012-02-13T00:00,0,1,9
47,random,selected,85,12799,2012-06-22T11:00,11,1,236
47,random,selected,86,8902,2012-01-11T18:00,18,1,98
47,random,selected,87,817,2011-02-06T11:00,11,0,117
47,random,selected,88,6998,2011-10-24T04:00,4,1,6
47,random,selected,89,5597,2011-08-26T02:00,2,1,20
47,random,selected,90,4508,2011-07-11T17:00,17,1,514
47,random,selected,91,8419,2011-12-22T10:00,10,1,141
47,random,selected,92,5303,2011-08-13T20:00,20,0,183
47,random,selected,93,6277,2011-09-24T02:00,2,0,68
47,random,selected,94,4039,2011-06-22T04:00,4,1,11
47,random,selected,95,12057,2012-05-22T13:00,13,1,243
47,random,selected,96,1867,2011-03-23T13:00,13,1,108
47,random,selected,97,6987,2011-10-23T17:00,17,0,340
47,random,selected,98,7615,2011-11-18T21:00,21,1,111
47,random,selected,99,2752,2011-04-29T13:00,13,1,308
47,random,selected,100,3571,2011-06-02T16:00,16,1,318
47,random,selected,101,3491,2011-05-30T08:00,8,0,94
47,random,selected,102,8481,2011-12-25T00:00,0,0,6
47,random,selected,103,4310,2011-07-03T11:00,11,0,390
47,random,selected,104,8778,2012-01-06T13:00,13,1,204
47,random,selected,105,7726,2011-11-23T12:00,12,1,160
47,random,selected,106,11408,2012-04-25T12:00,12,1,269
47,random,selected,107,9153,2012-01-22T06:00,6,0,4
47,random,selected,108,9428,2012-02-02T17:00,17,1,450
47,random,selected,109,11715,2012-05-08T07:00,7,1,463
47,random,selected,110,4372,2011-07-06T01:00,1,1,15
47,random,selected,111,1065,2011-02-17T02:00,2,1,6
47,random,selected,112,3408,2011-05-26T21:00,21,1,223
47,random,selected,113,3576,2011-06-02T21:00,21,1,248
47,random,selected,114,5703,2011-08-31T01:00,1,1,15
47,random,selected,115,12670,2012-06-17T02:00,2,0,74
47,random,selected,116,4337,2011-07-04T14:00,14,0,408
47,random,selected,117,5740,2011-09-01T14:00,14,1,198
47,random,selected,118,11463,2012-04-27T19:00,19,1,441
47,random,selected,119,2646,2011-04-25T03:00,3,1,10
47,random,selected,120,4785,2011-07-23T06:00,6,0,25
47,coverage,initial,1,3513,2011-05-31T06:00,6,1,109
47,coverage,initial,2,7683,2011-11-21T17:00,17,1,210
47,coverage,initial,3,2512,2011-04-19T13:00,13,1,129
47,coverage,initial,4,4144,2011-06-26T13:00,13,0,442
47,coverage,initial,5,11394,2012-04-24T22:00,22,1,157
47,coverage,initial,6,9907,2012-02-22T19:00,19,1,327
47,coverage,initial,7,5680,2011-08-30T02:00,2,1,10
47,coverage,initial,8,7353,2011-11-07T23:00,23,1,48
47,coverage,initial,9,10515,2012-03-19T05:00,5,1,31
47,coverage,initial,10,10506,2012-03-18T20:00,20,0,198
47,coverage,initial,11,3532,2011-06-01T01:00,1,1,17
47,coverage,initial,12,12841,2012-06-24T05:00,5,0,8
47,coverage,initial,13,4315,2011-07-03T16:00,16,0,414
47,coverage,initial,14,10711,2012-03-27T09:00,9,1,267
47,coverage,initial,15,344,2011-01-15T19:00,19,0,74
47,coverage,initial,16,10186,2012-03-05T11:00,11,1,103
47,coverage,initial,17,2610,2011-04-23T15:00,15,0,397
47,coverage,initial,18,1886,2011-03-24T08:00,8,1,124
47,coverage,initial,19,3377,2011-05-25T14:00,14,1,168
47,coverage,initial,20,5965,2011-09-11T01:00,1,0,88
47,coverage,initial,21,10082,2012-03-01T03:00,3,1,3
47,coverage,initial,22,8484,2011-12-25T03:00,3,0,4
47,coverage,initial,23,7833,2011-11-27T23:00,23,0,32
47,coverage,initial,24,5300,2011-08-13T17:00,17,0,269
47,coverage,initial,25,10394,2012-03-14T04:00,4,1,5
47,coverage,initial,26,12372,2012-06-04T16:00,16,1,448
47,coverage,initial,27,5294,2011-08-13T11:00,11,0,314
47,coverage,initial,28,2925,2011-05-06T18:00,18,1,470
47,coverage,initial,29,1597,2011-03-12T00:00,0,0,34
47,coverage,initial,30,9473,2012-02-04T14:00,14,0,276
47,coverage,initial,31,8772,2012-01-06T07:00,7,1,205
47,coverage,initial,32,3444,2011-05-28T09:00,9,0,177
47,coverage,initial,33,12833,2012-06-23T21:00,21,0,322
47,coverage,initial,34,2799,2011-05-01T12:00,12,0,281
47,coverage,initial,35,1791,2011-03-20T07:00,7,0,14
47,coverage,initial,36,11891,2012-05-15T15:00,15,1,256
47,coverage,initial,37,8299,2011-12-17T10:00,10,0,181
47,coverage,initial,38,12776,2012-06-21T12:00,12,1,215
47,coverage,initial,39,10464,2012-03-17T02:00,2,0,42
47,coverage,initial,40,5137,2011-08-06T22:00,22,0,120
47,coverage,initial,41,6827,2011-10-17T00:00,0,1,37
47,coverage,initial,42,4331,2011-07-04T08:00,8,0,86
47,coverage,initial,43,12977,2012-06-29T21:00,21,1,236
47,coverage,initial,44,9632,2012-02-11T06:00,6,0,9
47,coverage,initial,45,4837,2011-07-25T10:00,10,1,84
47,coverage,initial,46,8960,2012-01-14T04:00,4,0,3
47,coverage,initial,47,4149,2011-06-26T18:00,18,0,382
47,coverage,initial,48,12304,2012-06-01T20:00,20,1,39
47,coverage,initial,49,12648,2012-06-16T04:00,4,0,8
47,coverage,initial,50,2720,2011-04-28T05:00,5,1,13
47,coverage,initial,51,4075,2011-06-23T16:00,16,1,275
47,coverage,initial,52,8800,2012-01-07T11:00,11,0,324
47,coverage,initial,53,5816,2011-09-04T18:00,18,0,356
47,coverage,initial,54,869,2011-02-08T15:00,15,1,51
47,coverage,initial,55,9975,2012-02-25T15:00,15,0,232
47,coverage,initial,56,999,2011-02-14T06:00,6,1,26
47,coverage,initial,57,6888,2011-10-19T14:00,14,1,97
47,coverage,initial,58,849,2011-02-07T19:00,19,1,128
47,coverage,initial,59,4459,2011-07-09T16:00,16,0,416
47,coverage,initial,60,8150,2011-12-11T05:00,5,0,6
47,coverage,initial,61,5147,2011-08-07T08:00,8,0,89
47,coverage,initial,62,7703,2011-11-22T13:00,13,1,26
47,coverage,initial,63,3415,2011-05-27T04:00,4,1,7
47,coverage,initial,64,8159,2011-12-11T14:00,14,0,242
47,coverage,initial,65,2111,2011-04-02T19:00,19,0,148
47,coverage,initial,66,11829,2012-05-13T01:00,1,0,94
47,coverage,initial,67,5151,2011-08-07T12:00,12,0,370
47,coverage,initial,68,9479,2012-02-04T20:00,20,0,77
47,coverage,initial,69,697,2011-02-01T09:00,9,1,116
47,coverage,initial,70,7428,2011-11-11T02:00,2,0,11
47,coverage,initial,71,8792,2012-01-07T03:00,3,0,20
47,coverage,initial,72,3038,2011-05-11T11:00,11,1,141
47,coverage,initial,73,12845,2012-06-24T09:00,9,0,232
47,coverage,initial,74,9994,2012-02-26T10:00,10,0,188
47,coverage,initial,75,878,2011-02-09T00:00,0,1,17
47,coverage,initial,76,8887,2012-01-11T03:00,3,1,4
47,coverage,initial,77,10201,2012-03-06T02:00,2,1,4
47,coverage,initial,78,2297,2011-04-10T13:00,13,0,263
47,coverage,initial,79,9800,2012-02-18T06:00,6,0,9
47,coverage,initial,80,5365,2011-08-16T10:00,10,1,111
47,coverage,initial,81,11197,2012-04-16T17:00,17,0,712
47,coverage,initial,82,7901,2011-11-30T20:00,20,1,190
47,coverage,initial,83,5247,2011-08-11T12:00,12,1,214
47,coverage,initial,84,9490,2012-02-05T07:00,7,0,16
47,coverage,initial,85,10174,2012-03-04T23:00,23,0,26
47,coverage,initial,86,408,2011-01-18T23:00,23,1,20
47,coverage,initial,87,10293,2012-03-09T22:00,22,1,107
47,coverage,initial,88,240,2011-01-11T08:00,8,1,217
47,coverage,initial,89,1872,2011-03-23T18:00,18,1,238
47,coverage,initial,90,1535,2011-03-09T07:00,7,1,141
47,coverage,initial,91,12253,2012-05-30T17:00,17,1,839
47,coverage,initial,92,9481,2012-02-04T22:00,22,0,95
47,coverage,initial,93,3816,2011-06-12T21:00,21,0,140
47,coverage,initial,94,1266,2011-02-25T21:00,21,1,63
47,coverage,initial,95,7067,2011-10-27T01:00,1,1,11
47,coverage,initial,96,5798,2011-09-04T00:00,0,0,109
47,coverage,initial,97,7018,2011-10-25T00:00,0,1,30
47,coverage,initial,98,2889,2011-05-05T06:00,6,1,89
47,coverage,initial,99,8352,2011-12-19T15:00,15,1,159
47,coverage,initial,100,5959,2011-09-10T19:00,19,0,315
47,coverage,initial,101,6112,2011-09-17T05:00,5,0,5
47,coverage,initial,102,3031,2011-05-11T04:00,4,1,2
47,coverage,initial,103,6484,2011-10-02T17:00,17,0,167
47,coverage,initial,104,6459,2011-10-01T16:00,16,0,223
47,coverage,initial,105,37,2011-01-02T13:00,13,0,75
47,coverage,initial,106,12739,2012-06-19T23:00,23,1,125
47,coverage,initial,107,11534,2012-04-30T18:00,18,1,664
47,coverage,initial,108,10306,2012-03-10T11:00,11,0,274
47,coverage,initial,109,1064,2011-02-17T01:00,1,1,6
47,coverage,initial,110,12574,2012-06-13T02:00,2,1,4
47,coverage,initial,111,7660,2011-11-20T18:00,18,0,145
47,coverage,initial,112,5449,2011-08-19T22:00,22,1,122
47,coverage,initial,113,10428,2012-03-15T14:00,14,1,258
47,coverage,initial,114,9638,2012-02-11T12:00,12,0,221
47,coverage,initial,115,7817,2011-11-27T07:00,7,0,23
47,coverage,initial,116,6298,2011-09-24T23:00,23,0,150
47,coverage,initial,117,3035,2011-05-11T08:00,8,1,442
47,coverage,initial,118,5582,2011-08-25T11:00,11,1,151
47,coverage,initial,119,8748,2012-01-05T07:00,7,1,215
47,coverage,initial,120,8727,2012-01-04T10:00,10,1,64
47,coverage,initial,121,7759,2011-11-24T21:00,21,0,26
47,coverage,initial,122,10804,2012-03-31T06:00,6,0,23
47,coverage,initial,123,1467,2011-03-06T10:00,10,0,31
47,coverage,initial,124,11663,2012-05-06T03:00,3,0,28
47,coverage,initial,125,4215,2011-06-29T12:00,12,1,243
47,coverage,initial,126,8809,2012-01-07T20:00,20,0,170
47,coverage,initial,127,7999,2011-12-04T22:00,22,0,64
47,coverage,initial,128,7115,2011-10-29T01:00,1,0,18
47,coverage,initial,129,3271,2011-05-21T04:00,4,0,7
47,coverage,initial,130,86,2011-01-04T17:00,17,1,212
47,coverage,initial,131,12736,2012-06-19T20:00,20,1,458
47,coverage,initial,132,10290,2012-03-09T19:00,19,1,244
47,coverage,initial,133,4649,2011-07-17T14:00,14,0,430
47,coverage,initial,134,5443,2011-08-19T16:00,16,1,327
47,coverage,initial,135,8174,2011-12-12T05:00,5,1,21
47,coverage,initial,136,5813,2011-09-04T15:00,15,0,410
47,coverage,initial,137,7747,2011-11-24T09:00,9,0,81
47,coverage,initial,138,9317,2012-01-29T02:00,2,0,51
47,coverage,initial,139,12065,2012-05-22T21:00,21,1,261
47,coverage,initial,140,9877,2012-02-21T13:00,13,1,131
47,coverage,initial,141,10319,2012-03-11T00:00,0,0,69
47,coverage,initial,142,2100,2011-04-02T08:00,8,0,55
47,coverage,initial,143,263,2011-01-12T09:00,9,1,81
47,coverage,initial,144,668,2011-01-31T03:00,3,1,2
47,coverage,initial,145,7140,2011-10-30T02:00,2,0,50
47,coverage,initial,146,11930,2012-05-17T06:00,6,1,159
47,coverage,initial,147,5480,2011-08-21T05:00,5,0,8
47,coverage,initial,148,3032,2011-05-11T05:00,5,1,20
47,coverage,initial,149,1273,2011-02-26T04:00,4,0,2
47,coverage,initial,150,645,2011-01-30T03:00,3,0,8
47,coverage,initial,151,10203,2012-03-06T04:00,4,1,3
47,coverage,initial,152,334,2011-01-15T09:00,9,0,33
47,coverage,initial,153,7475,2011-11-13T01:00,1,0,71
47,coverage,initial,154,7055,2011-10-26T13:00,13,1,82
47,coverage,initial,155,5222,2011-08-10T11:00,11,1,149
47,coverage,initial,156,8470,2011-12-24T13:00,13,0,121
47,coverage,initial,157,12497,2012-06-09T21:00,21,0,316
47,coverage,initial,158,9452,2012-02-03T17:00,17,1,488
47,coverage,initial,159,9809,2012-02-18T15:00,15,0,499
47,coverage,initial,160,11318,2012-04-21T18:00,18,0,416
47,coverage,initial,161,159,2011-01-07T21:00,21,1,39
47,coverage,initial,162,2962,2011-05-08T07:00,7,0,23
47,coverage,initial,163,10748,2012-03-28T22:00,22,1,172
47,coverage,initial,164,1640,2011-03-13T20:00,20,0,77
47,coverage,initial,165,10609,2012-03-23T03:00,3,1,10
47,coverage,initial,166,5603,2011-08-26T08:00,8,1,404
47,coverage,initial,167,7282,2011-11-05T00:00,0,0,52
47,coverage,initial,168,5155,2011-08-07T16:00,16,0,193
47,coverage,initial,169,11012,2012-04-08T23:00,23,0,51
47,coverage,initial,170,2268,2011-04-09T08:00,8,0,54
47,coverage,initial,171,2793,2011-05-01T06:00,6,0,13
47,coverage,initial,172,208,2011-01-09T22:00,22,0,15
47,coverage,initial,173,3546,2011-06-01T15:00,15,1,152
47,coverage,initial,174,9977,2012-02-25T17:00,17,0,159
47,coverage,initial,175,3973,2011-06-19T10:00,10,0,244
47,coverage,initial,176,6622,2011-10-08T11:00,11,0,397
47,coverage,initial,177,2364,2011-04-13T09:00,9,1,65
47,coverage,initial,178,4822,2011-07-24T19:00,19,0,240
47,coverage,initial,179,8099,2011-12-09T02:00,2,1,12
47,coverage,initial,180,233,2011-01-10T23:00,23,1,18
47,coverage,initial,181,7268,2011-11-04T10:00,10,1,134
47,coverage,initial,182,6893,2011-10-19T19:00,19,1,197
47,coverage,initial,183,5447,2011-08-19T20:00,20,1,58
47,coverage,initial,184,7584,2011-11-17T14:00,14,1,110
47,coverage,initial,185,11460,2012-04-27T16:00,16,1,440
47,coverage,initial,186,1738,2011-03-18T01:00,1,1,16
47,coverage,initial,187,12627,2012-06-15T07:00,7,1,430
47,coverage,initial,188,11960,2012-05-18T12:00,12,1,360
47,coverage,initial,189,4509,2011-07-11T18:00,18,1,472
47,coverage,initial,190,8803,2012-01-07T14:00,14,0,512
47,coverage,initial,191,2967,2011-05-08T12:00,12,0,382
47,coverage,initial,192,9554,2012-02-08T00:00,0,1,23
47,coverage,initial,193,6368,2011-09-27T21:00,21,1,196
47,coverage,initial,194,10974,2012-04-07T09:00,9,0,276
47,coverage,initial,195,3884,2011-06-15T17:00,17,1,638
47,coverage,initial,196,3139,2011-05-15T16:00,16,0,440
47,coverage,initial,197,12379,2012-06-04T23:00,23,1,86
47,coverage,initial,198,8054,2011-12-07T05:00,5,1,3
47,coverage,initial,199,6278,2011-09-24T03:00,3,0,31
47,coverage,initial,200,12299,2012-06-01T15:00,15,1,258
47,coverage,initial,201,4492,2011-07-11T01:00,1,1,10
47,coverage,initial,202,1955,2011-03-27T06:00,6,0,2
47,coverage,initial,203,5230,2011-08-10T19:00,19,1,413
47,coverage,initial,204,9964,2012-02-25T04:00,4,0,2
47,coverage,initial,205,9672,2012-02-12T22:00,22,0,28
47,coverage,initial,206,12387,2012-06-05T07:00,7,1,569
47,coverage,initial,207,7294,2011-11-05T12:00,12,0,372
47,coverage,initial,208,7883,2011-11-30T02:00,2,1,5
47,coverage,initial,209,9517,2012-02-06T11:00,11,1,116
47,coverage,initial,210,11452,2012-04-27T08:00,8,1,592
47,coverage,initial,211,972,2011-02-13T02:00,2,0,20
47,coverage,initial,212,5808,2011-09-04T10:00,10,0,297
47,coverage,initial,213,5324,2011-08-14T17:00,17,0,329
47,coverage,initial,214,821,2011-02-06T15:00,15,0,182
47,coverage,initial,215,10450,2012-03-16T12:00,12,1,294
47,coverage,initial,216,10494,2012-03-18T08:00,8,0,96
47,coverage,initial,217,6563,2011-10-06T00:00,0,1,40
47,coverage,initial,218,7607,2011-11-18T13:00,13,1,177
47,coverage,initial,219,2373,2011-04-13T18:00,18,1,321
47,coverage,initial,220,3645,2011-06-05T18:00,18,0,363
47,coverage,initial,221,6236,2011-09-22T09:00,9,1,203
47,coverage,initial,222,547,2011-01-24T22:00,22,1,35
47,coverage,initial,223,6120,2011-09-17T13:00,13,0,349
47,coverage,initial,224,3215,2011-05-18T20:00,20,1,213
47,coverage,initial,225,1186,2011-02-22T10:00,10,1,44
47,coverage,initial,226,6457,2011-10-01T14:00,14,0,180
47,coverage,initial,227,9000,2012-01-15T20:00,20,0,95
47,coverage,initial,228,4567,2011-07-14T04:00,4,1,6
47,coverage,initial,229,5430,2011-08-19T03:00,3,1,3
47,coverage,initial,230,12847,2012-06-24T11:00,11,0,506
47,coverage,initial,231,2026,2011-03-30T06:00,6,1,48
47,coverage,initial,232,1130,2011-02-19T19:00,19,0,59
47,coverage,initial,233,4323,2011-07-04T00:00,0,0,140
47,coverage,initial,234,6322,2011-09-25T23:00,23,0,79
47,coverage,initial,235,1767,2011-03-19T07:00,7,0,13
47,coverage,initial,236,11051,2012-04-10T14:00,14,1,224
47,coverage,initial,237,12165,2012-05-27T01:00,1,0,78
47,coverage,initial,238,4152,2011-06-26T21:00,21,0,183
47,coverage,initial,239,7226,2011-11-02T16:00,16,1,266
47,coverage,initial,240,9965,2012-02-25T05:00,5,0,3
47,coverage,selected,1,5000,2011-08-01T05:00,5,1,26
47,coverage,selected,2,2949,2011-05-07T18:00,18,0,289
47,coverage,selected,3,7297,2011-11-05T15:00,15,0,343
47,coverage,selected,4,6,2011-01-01T05:00,5,0,1
47,coverage,selected,5,9039,2012-01-17T12:00,12,1,86
47,coverage,selected,6,1901,2011-03-24T23:00,23,1,33
47,coverage,selected,7,9475,2012-02-04T16:00,16,0,143
47,coverage,selected,8,6826,2011-10-16T23:00,23,0,62
47,coverage,selected,9,10558,2012-03-21T00:00,0,1,33
47,coverage,selected,10,9785,2012-02-17T15:00,15,1,221
47,coverage,selected,11,5662,2011-08-29T08:00,8,1,404
47,coverage,selected,12,2621,2011-04-24T02:00,2,0,72
47,coverage,selected,13,9439,2012-02-03T04:00,4,1,2
47,coverage,selected,14,9312,2012-01-28T21:00,21,0,127
47,coverage,selected,15,8499,2011-12-25T19:00,19,0,16
47,coverage,selected,16,6909,2011-10-20T11:00,11,1,129
47,coverage,selected,17,6441,2011-09-30T22:00,22,1,159
47,coverage,selected,18,2886,2011-05-05T03:00,3,1,4
47,coverage,selected,19,5398,2011-08-17T19:00,19,1,347
47,coverage,selected,20,1125,2011-02-19T14:00,14,0,196
47,coverage,selected,21,2628,2011-04-24T09:00,9,0,177
47,coverage,selected,22,2177,2011-04-05T13:00,13,1,56
47,coverage,selected,23,11211,2012-04-17T07:00,7,1,461
47,coverage,selected,24,902,2011-02-10T01:00,1,1,7
47,coverage,selected,25,4118,2011-06-25T11:00,11,0,331
47,coverage,selected,26,1544,2011-03-09T16:00,16,1,112
47,coverage,selected,27,506,2011-01-23T03:00,3,0,5
47,coverage,selected,28,11154,2012-04-14T22:00,22,0,212
47,coverage,selected,29,8992,2012-01-15T12:00,12,0,234
47,coverage,selected,30,11133,2012-04-14T01:00,1,0,70
47,coverage,selected,31,3465,2011-05-29T06:00,6,0,15
47,coverage,selected,32,10416,2012-03-15T02:00,2,1,19
47,coverage,selected,33,3069,2011-05-12T18:00,18,1,527
47,coverage,selected,34,1989,2011-03-28T17:00,17,1,252
47,coverage,selected,35,1943,2011-03-26T17:00,17,0,203
47,coverage,selected,36,6884,2011-10-19T10:00,10,1,123
47,coverage,selected,37,625,2011-01-29T07:00,7,0,5
47,coverage,selected,38,12312,2012-06-02T04:00,4,0,13
47,coverage,selected,39,10447,2012-03-16T09:00,9,1,312
47,coverage,selected,40,12196,2012-05-28T08:00,8,0,155
47,coverage,selected,41,10362,2012-03-12T20:00,20,1,286
47,coverage,selected,42,1750,2011-03-18T14:00,14,1,174
47,coverage,selected,43,12657,2012-06-16T13:00,13,0,617
47,coverage,selected,44,7638,2011-11-19T20:00,20,0,163
47,coverage,selected,45,5409,2011-08-18T06:00,6,1,103
47,coverage,selected,46,12332,2012-06-03T00:00,0,0,169
47,coverage,selected,47,11393,2012-04-24T21:00,21,1,226
47,coverage,selected,48,9301,2012-01-28T10:00,10,0,191
47,coverage,selected,49,10296,2012-03-10T01:00,1,0,51
47,coverage,selected,50,10861,2012-04-02T16:00,16,1,395
47,coverage,selected,51,12667,2012-06-16T23:00,23,0,183
47,coverage,selected,52,11304,2012-04-21T04:00,4,0,9
47,coverage,selected,53,15,2011-01-01T14:00,14,0,106
47,coverage,selected,54,6283,2011-09-24T08:00,8,0,121
47,coverage,selected,55,6858,2011-10-18T07:00,7,1,341
47,coverage,selected,56,4301,2011-07-03T02:00,2,0,69
47,coverage,selected,57,7532,2011-11-15T10:00,10,1,138
47,coverage,selected,58,4640,2011-07-17T05:00,5,0,12
47,coverage,selected,59,4813,2011-07-24T10:00,10,0,226
47,coverage,selected,60,12772,2012-06-21T08:00,8,1,590
47,coverage,selected,61,6385,2011-09-28T14:00,14,1,170
47,coverage,selected,62,12500,2012-06-10T00:00,0,0,158
47,coverage,selected,63,337,2011-01-15T12:00,12,0,89
47,coverage,selected,64,9156,2012-01-22T09:00,9,0,63
47,coverage,selected,65,8263,2011-12-15T22:00,22,1,124
47,coverage,selected,66,11720,2012-05-08T12:00,12,1,263
47,coverage,selected,67,6630,2011-10-08T19:00,19,0,248
47,coverage,selected,68,2108,2011-04-02T16:00,16,0,196
47,coverage,selected,69,11313,2012-04-21T13:00,13,0,649
47,coverage,selected,70,10637,2012-03-24T07:00,7,0,70
47,coverage,selected,71,9683,2012-02-13T09:00,9,1,205
47,coverage,selected,72,8551,2011-12-28T00:00,0,1,10
47,coverage,selected,73,1066,2011-02-17T03:00,3,1,4
47,coverage,selected,74,10227,2012-03-07T04:00,4,1,3
47,coverage,selected,75,6286,2011-09-24T11:00,11,0,386
47,coverage,selected,76,1291,2011-02-26T22:00,22,0,46
47,coverage,selected,77,4989,2011-07-31T18:00,18,0,304
47,coverage,selected,78,1534,2011-03-09T06:00,6,1,49
47,coverage,selected,79,11195,2012-04-16T15:00,15,0,275
47,coverage,selected,80,1312,2011-02-27T20:00,20,0,81
47,coverage,selected,81,1669,2011-03-15T02:00,2,1,3
47,coverage,selected,82,5780,2011-09-03T06:00,6,0,23
47,coverage,selected,83,7091,2011-10-28T01:00,1,1,16
47,coverage,selected,84,3438,2011-05-28T03:00,3,0,15
47,coverage,selected,85,3200,2011-05-18T05:00,5,1,9
47,coverage,selected,86,8060,2011-12-07T11:00,11,1,50
47,coverage,selected,87,12353,2012-06-03T21:00,21,0,246
47,coverage,selected,88,10427,2012-03-15T13:00,13,1,273
47,coverage,selected,89,12733,2012-06-19T17:00,17,1,811
47,coverage,selected,90,12593,2012-06-13T21:00,21,1,396
47,coverage,selected,91,12755,2012-06-20T15:00,15,1,179
47,coverage,selected,92,5039,2011-08-02T20:00,20,1,288
47,coverage,selected,93,7635,2011-11-19T17:00,17,0,232
47,coverage,selected,94,8926,2012-01-12T18:00,18,1,421
47,coverage,selected,95,7852,2011-11-28T19:00,19,1,264
47,coverage,selected,96,10581,2012-03-21T23:00,23,1,125
47,coverage,selected,97,967,2011-02-12T21:00,21,0,51
47,coverage,selected,98,9713,2012-02-14T15:00,15,1,145
47,coverage,selected,99,5351,2011-08-15T20:00,20,1,285
47,coverage,selected,100,3968,2011-06-19T05:00,5,0,19
47,coverage,selected,101,5066,2011-08-03T23:00,23,1,56
47,coverage,selected,102,8038,2011-12-06T13:00,13,1,71
47,coverage,selected,103,10653,2012-03-24T23:00,23,0,105
47,coverage,selected,104,12662,2012-06-16T18:00,18,0,571
47,coverage,selected,105,5356,2011-08-16T01:00,1,1,16
47,coverage,selected,106,12457,2012-06-08T05:00,5,1,29
47,coverage,selected,107,8249,2011-12-15T08:00,8,1,457
47,coverage,selected,108,5638,2011-08-28T08:00,8,0,8
47,coverage,selected,109,8147,2011-12-11T02:00,2,0,52
47,coverage,selected,110,5812,2011-09-04T14:00,14,0,361
47,coverage,selected,111,5303,2011-08-13T20:00,20,0,183
47,coverage,selected,112,3783,2011-06-11T12:00,12,0,347
47,coverage,selected,113,7487,2011-11-13T13:00,13,0,339
47,coverage,selected,114,4176,2011-06-27T21:00,21,1,242
47,coverage,selected,115,7060,2011-10-26T18:00,18,1,453
47,coverage,selected,116,380,2011-01-17T07:00,7,0,13
47,coverage,selected,117,12837,2012-06-24T01:00,1,0,127
47,coverage,selected,118,2214,2011-04-07T02:00,2,1,7
47,coverage,selected,119,4290,2011-07-02T15:00,15,0,331
47,coverage,selected,120,3486,2011-05-30T03:00,3,0,18
