instant,datetime,hr,partition
1,2011-01-01T00:00,0,train
2,2011-01-01T01:00,1,train
3,2011-01-01T02:00,2,train
4,2011-01-01T03:00,3,train
5,2011-01-01T04:00,4,train
6,2011-01-01T05:00,5,train
7,2011-01-01T06:00,6,train
8,2011-01-01T07:00,7,train
9,2011-01-01T08:00,8,train
10,2011-01-01T09:00,9,train
11,2011-01-01T10:00,10,train
12,2011-01-01T11:00,11,train
13,2011-01-01T12:00,12,train
14,2011-01-01T13:00,13,train
15,2011-01-01T14:00,14,train
16,2011-01-01T15:00,15,train
17,2011-01-01T16:00,16,train
18,2011-01-01T17:00,17,train
19,2011-01-01T18:00,18,train
20,2011-01-01T19:00,19,train
21,2011-01-01T20:00,20,train
22,2011-01-01T21:00,21,train
23,2011-01-01T22:00,22,train
24,2011-01-01T23:00,23,train
25,2011-01-02T00:00,0,train
26,2011-01-02T01:00,1,train
27,2011-01-02T02:00,2,train
28,2011-01-02T03:00,3,train
29,2011-01-02T04:00,4,train
30,2011-01-02T06:00,6,train
31,2011-01-02T07:00,7,train
32,2011-01-02T08:00,8,train
33,2011-01-02T09:00,9,train
34,2011-01-02T10:00,10,train
35,2011-01-02T11:00,11,train
36,2011-01-02T12:00,12,train
37,2011-01-02T13:00,13,train
38,2011-01-02T14:00,14,train
39,2011-01-02T15:00,15,train
40,2011-01-02T16:00,16,train
41,2011-01-02T17:00,17,train
42,2011-01-02T18:00,18,train
43,2011-01-02T19:00,19,train
44,2011-01-02T20:00,20,train
45,2011-01-02T21:00,21,train
46,2011-01-02T22:00,22,train
47,2011-01-02T23:00,23,train
48,2011-01-03T00:00,0,train
49,2011-01-03T01:00,1,train
50,2011-01-03T04:00,4,train
51,2011-01-03T05:00,5,train
52,2011-01-03T06:00,6,train
53,2011-01-03T07:00,7,train
54,2011-01-03T08:00,8,train
55,2011-01-03T09:00,9,train
56,2011-01-03T10:00,10,train
57,2011-01-03T11:00,11,train
58,2011-01-03T12:00,12,train
59,2011-01-03T13:00,13,train
60,2011-01-03T14:00,14,train
61,2011-01-03T15:00,15,train
62,2011-01-03T16:00,16,train
63,2011-01-03T17:00,17,train
64,2011-01-03T18:00,18,train
65,2011-01-03T19:00,19,train
66,2011-01-03T20:00,20,train
67,2011-01-03T21:00,21,train
68,2011-01-03T22:00,22,train
69,2011-01-03T23:00,23,train
70,2011-01-04T00:00,0,train
71,2011-01-04T01:00,1,train
72,2011-01-04T02:00,2,train
73,2011-01-04T04:00,4,train
74,2011-01-04T05:00,5,train
75,2011-01-04T06:00,6,train
76,2011-01-04T07:00,7,train
77,2011-01-04T08:00,8,train
78,2011-01-04T09:00,9,train
79,2011-01-04T10:00,10,train
80,2011-01-04T11:00,11,train
81,2011-01-04T12:00,12,train
82,2011-01-04T13:00,13,train
83,2011-01-04T14:00,14,train
84,2011-01-04T15:00,15,train
85,2011-01-04T16:00,16,train
86,2011-01-04T17:00,17,train
87,2011-01-04T18:00,18,train
88,2011-01-04T19:00,19,train
89,2011-01-04T20:00,20,train
90,2011-01-04T21:00,21,train
91,2011-01-04T22:00,22,train
92,2011-01-04T23:00,23,train
93,2011-01-05T00:00,0,train
94,2011-01-05T01:00,1,train
95,2011-01-05T02:00,2,train
96,2011-01-05T04:00,4,train
97,2011-01-05T05:00,5,train
98,2011-01-05T06:00,6,train
99,2011-01-05T07:00,7,train
100,2011-01-05T08:00,8,train
101,2011-01-05T09:00,9,train
102,2011-01-05T10:00,10,train
103,2011-01-05T11:00,11,train
104,2011-01-05T12:00,12,train
105,2011-01-05T13:00,13,train
106,2011-01-05T14:00,14,train
107,2011-01-05T15:00,15,train
108,2011-01-05T16:00,16,train
109,2011-01-05T17:00,17,train
110,2011-01-05T18:00,18,train
111,2011-01-05T19:00,19,train
112,2011-01-05T20:00,20,train
113,2011-01-05T21:00,21,train
114,2011-01-05T22:00,22,train
115,2011-01-05T23:00,23,train
116,2011-01-06T00:00,0,train
117,2011-01-06T01:00,1,train
118,2011-01-06T02:00,2,train
119,2011-01-06T04:00,4,train
120,2011-01-06T05:00,5,train
121,2011-01-06T06:00,6,train
122,2011-01-06T07:00,7,train
123,2011-01-06T08:00,8,train
124,2011-01-06T09:00,9,train
125,2011-01-06T10:00,10,train
126,2011-01-06T11:00,11,train
127,2011-01-06T12:00,12,train
128,2011-01-06T13:00,13,train
129,2011-01-06T14:00,14,train
130,2011-01-06T15:00,15,train
131,2011-01-06T16:00,16,train
132,2011-01-06T17:00,17,train
133,2011-01-06T18:00,18,train
134,2011-01-06T19:00,19,train
135,2011-01-06T20:00,20,train
136,2011-01-06T21:00,21,train
137,2011-01-06T22:00,22,train
138,2011-01-06T23:00,23,train
139,2011-01-07T00:00,0,train
140,2011-01-07T01:00,1,train
141,2011-01-07T02:00,2,train
142,2011-01-07T04:00,4,train
143,2011-01-07T05:00,5,train
144,2011-01-07T06:00,6,train
145,2011-01-07T07:00,7,train
146,2011-01-07T08:00,8,train
147,2011-01-07T09:00,9,train
148,2011-01-07T10:00,10,train
149,2011-01-07T11:00,11,train
150,2011-01-07T12:00,12,train
151,2011-01-07T13:00,13,train
152,2011-01-07T14:00,14,train
153,2011-01-07T15:00,15,train
154,2011-01-07T16:00,16,train
155,2011-01-07T17:00,17,train
156,2011-01-07T18:00,18,train
157,2011-01-07T19:00,19,train
158,2011-01-07T20:00,20,train
159,2011-01-07T21:00,21,train
160,2011-01-07T22:00,22,train
161,2011-01-07T23:00,23,train
162,2011-01-08T00:00,0,train
163,2011-01-08T01:00,1,train
164,2011-01-08T02:00,2,train
165,2011-01-08T03:00,3,train
166,2011-01-08T04:00,4,train
167,2011-01-08T05:00,5,train
168,2011-01-08T06:00,6,train
169,2011-01-08T07:00,7,train
170,2011-01-08T08:00,8,train
171,2011-01-08T09:00,9,train
172,2011-01-08T10:00,10,train
173,2011-01-08T11:00,11,train
174,2011-01-08T12:00,12,train
175,2011-01-08T13:00,13,train
176,2011-01-08T14:00,14,train
177,2011-01-08T15:00,15,train
178,2011-01-08T16:00,16,train
179,2011-01-08T17:00,17,train
180,2011-01-08T18:00,18,train
181,2011-01-08T19:00,19,train
182,2011-01-08T20:00,20,train
183,2011-01-08T21:00,21,train
184,2011-01-08T22:00,22,train
185,2011-01-08T23:00,23,train
186,2011-01-09T00:00,0,train
187,2011-01-09T01:00,1,train
188,2011-01-09T02:00,2,train
189,2011-01-09T03:00,3,train
190,2011-01-09T04:00,4,train
191,2011-01-09T05:00,5,train
192,2011-01-09T06:00,6,train
193,2011-01-09T07:00,7,train
194,2011-01-09T08:00,8,train
195,2011-01-09T09:00,9,train
196,2011-01-09T10:00,10,train
197,2011-01-09T11:00,11,train
198,2011-01-09T12:00,12,train
199,2011-01-09T13:00,13,train
200,2011-01-09T14:00,14,train
201,2011-01-09T15:00,15,train
202,2011-01-09T16:00,16,train
203,2011-01-09T17:00,17,train
204,2011-01-09T18:00,18,train
205,2011-01-09T19:00,19,train
206,2011-01-09T20:00,20,train
207,2011-01-09T21:00,21,train
208,2011-01-09T22:00,22,train
209,2011-01-09T23:00,23,train
210,2011-01-10T00:00,0,train
211,2011-01-10T01:00,1,train
212,2011-01-10T02:00,2,train
213,2011-01-10T03:00,3,train
214,2011-01-10T04:00,4,train
215,2011-01-10T05:00,5,train
216,2011-01-10T06:00,6,train
217,2011-01-10T07:00,7,train
218,2011-01-10T08:00,8,train
219,2011-01-10T09:00,9,train
220,2011-01-10T10:00,10,train
221,2011-01-10T11:00,11,train
222,2011-01-10T12:00,12,train
223,2011-01-10T13:00,13,train
224,2011-01-10T14:00,14,train
225,2011-01-10T15:00,15,train
226,2011-01-10T16:00,16,train
227,2011-01-10T17:00,17,train
228,2011-01-10T18:00,18,train
229,2011-01-10T19:00,19,train
230,2011-01-10T20:00,20,train
231,2011-01-10T21:00,21,train
232,2011-01-10T22:00,22,train
233,2011-01-10T23:00,23,train
234,2011-01-11T00:00,0,train
235,2011-01-11T01:00,1,train
236,2011-01-11T02:00,2,train
237,2011-01-11T05:00,5,train
238,2011-01-11T06:00,6,train
239,2011-01-11T07:00,7,train
240,2011-01-11T08:00,8,train
241,2011-01-11T09:00,9,train
242,2011-01-11T10:00,10,train
243,2011-01-11T11:00,11,train
244,2011-01-11T12:00,12,train
245,2011-01-11T13:00,13,train
246,2011-01-11T14:00,14,train
247,2011-01-11T15:00,15,train
248,2011-01-11T16:00,16,train
249,2011-01-11T17:00,17,train
250,2011-01-11T18:00,18,train
251,2011-01-11T19:00,19,train
252,2011-01-11T20:00,20,train
253,2011-01-11T21:00,21,train
254,2011-01-11T22:00,22,train
255,2011-01-11T23:00,23,train
256,2011-01-12T00:00,0,train
257,2011-01-12T01:00,1,train
258,2011-01-12T02:00,2,train
259,2011-01-12T05:00,5,train
260,2011-01-12T06:00,6,train
261,2011-01-12T07:00,7,train
262,2011-01-12T08:00,8,train
263,2011-01-12T09:00,9,train
264,2011-01-12T10:00,10,train
265,2011-01-12T11:00,11,train
266,2011-01-12T12:00,12,train
267,2011-01-12T13:00,13,train
268,2011-01-12T14:00,14,train
269,2011-01-12T15:00,15,train
270,2011-01-12T16:00,16,train
271,2011-01-12T17:00,17,train
272,2011-01-12T18:00,18,train
273,2011-01-12T19:00,19,train
274,2011-01-12T20:00,20,train
275,2011-01-12T21:00,21,train
276,2011-01-12T22:00,22,train
277,2011-01-12T23:00,23,train
278,2011-01-13T00:00,0,train
279,2011-01-13T01:00,1,train
280,2011-01-13T02:00,2,train
281,2011-01-13T03:00,3,train
282,2011-01-13T04:00,4,train
283,2011-01-13T05:00,5,train
284,2011-01-13T06:00,6,train
285,2011-01-13T07:00,7,train
286,2011-01-13T08:00,8,train
287,2011-01-13T09:00,9,train
288,2011-01-13T10:00,10,train
289,2011-01-13T11:00,11,train
290,2011-01-13T12:00,12,train
291,2011-01-13T13:00,13,train
292,2011-01-13T14:00,14,train
293,2011-01-13T15:00,15,train
294,2011-01-13T16:00,16,train
295,2011-01-13T17:00,17,train
296,2011-01-13T18:00,18,train
297,2011-01-13T19:00,19,train
298,2011-01-13T20:00,20,train
299,2011-01-13T21:00,21,train
300,2011-01-13T22:00,22,train
301,2011-01-13T23:00,23,train
302,2011-01-14T00:00,0,train
303,2011-01-14T01:00,1,train
304,2011-01-14T02:00,2,train
305,2011-01-14T03:00,3,train
306,2011-01-14T05:00,5,train
307,2011-01-14T06:00,6,train
308,2011-01-14T07:00,7,train
309,2011-01-14T08:00,8,train
310,2011-01-14T09:00,9,train
311,2011-01-14T10:00,10,train
312,2011-01-14T11:00,11,train
313,2011-01-14T12:00,12,train
314,2011-01-14T13:00,13,train
315,2011-01-14T14:00,14,train
316,2011-01-14T15:00,15,train
317,2011-01-14T16:00,16,train
318,2011-01-14T17:00,17,train
319,2011-01-14T18:00,18,train
320,2011-01-14T19:00,19,train
321,2011-01-14T20:00,20,train
322,2011-01-14T21:00,21,train
323,2011-01-14T22:00,22,train
324,2011-01-14T23:00,23,train
325,2011-01-15T00:00,0,train
326,2011-01-15T01:00,1,train
327,2011-01-15T02:00,2,train
328,2011-01-15T03:00,3,train
329,2011-01-15T04:00,4,train
330,2011-01-15T05:00,5,train
331,2011-01-15T06:00,6,train
332,2011-01-15T07:00,7,train
333,2011-01-15T08:00,8,train
334,2011-01-15T09:00,9,train
335,2011-01-15T10:00,10,train
336,2011-01-15T11:00,11,train
337,2011-01-15T12:00,12,train
338,2011-01-15T13:00,13,train
339,2011-01-15T14:00,14,train
340,2011-01-15T15:00,15,train
341,2011-01-15T16:00,16,train
342,2011-01-15T17:00,17,train
343,2011-01-15T18:00,18,train
344,2011-01-15T19:00,19,train
345,2011-01-15T20:00,20,train
346,2011-01-15T21:00,21,train
347,2011-01-15T22:00,22,train
348,2011-01-15T23:00,23,train
349,2011-01-16T00:00,0,train
350,2011-01-16T01:00,1,train
351,2011-01-16T02:00,2,train
352,2011-01-16T03:00,3,train
353,2011-01-16T04:00,4,train
354,2011-01-16T05:00,5,train
355,2011-01-16T06:00,6,train
356,2011-01-16T07:00,7,train
357,2011-01-16T08:00,8,train
358,2011-01-16T09:00,9,train
359,2011-01-16T10:00,10,train
360,2011-01-16T11:00,11,train
361,2011-01-16T12:00,12,train
362,2011-01-16T13:00,13,train
363,2011-01-16T14:00,14,train
364,2011-01-16T15:00,15,train
365,2011-01-16T16:00,16,train
366,2011-01-16T17:00,17,train
367,2011-01-16T18:00,18,train
368,2011-01-16T19:00,19,train
369,2011-01-16T20:00,20,train
370,2011-01-16T21:00,21,train
371,2011-01-16T22:00,22,train
372,2011-01-16T23:00,23,train
373,2011-01-17T00:00,0,train
374,2011-01-17T01:00,1,train
375,2011-01-17T02:00,2,train
376,2011-01-17T03:00,3,train
377,2011-01-17T04:00,4,train
378,2011-01-17T05:00,5,train
379,2011-01-17T06:00,6,train
380,2011-01-17T07:00,7,train
381,2011-01-17T08:00,8,train
382,2011-01-17T09:00,9,train
383,2011-01-17T10:00,10,train
384,2011-01-17T11:00,11,train
385,2011-01-17T12:00,12,train
386,2011-01-17T13:00,13,train
387,2011-01-17T14:00,14,train
388,2011-01-17T15:00,15,train
389,2011-01-17T16:00,16,train
390,2011-01-17T17:00,17,train
391,2011-01-17T18:00,18,train
392,2011-01-17T19:00,19,train
393,2011-01-17T20:00,20,train
394,2011-01-17T21:00,21,train
395,2011-01-17T22:00,22,train
396,2011-01-17T23:00,23,train
397,2011-01-18T12:00,12,train
398,2011-01-18T13:00,13,train
399,2011-01-18T14:00,14,train
400,2011-01-18T15:00,15,train
401,2011-01-18T16:00,16,train
402,2011-01-18T17:00,17,train
403,2011-01-18T18:00,18,train
404,2011-01-18T19:00,19,train
405,2011-01-18T20:00,20,train
406,2011-01-18T21:00,21,train
407,2011-01-18T22:00,22,train
408,2011-01-18T23:00,23,train
409,2011-01-19T00:00,0,train
410,2011-01-19T01:00,1,train
411,2011-01-19T02:00,2,train
412,2011-01-19T04:00,4,train
413,2011-01-19T05:00,5,train
414,2011-01-19T06:00,6,train
415,2011-01-19T07:00,7,train
416,2011-01-19T08:00,8,train
417,2011-01-19T09:00,9,train
418,2011-01-19T10:00,10,train
419,2011-01-19T11:00,11,train
420,2011-01-19T12:00,12,train
421,2011-01-19T13:00,13,train
422,2011-01-19T14:00,14,train
423,2011-01-19T15:00,15,train
424,2011-01-19T16:00,16,train
425,2011-01-19T17:00,17,train
426,2011-01-19T18:00,18,train
427,2011-01-19T19:00,19,train
428,2011-01-19T20:00,20,train
429,2011-01-19T21:00,21,train
430,2011-01-19T22:00,22,train
431,2011-01-19T23:00,23,train
432,2011-01-20T00:00,0,train
433,2011-01-20T01:00,1,train
434,2011-01-20T02:00,2,train
435,2011-01-20T03:00,3,train
436,2011-01-20T04:00,4,train
437,2011-01-20T05:00,5,train
438,2011-01-20T06:00,6,train
439,2011-01-20T07:00,7,train
440,2011-01-20T08:00,8,train
441,2011-01-20T09:00,9,train
442,2011-01-20T10:00,10,train
443,2011-01-20T11:00,11,train
444,2011-01-20T12:00,12,train
445,2011-01-20T13:00,13,train
446,2011-01-20T14:00,14,train
447,2011-01-20T15:00,15,train
448,2011-01-20T16:00,16,train
449,2011-01-20T17:00,17,train
450,2011-01-20T18:00,18,train
451,2011-01-20T19:00,19,train
452,2011-01-20T20:00,20,train
453,2011-01-20T21:00,21,train
454,2011-01-20T22:00,22,train
455,2011-01-20T23:00,23,train
456,2011-01-21T00:00,0,train
457,2011-01-21T01:00,1,train
458,2011-01-21T02:00,2,train
459,2011-01-21T03:00,3,train
460,2011-01-21T04:00,4,train
461,2011-01-21T05:00,5,train
462,2011-01-21T06:00,6,train
463,2011-01-21T07:00,7,train
464,2011-01-21T08:00,8,train
465,2011-01-21T09:00,9,train
466,2011-01-21T10:00,10,train
467,2011-01-21T11:00,11,train
468,2011-01-21T12:00,12,train
469,2011-01-21T13:00,13,train
470,2011-01-21T14:00,14,train
471,2011-01-21T15:00,15,train
472,2011-01-21T16:00,16,train
473,2011-01-21T17:00,17,train
474,2011-01-21T18:00,18,train
475,2011-01-21T19:00,19,train
476,2011-01-21T20:00,20,train
477,2011-01-21T21:00,21,train
478,2011-01-21T22:00,22,train
479,2011-01-21T23:00,23,train
480,2011-01-22T00:00,0,train
481,2011-01-22T01:00,1,train
482,2011-01-22T02:00,2,train
483,2011-01-22T03:00,3,train
484,2011-01-22T04:00,4,train
485,2011-01-22T06:00,6,train
486,2011-01-22T07:00,7,train
487,2011-01-22T08:00,8,train
488,2011-01-22T09:00,9,train
489,2011-01-22T10:00,10,train
490,2011-01-22T11:00,11,train
491,2011-01-22T12:00,12,train
492,2011-01-22T13:00,13,train
493,2011-01-22T14:00,14,train
494,2011-01-22T15:00,15,train
495,2011-01-22T16:00,16,train
496,2011-01-22T17:00,17,train
497,2011-01-22T18:00,18,train
498,2011-01-22T19:00,19,train
499,2011-01-22T20:00,20,train
500,2011-01-22T21:00,21,train
501,2011-01-22T22:00,22,train
502,2011-01-22T23:00,23,train
503,2011-01-23T00:00,0,train
504,2011-01-23T01:00,1,train
505,2011-01-23T02:00,2,train
506,2011-01-23T03:00,3,train
507,2011-01-23T05:00,5,train
508,2011-01-23T06:00,6,train
509,2011-01-23T07:00,7,train
510,2011-01-23T08:00,8,train
511,2011-01-23T09:00,9,train
512,2011-01-23T10:00,10,train
513,2011-01-23T11:00,11,train
514,2011-01-23T12:00,12,train
515,2011-01-23T13:00,13,train
516,2011-01-23T14:00,14,train
517,2011-01-23T15:00,15,train
518,2011-01-23T16:00,16,train
519,2011-01-23T17:00,17,train
520,2011-01-23T18:00,18,train
521,2011-01-23T19:00,19,train
522,2011-01-23T20:00,20,train
523,2011-01-23T21:00,21,train
524,2011-01-23T22:00,22,train
525,2011-01-23T23:00,23,train
526,2011-01-24T00:00,0,train
527,2011-01-24T01:00,1,train
528,2011-01-24T03:00,3,train
529,2011-01-24T04:00,4,train
530,2011-01-24T05:00,5,train
531,2011-01-24T06:00,6,train
532,2011-01-24T07:00,7,train
533,2011-01-24T08:00,8,train
534,2011-01-24T09:00,9,train
535,2011-01-24T10:00,10,train
536,2011-01-24T11:00,11,train
537,2011-01-24T12:00,12,train
538,2011-01-24T13:00,13,train
539,2011-01-24T14:00,14,train
540,2011-01-24T15:00,15,train
541,2011-01-24T16:00,16,train
542,2011-01-24T17:00,17,train
543,2011-01-24T18:00,18,train
544,2011-01-24T19:00,19,train
545,2011-01-24T20:00,20,train
546,2011-01-24T21:00,21,train
547,2011-01-24T22:00,22,train
548,2011-01-24T23:00,23,train
549,2011-01-25T00:00,0,train
550,2011-01-25T01:00,1,train
551,2011-01-25T02:00,2,train
552,2011-01-25T04:00,4,train
553,2011-01-25T05:00,5,train
554,2011-01-25T06:00,6,train
555,2011-01-25T07:00,7,train
556,2011-01-25T08:00,8,train
557,2011-01-25T09:00,9,train
558,2011-01-25T10:00,10,train
559,2011-01-25T11:00,11,train
560,2011-01-25T12:00,12,train
561,2011-01-25T13:00,13,train
562,2011-01-25T14:00,14,train
563,2011-01-25T15:00,15,train
564,2011-01-25T16:00,16,train
565,2011-01-25T17:00,17,train
566,2011-01-25T18:00,18,train
567,2011-01-25T19:00,19,train
568,2011-01-25T20:00,20,train
569,2011-01-25T21:00,21,train
570,2011-01-25T22:00,22,train
571,2011-01-25T23:00,23,train
572,2011-01-26T00:00,0,train
573,2011-01-26T01:00,1,train
574,2011-01-26T02:00,2,train
575,2011-01-26T05:00,5,train
576,2011-01-26T06:00,6,train
577,2011-01-26T07:00,7,train
578,2011-01-26T08:00,8,train
579,2011-01-26T09:00,9,train
580,2011-01-26T10:00,10,train
581,2011-01-26T11:00,11,train
582,2011-01-26T12:00,12,train
583,2011-01-26T13:00,13,train
584,2011-01-26T14:00,14,train
585,2011-01-26T15:00,15,train
586,2011-01-26T16:00,16,train
587,2011-01-26T17:00,17,train
588,2011-01-27T16:00,16,train
589,2011-01-27T17:00,17,train
590,2011-01-27T18:00,18,train
591,2011-01-27T19:00,19,train
592,2011-01-27T20:00,20,train
593,2011-01-27T21:00,21,train
594,2011-01-27T22:00,22,train
595,2011-01-27T23:00,23,train
596,2011-01-28T00:00,0,train
597,2011-01-28T01:00,1,train
598,2011-01-28T02:00,2,train
599,2011-01-28T03:00,3,train
600,2011-01-28T05:00,5,train
601,2011-01-28T06:00,6,train
602,2011-01-28T07:00,7,train
603,2011-01-28T08:00,8,train
604,2011-01-28T09:00,9,train
605,2011-01-28T10:00,10,train
606,2011-01-28T11:00,11,train
607,2011-01-28T12:00,12,train
608,2011-01-28T13:00,13,train
609,2011-01-28T14:00,14,train
610,2011-01-28T15:00,15,train
611,2011-01-28T16:00,16,train
612,2011-01-28T17:00,17,train
613,2011-01-28T18:00,18,train
614,2011-01-28T19:00,19,train
615,2011-01-28T20:00,20,train
616,2011-01-28T21:00,21,train
617,2011-01-28T22:00,22,train
618,2011-01-28T23:00,23,train
619,2011-01-29T00:00,0,train
620,2011-01-29T01:00,1,train
621,2011-01-29T02:00,2,train
622,2011-01-29T03:00,3,train
623,2011-01-29T04:00,4,train
624,2011-01-29T06:00,6,train
625,2011-01-29T07:00,7,train
626,2011-01-29T08:00,8,train
627,2011-01-29T09:00,9,train
628,2011-01-29T10:00,10,train
629,2011-01-29T11:00,11,train
630,2011-01-29T12:00,12,train
631,2011-01-29T13:00,13,train
632,2011-01-29T14:00,14,train
633,2011-01-29T15:00,15,train
634,2011-01-29T16:00,16,train
635,2011-01-29T17:00,17,train
636,2011-01-29T18:00,18,train
637,2011-01-29T19:00,19,train
638,2011-01-29T20:00,20,train
639,2011-01-29T21:00,21,train
640,2011-01-29T22:00,22,train
641,2011-01-29T23:00,23,train
642,2011-01-30T00:00,0,train
643,2011-01-30T01:00,1,train
644,2011-01-30T02:00,2,train
645,2011-01-30T03:00,3,train
646,2011-01-30T04:00,4,train
647,2011-01-30T05:00,5,train
648,2011-01-30T07:00,7,train
649,2011-01-30T08:00,8,train
650,2011-01-30T09:00,9,train
651,2011-01-30T10:00,10,train
652,2011-01-30T11:00,11,train
653,2011-01-30T12:00,12,train
654,2011-01-30T13:00,13,train
655,2011-01-30T14:00,14,train
656,2011-01-30T15:00,15,train
657,2011-01-30T16:00,16,train
658,2011-01-30T17:00,17,train
659,2011-01-30T18:00,18,train
660,2011-01-30T19:00,19,train
661,2011-01-30T20:00,20,train
662,2011-01-30T21:00,21,train
663,2011-01-30T22:00,22,train
664,2011-01-30T23:00,23,train
665,2011-01-31T00:00,0,train
666,2011-01-31T01:00,1,train
667,2011-01-31T02:00,2,train
668,2011-01-31T03:00,3,train
669,2011-01-31T04:00,4,train
670,2011-01-31T05:00,5,train
671,2011-01-31T06:00,6,train
672,2011-01-31T07:00,7,train
673,2011-01-31T08:00,8,train
674,2011-01-31T09:00,9,train
675,2011-01-31T10:00,10,train
676,2011-01-31T11:00,11,train
677,2011-01-31T12:00,12,train
678,2011-01-31T13:00,13,train
679,2011-01-31T14:00,14,train
680,2011-01-31T15:00,15,train
681,2011-01-31T16:00,16,train
682,2011-01-31T17:00,17,train
683,2011-01-31T18:00,18,train
684,2011-01-31T19:00,19,train
685,2011-01-31T20:00,20,train
686,2011-01-31T21:00,21,train
687,2011-01-31T22:00,22,train
688,2011-01-31T23:00,23,train
689,2011-02-01T00:00,0,train
690,2011-02-01T01:00,1,train
691,2011-02-01T02:00,2,train
692,2011-02-01T03:00,3,train
693,2011-02-01T05:00,5,train
694,2011-02-01T06:00,6,train
695,2011-02-01T07:00,7,train
696,2011-02-01T08:00,8,train
697,2011-02-01T09:00,9,train
698,2011-02-01T10:00,10,train
699,2011-02-01T11:00,11,train
700,2011-02-01T12:00,12,train
701,2011-02-01T13:00,13,train
702,2011-02-01T14:00,14,train
703,2011-02-01T15:00,15,train
704,2011-02-01T16:00,16,train
705,2011-02-01T17:00,17,train
706,2011-02-01T18:00,18,train
707,2011-02-01T19:00,19,train
708,2011-02-01T20:00,20,train
709,2011-02-01T21:00,21,train
710,2011-02-01T22:00,22,train
711,2011-02-01T23:00,23,train
712,2011-02-02T00:00,0,train
713,2011-02-02T01:00,1,train
714,2011-02-02T02:00,2,train
715,2011-02-02T03:00,3,train
716,2011-02-02T04:00,4,train
717,2011-02-02T05:00,5,train
718,2011-02-02T06:00,6,train
719,2011-02-02T07:00,7,train
720,2011-02-02T08:00,8,train
721,2011-02-02T09:00,9,train
722,2011-02-02T10:00,10,train
723,2011-02-02T11:00,11,train
724,2011-02-02T12:00,12,train
725,2011-02-02T13:00,13,train
726,2011-02-02T14:00,14,train
727,2011-02-02T15:00,15,train
728,2011-02-02T16:00,16,train
729,2011-02-02T17:00,17,train
730,2011-02-02T18:00,18,train
731,2011-02-02T19:00,19,train
732,2011-02-02T20:00,20,train
733,2011-02-02T21:00,21,train
734,2011-02-02T22:00,22,train
735,2011-02-02T23:00,23,train
736,2011-02-03T00:00,0,train
737,2011-02-03T01:00,1,train
738,2011-02-03T02:00,2,train
739,2011-02-03T03:00,3,train
740,2011-02-03T05:00,5,train
741,2011-02-03T06:00,6,train
742,2011-02-03T07:00,7,train
743,2011-02-03T08:00,8,train
744,2011-02-03T09:00,9,train
745,2011-02-03T10:00,10,train
746,2011-02-03T11:00,11,train
747,2011-02-03T12:00,12,train
748,2011-02-03T13:00,13,train
749,2011-02-03T14:00,14,train
750,2011-02-03T15:00,15,train
751,2011-02-03T16:00,16,train
752,2011-02-03T17:00,17,train
753,2011-02-03T18:00,18,train
754,2011-02-03T19:00,19,train
755,2011-02-03T20:00,20,train
756,2011-02-03T21:00,21,train
757,2011-02-03T22:00,22,train
758,2011-02-03T23:00,23,train
759,2011-02-04T00:00,0,train
760,2011-02-04T01:00,1,train
761,2011-02-04T02:00,2,train
762,2011-02-04T03:00,3,train
763,2011-02-04T05:00,5,train
764,2011-02-04T06:00,6,train
765,2011-02-04T07:00,7,train
766,2011-02-04T08:00,8,train
767,2011-02-04T09:00,9,train
768,2011-02-04T10:00,10,train
769,2011-02-04T11:00,11,train
770,2011-02-04T12:00,12,train
771,2011-02-04T13:00,13,train
772,2011-02-04T14:00,14,train
773,2011-02-04T15:00,15,train
774,2011-02-04T16:00,16,train
775,2011-02-04T17:00,17,train
776,2011-02-04T18:00,18,train
777,2011-02-04T19:00,19,train
778,2011-02-04T20:00,20,train
779,2011-02-04T21:00,21,train
780,2011-02-04T22:00,22,train
781,2011-02-04T23:00,23,train
782,2011-02-05T00:00,0,train
783,2011-02-05T01:00,1,train
784,2011-02-05T02:00,2,train
785,2011-02-05T03:00,3,train
786,2011-02-05T04:00,4,train
787,2011-02-05T05:00,5,train
788,2011-02-05T06:00,6,train
789,2011-02-05T07:00,7,train
790,2011-02-05T08:00,8,train
791,2011-02-05T09:00,9,train
792,2011-02-05T10:00,10,train
793,2011-02-05T11:00,11,train
794,2011-02-05T12:00,12,train
795,2011-02-05T13:00,13,train
796,2011-02-05T14:00,14,train
797,2011-02-05T15:00,15,train
798,2011-02-05T16:00,16,train
799,2011-02-05T17:00,17,train
800,2011-02-05T18:00,18,train
801,2011-02-05T19:00,19,train
802,2011-02-05T20:00,20,train
803,2011-02-05T21:00,21,train
804,2011-02-05T22:00,22,train
805,2011-02-05T23:00,23,train
806,2011-02-06T00:00,0,train
807,2011-02-06T01:00,1,train
808,2011-02-06T02:00,2,train
809,2011-02-06T03:00,3,train
810,2011-02-06T04:00,4,train
811,2011-02-06T05:00,5,train
812,2011-02-06T06:00,6,train
813,2011-02-06T07:00,7,train
814,2011-02-06T08:00,8,train
815,2011-02-06T09:00,9,train
816,2011-02-06T10:00,10,train
817,2011-02-06T11:00,11,train
818,2011-02-06T12:00,12,train
819,2011-02-06T13:00,13,train
820,2011-02-06T14:00,14,train
821,2011-02-06T15:00,15,train
822,2011-02-06T16:00,16,train
823,2011-02-06T17:00,17,train
824,2011-02-06T18:00,18,train
825,2011-02-06T19:00,19,train
826,2011-02-06T20:00,20,train
827,2011-02-06T21:00,21,train
828,2011-02-06T22:00,22,train
829,2011-02-06T23:00,23,train
830,2011-02-07T00:00,0,train
831,2011-02-07T01:00,1,train
832,2011-02-07T02:00,2,train
833,2011-02-07T03:00,3,train
834,2011-02-07T04:00,4,train
835,2011-02-07T05:00,5,train
836,2011-02-07T06:00,6,train
837,2011-02-07T07:00,7,train
838,2011-02-07T08:00,8,train
839,2011-02-07T09:00,9,train
840,2011-02-07T10:00,10,train
841,2011-02-07T11:00,11,train
842,2011-02-07T12:00,12,train
843,2011-02-07T13:00,13,train
844,2011-02-07T14:00,14,train
845,2011-02-07T15:00,15,train
846,2011-02-07T16:00,16,train
847,2011-02-07T17:00,17,train
848,2011-02-07T18:00,18,train
849,2011-02-07T19:00,19,train
850,2011-02-07T20:00,20,train
851,2011-02-07T21:00,21,train
852,2011-02-07T22:00,22,train
853,2011-02-07T23:00,23,train
854,2011-02-08T00:00,0,train
855,2011-02-08T01:00,1,train
856,2011-02-08T02:00,2,train
857,2011-02-08T03:00,3,train
858,2011-02-08T04:00,4,train
859,2011-02-08T05:00,5,train
860,2011-02-08T06:00,6,train
861,2011-02-08T07:00,7,train
862,2011-02-08T08:00,8,train
863,2011-02-08T09:00,9,train
864,2011-02-08T10:00,10,train
865,2011-02-08T11:00,11,train
866,2011-02-08T12:00,12,train
867,2011-02-08T13:00,13,train
868,2011-02-08T14:00,14,train
869,2011-02-08T15:00,15,train
870,2011-02-08T16:00,16,train
871,2011-02-08T17:00,17,train
872,2011-02-08T18:00,18,train
873,2011-02-08T19:00,19,train
874,2011-02-08T20:00,20,train
875,2011-02-08T21:00,21,train
876,2011-02-08T22:00,22,train
877,2011-02-08T23:00,23,train
878,2011-02-09T00:00,0,train
879,2011-02-09T01:00,1,train
880,2011-02-09T02:00,2,train
881,2011-02-09T03:00,3,train
882,2011-02-09T05:00,5,train
883,2011-02-09T06:00,6,train
884,2011-02-09T07:00,7,train
885,2011-02-09T08:00,8,train
886,2011-02-09T09:00,9,train
887,2011-02-09T10:00,10,train
888,2011-02-09T11:00,11,train
889,2011-02-09T12:00,12,train
890,2011-02-09T13:00,13,train
891,2011-02-09T14:00,14,train
892,2011-02-09T15:00,15,train
893,2011-02-09T16:00,16,train
894,2011-02-09T17:00,17,train
895,2011-02-09T18:00,18,train
896,2011-02-09T19:00,19,train
897,2011-02-09T20:00,20,train
898,2011-02-09T21:00,21,train
899,2011-02-09T22:00,22,train
900,2011-02-09T23:00,23,train
901,2011-02-10T00:00,0,train
902,2011-02-10T01:00,1,train
903,2011-02-10T02:00,2,train
904,2011-02-10T04:00,4,train
905,2011-02-10T05:00,5,train
906,2011-02-10T06:00,6,train
907,2011-02-10T07:00,7,train
908,2011-02-10T08:00,8,train
909,2011-02-10T09:00,9,train
910,2011-02-10T10:00,10,train
911,2011-02-10T11:00,11,train
912,2011-02-10T12:00,12,train
913,2011-02-10T13:00,13,train
914,2011-02-10T14:00,14,train
915,2011-02-10T15:00,15,train
916,2011-02-10T16:00,16,train
917,2011-02-10T17:00,17,train
918,2011-02-10T18:00,18,train
919,2011-02-10T19:00,19,train
920,2011-02-10T20:00,20,train
921,2011-02-10T21:00,21,train
922,2011-02-10T22:00,22,train
923,2011-02-10T23:00,23,train
924,2011-02-11T00:00,0,train
925,2011-02-11T01:00,1,train
926,2011-02-11T02:00,2,train
927,2011-02-11T05:00,5,train
928,2011-02-11T06:00,6,train
929,2011-02-11T07:00,7,train
930,2011-02-11T08:00,8,train
931,2011-02-11T09:00,9,train
932,2011-02-11T10:00,10,train
933,2011-02-11T11:00,11,train
934,2011-02-11T12:00,12,train
935,2011-02-11T13:00,13,train
936,2011-02-11T14:00,14,train
937,2011-02-11T15:00,15,train
938,2011-02-11T16:00,16,train
939,2011-02-11T17:00,17,train
940,2011-02-11T18:00,18,train
941,2011-02-11T19:00,19,train
942,2011-02-11T20:00,20,train
943,2011-02-11T21:00,21,train
944,2011-02-11T22:00,22,train
945,2011-02-11T23:00,23,train
946,2011-02-12T00:00,0,train
947,2011-02-12T01:00,1,train
948,2011-02-12T02:00,2,train
949,2011-02-12T03:00,3,train
950,2011-02-12T04:00,4,train
951,2011-02-12T05:00,5,train
952,2011-02-12T06:00,6,train
953,2011-02-12T07:00,7,train
954,2011-02-12T08:00,8,train
955,2011-02-12T09:00,9,train
956,2011-02-12T10:00,10,train
957,2011-02-12T11:00,11,train
958,2011-02-12T12:00,12,train
959,2011-02-12T13:00,13,train
960,2011-02-12T14:00,14,train
961,2011-02-12T15:00,15,train
962,2011-02-12T16:00,16,train
963,2011-02-12T17:00,17,train
964,2011-02-12T18:00,18,train
965,2011-02-12T19:00,19,train
966,2011-02-12T20:00,20,train
967,2011-02-12T21:00,21,train
968,2011-02-12T22:00,22,train
969,2011-02-12T23:00,23,train
970,2011-02-13T00:00,0,train
971,2011-02-13T01:00,1,train
972,2011-02-13T02:00,2,train
973,2011-02-13T03:00,3,train
974,2011-02-13T04:00,4,train
975,2011-02-13T06:00,6,train
976,2011-02-13T07:00,7,train
977,2011-02-13T08:00,8,train
978,2011-02-13T09:00,9,train
979,2011-02-13T10:00,10,train
980,2011-02-13T11:00,11,train
981,2011-02-13T12:00,12,train
982,2011-02-13T13:00,13,train
983,2011-02-13T14:00,14,train
984,2011-02-13T15:00,15,train
985,2011-02-13T16:00,16,train
986,2011-02-13T17:00,17,train
987,2011-02-13T18:00,18,train
988,2011-02-13T19:00,19,train
989,2011-02-13T20:00,20,train
990,2011-02-13T21:00,21,train
991,2011-02-13T22:00,22,train
992,2011-02-13T23:00,23,train
993,2011-02-14T00:00,0,train
994,2011-02-14T01:00,1,train
995,2011-02-14T02:00,2,train
996,2011-02-14T03:00,3,train
997,2011-02-14T04:00,4,train
998,2011-02-14T05:00,5,train
999,2011-02-14T06:00,6,train
1000,2011-02-14T07:00,7,train
1001,2011-02-14T08:00,8,train
1002,2011-02-14T09:00,9,train
1003,2011-02-14T10:00,10,train
1004,2011-02-14T11:00,11,train
1005,2011-02-14T12:00,12,train
1006,2011-02-14T13:00,13,train
1007,2011-02-14T14:00,14,train
1008,2011-02-14T15:00,15,train
1009,2011-02-14T16:00,16,train
1010,2011-02-14T17:00,17,train
1011,2011-02-14T18:00,18,train
1012,2011-02-14T19:00,19,train
1013,2011-02-14T20:00,20,train
1014,2011-02-14T21:00,21,train
1015,2011-02-14T22:00,22,train
1016,2011-02-14T23:00,23,train
1017,2011-02-15T00:00,0,train
1018,2011-02-15T01:00,1,train
1019,2011-02-15T02:00,2,train
1020,2011-02-15T04:00,4,train
1021,2011-02-15T05:00,5,train
1022,2011-02-15T06:00,6,train
1023,2011-02-15T07:00,7,train
1024,2011-02-15T08:00,8,train
1025,2011-02-15T09:00,9,train
1026,2011-02-15T10:00,10,train
1027,2011-02-15T11:00,11,train
1028,2011-02-15T12:00,12,train
1029,2011-02-15T13:00,13,train
1030,2011-02-15T14:00,14,train
1031,2011-02-15T15:00,15,train
1032,2011-02-15T16:00,16,train
1033,2011-02-15T17:00,17,train
1034,2011-02-15T18:00,18,train
1035,2011-02-15T19:00,19,train
1036,2011-02-15T20:00,20,train
1037,2011-02-15T21:00,21,train
1038,2011-02-15T22:00,22,train
1039,2011-02-15T23:00,23,train
1040,2011-02-16T00:00,0,train
1041,2011-02-16T01:00,1,train
1042,2011-02-16T03:00,3,train
1043,2011-02-16T04:00,4,train
1044,2011-02-16T05:00,5,train
1045,2011-02-16T06:00,6,train
1046,2011-02-16T07:00,7,train
1047,2011-02-16T08:00,8,train
1048,2011-02-16T09:00,9,train
1049,2011-02-16T10:00,10,train
1050,2011-02-16T11:00,11,train
1051,2011-02-16T12:00,12,train
1052,2011-02-16T13:00,13,train
1053,2011-02-16T14:00,14,train
1054,2011-02-16T15:00,15,train
1055,2011-02-16T16:00,16,train
1056,2011-02-16T17:00,17,train
1057,2011-02-16T18:00,18,train
1058,2011-02-16T19:00,19,train
1059,2011-02-16T20:00,20,train
1060,2011-02-16T21:00,21,train
1061,2011-02-16T22:00,22,train
1062,2011-02-16T23:00,23,train
1063,2011-02-17T00:00,0,train
1064,2011-02-17T01:00,1,train
1065,2011-02-17T02:00,2,train
1066,2011-02-17T03:00,3,train
1067,2011-02-17T04:00,4,train
1068,2011-02-17T05:00,5,train
1069,2011-02-17T06:00,6,train
1070,2011-02-17T07:00,7,train
1071,2011-02-17T08:00,8,train
1072,2011-02-17T09:00,9,train
1073,2011-02-17T10:00,10,train
1074,2011-02-17T11:00,11,train
1075,2011-02-17T12:00,12,train
1076,2011-02-17T13:00,13,train
1077,2011-02-17T14:00,14,train
1078,2011-02-17T15:00,15,train
1079,2011-02-17T16:00,16,train
1080,2011-02-17T17:00,17,train
1081,2011-02-17T18:00,18,train
1082,2011-02-17T19:00,19,train
1083,2011-02-17T20:00,20,train
1084,2011-02-17T21:00,21,train
1085,2011-02-17T22:00,22,train
1086,2011-02-17T23:00,23,train
1087,2011-02-18T00:00,0,train
1088,2011-02-18T01:00,1,train
1089,2011-02-18T02:00,2,train
1090,2011-02-18T03:00,3,train
1091,2011-02-18T04:00,4,train
1092,2011-02-18T05:00,5,train
1093,2011-02-18T06:00,6,train
1094,2011-02-18T07:00,7,train
1095,2011-02-18T08:00,8,train
1096,2011-02-18T09:00,9,train
1097,2011-02-18T10:00,10,train
1098,2011-02-18T11:00,11,train
1099,2011-02-18T12:00,12,train
1100,2011-02-18T13:00,13,train
1101,2011-02-18T14:00,14,train
1102,2011-02-18T15:00,15,train
1103,2011-02-18T16:00,16,train
1104,2011-02-18T17:00,17,train
1105,2011-02-18T18:00,18,train
1106,2011-02-18T19:00,19,train
1107,2011-02-18T20:00,20,train
1108,2011-02-18T21:00,21,train
1109,2011-02-18T22:00,22,train
1110,2011-02-18T23:00,23,train
1111,2011-02-19T00:00,0,train
1112,2011-02-19T01:00,1,train
1113,2011-02-19T02:00,2,train
1114,2011-02-19T03:00,3,train
1115,2011-02-19T04:00,4,train
1116,2011-02-19T05:00,5,train
1117,2011-02-19T06:00,6,train
1118,2011-02-19T07:00,7,train
1119,2011-02-19T08:00,8,train
1120,2011-02-19T09:00,9,train
1121,2011-02-19T10:00,10,train
1122,2011-02-19T11:00,11,train
1123,2011-02-19T12:00,12,train
1124,2011-02-19T13:00,13,train
1125,2011-02-19T14:00,14,train
1126,2011-02-19T15:00,15,train
1127,2011-02-19T16:00,16,train
1128,2011-02-19T17:00,17,train
1129,2011-02-19T18:00,18,train
1130,2011-02-19T19:00,19,train
1131,2011-02-19T20:00,20,train
1132,2011-02-19T21:00,21,train
1133,2011-02-19T22:00,22,train
1134,2011-02-19T23:00,23,train
1135,2011-02-20T00:00,0,train
1136,2011-02-20T01:00,1,train
1137,2011-02-20T02:00,2,train
1138,2011-02-20T03:00,3,train
1139,2011-02-20T04:00,4,train
1140,2011-02-20T06:00,6,train
1141,2011-02-20T07:00,7,train
1142,2011-02-20T08:00,8,train
1143,2011-02-20T09:00,9,train
1144,2011-02-20T10:00,10,train
1145,2011-02-20T11:00,11,train
1146,2011-02-20T12:00,12,train
1147,2011-02-20T13:00,13,train
1148,2011-02-20T14:00,14,train
1149,2011-02-20T15:00,15,train
1150,2011-02-20T16:00,16,train
1151,2011-02-20T17:00,17,train
1152,2011-02-20T18:00,18,train
1153,2011-02-20T19:00,19,train
1154,2011-02-20T20:00,20,train
1155,2011-02-20T21:00,21,train
1156,2011-02-20T22:00,22,train
1157,2011-02-20T23:00,23,train
1158,2011-02-21T00:00,0,train
1159,2011-02-21T01:00,1,train
1160,2011-02-21T02:00,2,train
1161,2011-02-21T03:00,3,train
1162,2011-02-21T04:00,4,train
1163,2011-02-21T05:00,5,train
1164,2011-02-21T06:00,6,train
1165,2011-02-21T07:00,7,train
1166,2011-02-21T08:00,8,train
1167,2011-02-21T09:00,9,train
1168,2011-02-21T10:00,10,train
1169,2011-02-21T11:00,11,train
1170,2011-02-21T12:00,12,train
1171,2011-02-21T13:00,13,train
1172,2011-02-21T14:00,14,train
1173,2011-02-21T15:00,15,train
1174,2011-02-21T16:00,16,train
1175,2011-02-21T17:00,17,train
1176,2011-02-21T18:00,18,train
1177,2011-02-21T19:00,19,train
1178,2011-02-21T20:00,20,train
1179,2011-02-21T21:00,21,train
1180,2011-02-21T22:00,22,train
1181,2011-02-21T23:00,23,train
1182,2011-02-22T06:00,6,train
1183,2011-02-22T07:00,7,train
1184,2011-02-22T08:00,8,train
1185,2011-02-22T09:00,9,train
1186,2011-02-22T10:00,10,train
1187,2011-02-22T11:00,11,train
1188,2011-02-22T12:00,12,train
1189,2011-02-22T13:00,13,train
1190,2011-02-22T14:00,14,train
1191,2011-02-22T15:00,15,train
1192,2011-02-22T16:00,16,train
1193,2011-02-22T17:00,17,train
1194,2011-02-22T18:00,18,train
1195,2011-02-22T19:00,19,train
1196,2011-02-22T20:00,20,train
1197,2011-02-22T21:00,21,train
1198,2011-02-22T22:00,22,train
1199,2011-02-22T23:00,23,train
1200,2011-02-23T00:00,0,train
1201,2011-02-23T01:00,1,train
1202,2011-02-23T02:00,2,train
1203,2011-02-23T03:00,3,train
1204,2011-02-23T05:00,5,train
1205,2011-02-23T06:00,6,train
1206,2011-02-23T07:00,7,train
1207,2011-02-23T08:00,8,train
1208,2011-02-23T09:00,9,train
1209,2011-02-23T10:00,10,train
1210,2011-02-23T11:00,11,train
1211,2011-02-23T12:00,12,train
1212,2011-02-23T13:00,13,train
1213,2011-02-23T14:00,14,train
1214,2011-02-23T15:00,15,train
1215,2011-02-23T16:00,16,train
1216,2011-02-23T17:00,17,train
1217,2011-02-23T18:00,18,train
1218,2011-02-23T19:00,19,train
1219,2011-02-23T20:00,20,train
1220,2011-02-23T21:00,21,train
1221,2011-02-23T22:00,22,train
1222,2011-02-23T23:00,23,train
1223,2011-02-24T00:00,0,train
1224,2011-02-24T01:00,1,train
1225,2011-02-24T02:00,2,train
1226,2011-02-24T03:00,3,train
1227,2011-02-24T05:00,5,train
1228,2011-02-24T06:00,6,train
1229,2011-02-24T07:00,7,train
1230,2011-02-24T08:00,8,train
1231,2011-02-24T09:00,9,train
1232,2011-02-24T10:00,10,train
1233,2011-02-24T11:00,11,train
1234,2011-02-24T12:00,12,train
1235,2011-02-24T13:00,13,train
1236,2011-02-24T14:00,14,train
1237,2011-02-24T15:00,15,train
1238,2011-02-24T16:00,16,train
1239,2011-02-24T17:00,17,train
1240,2011-02-24T18:00,18,train
1241,2011-02-24T19:00,19,train
1242,2011-02-24T20:00,20,train
1243,2011-02-24T21:00,21,train
1244,2011-02-24T22:00,22,train
1245,2011-02-24T23:00,23,train
1246,2011-02-25T00:00,0,train
1247,2011-02-25T01:00,1,train
1248,2011-02-25T02:00,2,train
1249,2011-02-25T03:00,3,train
1250,2011-02-25T05:00,5,train
1251,2011-02-25T06:00,6,train
1252,2011-02-25T07:00,7,train
1253,2011-02-25T08:00,8,train
1254,2011-02-25T09:00,9,train
1255,2011-02-25T10:00,10,train
1256,2011-02-25T11:00,11,train
1257,2011-02-25T12:00,12,train
1258,2011-02-25T13:00,13,train
1259,2011-02-25T14:00,14,train
1260,2011-02-25T15:00,15,train
1261,2011-02-25T16:00,16,train
1262,2011-02-25T17:00,17,train
1263,2011-02-25T18:00,18,train
1264,2011-02-25T19:00,19,train
1265,2011-02-25T20:00,20,train
1266,2011-02-25T21:00,21,train
1267,2011-02-25T22:00,22,train
1268,2011-02-25T23:00,23,train
1269,2011-02-26T00:00,0,train
1270,2011-02-26T01:00,1,train
1271,2011-02-26T02:00,2,train
1272,2011-02-26T03:00,3,train
1273,2011-02-26T04:00,4,train
1274,2011-02-26T05:00,5,train
1275,2011-02-26T06:00,6,train
1276,2011-02-26T07:00,7,train
1277,2011-02-26T08:00,8,train
1278,2011-02-26T09:00,9,train
1279,2011-02-26T10:00,10,train
1280,2011-02-26T11:00,11,train
1281,2011-02-26T12:00,12,train
1282,2011-02-26T13:00,13,train
1283,2011-02-26T14:00,14,train
1284,2011-02-26T15:00,15,train
1285,2011-02-26T16:00,16,train
1286,2011-02-26T17:00,17,train
1287,2011-02-26T18:00,18,train
1288,2011-02-26T19:00,19,train
1289,2011-02-26T20:00,20,train
1290,2011-02-26T21:00,21,train
1291,2011-02-26T22:00,22,train
1292,2011-02-26T23:00,23,train
1293,2011-02-27T00:00,0,train
1294,2011-02-27T01:00,1,train
1295,2011-02-27T02:00,2,train
1296,2011-02-27T03:00,3,train
1297,2011-02-27T04:00,4,train
1298,2011-02-27T06:00,6,train
1299,2011-02-27T07:00,7,train
1300,2011-02-27T08:00,8,train
1301,2011-02-27T09:00,9,train
1302,2011-02-27T10:00,10,train
1303,2011-02-27T11:00,11,train
1304,2011-02-27T12:00,12,train
1305,2011-02-27T13:00,13,train
1306,2011-02-27T14:00,14,train
1307,2011-02-27T15:00,15,train
1308,2011-02-27T16:00,16,train
1309,2011-02-27T17:00,17,train
1310,2011-02-27T18:00,18,train
1311,2011-02-27T19:00,19,train
1312,2011-02-27T20:00,20,train
1313,2011-02-27T21:00,21,train
1314,2011-02-27T22:00,22,train
1315,2011-02-27T23:00,23,train
1316,2011-02-28T00:00,0,train
1317,2011-02-28T01:00,1,train
1318,2011-02-28T03:00,3,train
1319,2011-02-28T05:00,5,train
1320,2011-02-28T06:00,6,train
1321,2011-02-28T07:00,7,train
1322,2011-02-28T08:00,8,train
1323,2011-02-28T09:00,9,train
1324,2011-02-28T10:00,10,train
1325,2011-02-28T11:00,11,train
1326,2011-02-28T12:00,12,train
1327,2011-02-28T13:00,13,train
1328,2011-02-28T14:00,14,train
1329,2011-02-28T15:00,15,train
1330,2011-02-28T16:00,16,train
1331,2011-02-28T17:00,17,train
1332,2011-02-28T18:00,18,train
1333,2011-02-28T19:00,19,train
1334,2011-02-28T20:00,20,train
1335,2011-02-28T21:00,21,train
1336,2011-02-28T22:00,22,train
1337,2011-02-28T23:00,23,train
1338,2011-03-01T00:00,0,train
1339,2011-03-01T01:00,1,train
1340,2011-03-01T02:00,2,train
1341,2011-03-01T03:00,3,train
1342,2011-03-01T04:00,4,train
1343,2011-03-01T05:00,5,train
1344,2011-03-01T06:00,6,train
1345,2011-03-01T07:00,7,train
1346,2011-03-01T08:00,8,train
1347,2011-03-01T09:00,9,train
1348,2011-03-01T10:00,10,train
1349,2011-03-01T11:00,11,train
1350,2011-03-01T12:00,12,train
1351,2011-03-01T13:00,13,train
1352,2011-03-01T14:00,14,train
1353,2011-03-01T15:00,15,train
1354,2011-03-01T16:00,16,train
1355,2011-03-01T17:00,17,train
1356,2011-03-01T18:00,18,train
1357,2011-03-01T19:00,19,train
1358,2011-03-01T20:00,20,train
1359,2011-03-01T21:00,21,train
1360,2011-03-01T22:00,22,train
1361,2011-03-01T23:00,23,train
1362,2011-03-02T00:00,0,train
1363,2011-03-02T01:00,1,train
1364,2011-03-02T02:00,2,train
1365,2011-03-02T03:00,3,train
1366,2011-03-02T04:00,4,train
1367,2011-03-02T05:00,5,train
1368,2011-03-02T06:00,6,train
1369,2011-03-02T07:00,7,train
1370,2011-03-02T08:00,8,train
1371,2011-03-02T09:00,9,train
1372,2011-03-02T10:00,10,train
1373,2011-03-02T11:00,11,train
1374,2011-03-02T12:00,12,train
1375,2011-03-02T13:00,13,train
1376,2011-03-02T14:00,14,train
1377,2011-03-02T15:00,15,train
1378,2011-03-02T16:00,16,train
1379,2011-03-02T17:00,17,train
1380,2011-03-02T18:00,18,train
1381,2011-03-02T19:00,19,train
1382,2011-03-02T20:00,20,train
1383,2011-03-02T21:00,21,train
1384,2011-03-02T22:00,22,train
1385,2011-03-02T23:00,23,train
1386,2011-03-03T00:00,0,train
1387,2011-03-03T01:00,1,train
1388,2011-03-03T02:00,2,train
1389,2011-03-03T03:00,3,train
1390,2011-03-03T04:00,4,train
1391,2011-03-03T05:00,5,train
1392,2011-03-03T06:00,6,train
1393,2011-03-03T07:00,7,train
1394,2011-03-03T08:00,8,train
1395,2011-03-03T09:00,9,train
1396,2011-03-03T10:00,10,train
1397,2011-03-03T11:00,11,train
1398,2011-03-03T12:00,12,train
1399,2011-03-03T13:00,13,train
1400,2011-03-03T14:00,14,train
1401,2011-03-03T15:00,15,train
1402,2011-03-03T16:00,16,train
1403,2011-03-03T17:00,17,train
1404,2011-03-03T18:00,18,train
1405,2011-03-03T19:00,19,train
1406,2011-03-03T20:00,20,train
1407,2011-03-03T21:00,21,train
1408,2011-03-03T22:00,22,train
1409,2011-03-03T23:00,23,train
1410,2011-03-04T00:00,0,train
1411,2011-03-04T01:00,1,train
1412,2011-03-04T02:00,2,train
1413,2011-03-04T03:00,3,train
1414,2011-03-04T04:00,4,train
1415,2011-03-04T05:00,5,train
1416,2011-03-04T06:00,6,train
1417,2011-03-04T07:00,7,train
1418,2011-03-04T08:00,8,train
1419,2011-03-04T09:00,9,train
1420,2011-03-04T10:00,10,train
1421,2011-03-04T11:00,11,train
1422,2011-03-04T12:00,12,train
1423,2011-03-04T13:00,13,train
1424,2011-03-04T14:00,14,train
1425,2011-03-04T15:00,15,train
1426,2011-03-04T16:00,16,train
1427,2011-03-04T17:00,17,train
1428,2011-03-04T18:00,18,train
1429,2011-03-04T19:00,19,train
1430,2011-03-04T20:00,20,train
1431,2011-03-04T21:00,21,train
1432,2011-03-04T22:00,22,train
1433,2011-03-04T23:00,23,train
1434,2011-03-05T00:00,0,train
1435,2011-03-05T01:00,1,train
1436,2011-03-05T02:00,2,train
1437,2011-03-05T03:00,3,train
1438,2011-03-05T04:00,4,train
1439,2011-03-05T05:00,5,train
1440,2011-03-05T06:00,6,train
1441,2011-03-05T07:00,7,train
1442,2011-03-05T08:00,8,train
1443,2011-03-05T09:00,9,train
1444,2011-03-05T10:00,10,train
1445,2011-03-05T11:00,11,train
1446,2011-03-05T12:00,12,train
1447,2011-03-05T13:00,13,train
1448,2011-03-05T14:00,14,train
1449,2011-03-05T15:00,15,train
1450,2011-03-05T16:00,16,train
1451,2011-03-05T17:00,17,train
1452,2011-03-05T18:00,18,train
1453,2011-03-05T19:00,19,train
1454,2011-03-05T20:00,20,train
1455,2011-03-05T21:00,21,train
1456,2011-03-05T22:00,22,train
1457,2011-03-05T23:00,23,train
1458,2011-03-06T00:00,0,train
1459,2011-03-06T01:00,1,train
1460,2011-03-06T02:00,2,train
1461,2011-03-06T03:00,3,train
1462,2011-03-06T04:00,4,train
1463,2011-03-06T06:00,6,train
1464,2011-03-06T07:00,7,train
1465,2011-03-06T08:00,8,train
1466,2011-03-06T09:00,9,train
1467,2011-03-06T10:00,10,train
1468,2011-03-06T11:00,11,train
1469,2011-03-06T12:00,12,train
1470,2011-03-06T13:00,13,train
1471,2011-03-06T14:00,14,train
1472,2011-03-06T15:00,15,train
1473,2011-03-06T16:00,16,train
1474,2011-03-06T17:00,17,train
1475,2011-03-06T18:00,18,train
1476,2011-03-06T19:00,19,train
1477,2011-03-06T20:00,20,train
1478,2011-03-06T21:00,21,train
1479,2011-03-06T22:00,22,train
1480,2011-03-06T23:00,23,train
1481,2011-03-07T00:00,0,train
1482,2011-03-07T01:00,1,train
1483,2011-03-07T03:00,3,train
1484,2011-03-07T04:00,4,train
1485,2011-03-07T05:00,5,train
1486,2011-03-07T06:00,6,train
1487,2011-03-07T07:00,7,train
1488,2011-03-07T08:00,8,train
1489,2011-03-07T09:00,9,train
1490,2011-03-07T10:00,10,train
1491,2011-03-07T11:00,11,train
1492,2011-03-07T12:00,12,train
1493,2011-03-07T13:00,13,train
1494,2011-03-07T14:00,14,train
1495,2011-03-07T15:00,15,train
1496,2011-03-07T16:00,16,train
1497,2011-03-07T17:00,17,train
1498,2011-03-07T18:00,18,train
1499,2011-03-07T19:00,19,train
1500,2011-03-07T20:00,20,train
1501,2011-03-07T21:00,21,train
1502,2011-03-07T22:00,22,train
1503,2011-03-07T23:00,23,train
1504,2011-03-08T00:00,0,train
1505,2011-03-08T01:00,1,train
1506,2011-03-08T02:00,2,train
1507,2011-03-08T03:00,3,train
1508,2011-03-08T04:00,4,train
1509,2011-03-08T05:00,5,train
1510,2011-03-08T06:00,6,train
1511,2011-03-08T07:00,7,train
1512,2011-03-08T08:00,8,train
1513,2011-03-08T09:00,9,train
1514,2011-03-08T10:00,10,train
1515,2011-03-08T11:00,11,train
1516,2011-03-08T12:00,12,train
1517,2011-03-08T13:00,13,train
1518,2011-03-08T14:00,14,train
1519,2011-03-08T15:00,15,train
1520,2011-03-08T16:00,16,train
1521,2011-03-08T17:00,17,train
1522,2011-03-08T18:00,18,train
1523,2011-03-08T19:00,19,train
1524,2011-03-08T20:00,20,train
1525,2011-03-08T21:00,21,train
1526,2011-03-08T22:00,22,train
1527,2011-03-08T23:00,23,train
1528,2011-03-09T00:00,0,train
1529,2011-03-09T01:00,1,train
1530,2011-03-09T02:00,2,train
1531,2011-03-09T03:00,3,train
1532,2011-03-09T04:00,4,train
1533,2011-03-09T05:00,5,train
1534,2011-03-09T06:00,6,train
1535,2011-03-09T07:00,7,train
1536,2011-03-09T08:00,8,train
1537,2011-03-09T09:00,9,train
1538,2011-03-09T10:00,10,train
1539,2011-03-09T11:00,11,train
1540,2011-03-09T12:00,12,train
1541,2011-03-09T13:00,13,train
1542,2011-03-09T14:00,14,train
1543,2011-03-09T15:00,15,train
1544,2011-03-09T16:00,16,train
1545,2011-03-09T17:00,17,train
1546,2011-03-09T18:00,18,train
1547,2011-03-09T19:00,19,train
1548,2011-03-09T20:00,20,train
1549,2011-03-09T21:00,21,train
1550,2011-03-09T22:00,22,train
1551,2011-03-09T23:00,23,train
1552,2011-03-10T00:00,0,train
1553,2011-03-10T01:00,1,train
1554,2011-03-10T02:00,2,train
1555,2011-03-10T05:00,5,train
1556,2011-03-10T06:00,6,train
1557,2011-03-10T07:00,7,train
1558,2011-03-10T08:00,8,train
1559,2011-03-10T09:00,9,train
1560,2011-03-10T10:00,10,train
1561,2011-03-10T11:00,11,train
1562,2011-03-10T12:00,12,train
1563,2011-03-10T13:00,13,train
1564,2011-03-10T14:00,14,train
1565,2011-03-10T15:00,15,train
1566,2011-03-10T16:00,16,train
1567,2011-03-10T17:00,17,train
1568,2011-03-10T18:00,18,train
1569,2011-03-10T19:00,19,train
1570,2011-03-10T20:00,20,train
1571,2011-03-10T21:00,21,train
1572,2011-03-10T22:00,22,train
1573,2011-03-10T23:00,23,train
1574,2011-03-11T00:00,0,train
1575,2011-03-11T01:00,1,train
1576,2011-03-11T02:00,2,train
1577,2011-03-11T03:00,3,train
1578,2011-03-11T05:00,5,train
1579,2011-03-11T06:00,6,train
1580,2011-03-11T07:00,7,train
1581,2011-03-11T08:00,8,train
1582,2011-03-11T09:00,9,train
1583,2011-03-11T10:00,10,train
1584,2011-03-11T11:00,11,train
1585,2011-03-11T12:00,12,train
1586,2011-03-11T13:00,13,train
1587,2011-03-11T14:00,14,train
1588,2011-03-11T15:00,15,train
1589,2011-03-11T16:00,16,train
1590,2011-03-11T17:00,17,train
1591,2011-03-11T18:00,18,train
1592,2011-03-11T19:00,19,train
1593,2011-03-11T20:00,20,train
1594,2011-03-11T21:00,21,train
1595,2011-03-11T22:00,22,train
1596,2011-03-11T23:00,23,train
1597,2011-03-12T00:00,0,train
1598,2011-03-12T01:00,1,train
1599,2011-03-12T02:00,2,train
1600,2011-03-12T03:00,3,train
1601,2011-03-12T04:00,4,train
1602,2011-03-12T05:00,5,train
1603,2011-03-12T06:00,6,train
1604,2011-03-12T07:00,7,train
1605,2011-03-12T08:00,8,train
1606,2011-03-12T09:00,9,train
1607,2011-03-12T10:00,10,train
1608,2011-03-12T11:00,11,train
1609,2011-03-12T12:00,12,train
1610,2011-03-12T13:00,13,train
1611,2011-03-12T14:00,14,train
1612,2011-03-12T15:00,15,train
1613,2011-03-12T16:00,16,train
1614,2011-03-12T17:00,17,train
1615,2011-03-12T18:00,18,train
1616,2011-03-12T19:00,19,train
1617,2011-03-12T20:00,20,train
1618,2011-03-12T21:00,21,train
1619,2011-03-12T22:00,22,train
1620,2011-03-12T23:00,23,train
1621,2011-03-13T00:00,0,train
1622,2011-03-13T01:00,1,train
1623,2011-03-13T03:00,3,train
1624,2011-03-13T04:00,4,train
1625,2011-03-13T05:00,5,train
1626,2011-03-13T06:00,6,train
1627,2011-03-13T07:00,7,train
1628,2011-03-13T08:00,8,train
1629,2011-03-13T09:00,9,train
1630,2011-03-13T10:00,10,train
1631,2011-03-13T11:00,11,train
1632,2011-03-13T12:00,12,train
1633,2011-03-13T13:00,13,train
1634,2011-03-13T14:00,14,train
1635,2011-03-13T15:00,15,train
1636,2011-03-13T16:00,16,train
1637,2011-03-13T17:00,17,train
1638,2011-03-13T18:00,18,train
1639,2011-03-13T19:00,19,train
1640,2011-03-13T20:00,20,train
1641,2011-03-13T21:00,21,train
1642,2011-03-13T22:00,22,train
1643,2011-03-13T23:00,23,train
1644,2011-03-14T00:00,0,train
1645,2011-03-14T01:00,1,train
1646,2011-03-14T02:00,2,train
1647,2011-03-14T03:00,3,train
1648,2011-03-14T05:00,5,train
1649,2011-03-14T06:00,6,train
1650,2011-03-14T07:00,7,train
1651,2011-03-14T08:00,8,train
1652,2011-03-14T09:00,9,train
1653,2011-03-14T10:00,10,train
1654,2011-03-14T11:00,11,train
1655,2011-03-14T12:00,12,train
1656,2011-03-14T13:00,13,train
1657,2011-03-14T14:00,14,train
1658,2011-03-14T15:00,15,train
1659,2011-03-14T16:00,16,train
1660,2011-03-14T17:00,17,train
1661,2011-03-14T18:00,18,train
1662,2011-03-14T19:00,19,train
1663,2011-03-14T20:00,20,train
1664,2011-03-14T21:00,21,train
1665,2011-03-14T22:00,22,train
1666,2011-03-14T23:00,23,train
1667,2011-03-15T00:00,0,train
1668,2011-03-15T01:00,1,train
1669,2011-03-15T02:00,2,train
1670,2011-03-15T04:00,4,train
1671,2011-03-15T05:00,5,train
1672,2011-03-15T06:00,6,train
1673,2011-03-15T07:00,7,train
1674,2011-03-15T08:00,8,train
1675,2011-03-15T09:00,9,train
1676,2011-03-15T10:00,10,train
1677,2011-03-15T11:00,11,train
1678,2011-03-15T12:00,12,train
1679,2011-03-15T13:00,13,train
1680,2011-03-15T14:00,14,train
1681,2011-03-15T15:00,15,train
1682,2011-03-15T16:00,16,train
1683,2011-03-15T17:00,17,train
1684,2011-03-15T18:00,18,train
1685,2011-03-15T19:00,19,train
1686,2011-03-15T20:00,20,train
1687,2011-03-15T21:00,21,train
1688,2011-03-15T22:00,22,train
1689,2011-03-15T23:00,23,train
1690,2011-03-16T00:00,0,train
1691,2011-03-16T01:00,1,train
1692,2011-03-16T03:00,3,train
1693,2011-03-16T04:00,4,train
1694,2011-03-16T05:00,5,train
1695,2011-03-16T06:00,6,train
1696,2011-03-16T07:00,7,train
1697,2011-03-16T08:00,8,train
1698,2011-03-16T09:00,9,train
1699,2011-03-16T10:00,10,train
1700,2011-03-16T11:00,11,train
1701,2011-03-16T12:00,12,train
1702,2011-03-16T13:00,13,train
1703,2011-03-16T14:00,14,train
1704,2011-03-16T15:00,15,train
1705,2011-03-16T16:00,16,train
1706,2011-03-16T17:00,17,train
1707,2011-03-16T18:00,18,train
1708,2011-03-16T19:00,19,train
1709,2011-03-16T20:00,20,train
1710,2011-03-16T21:00,21,train
1711,2011-03-16T22:00,22,train
1712,2011-03-16T23:00,23,train
1713,2011-03-17T00:00,0,train
1714,2011-03-17T01:00,1,train
1715,2011-03-17T02:00,2,train
1716,2011-03-17T03:00,3,train
1717,2011-03-17T04:00,4,train
1718,2011-03-17T05:00,5,train
1719,2011-03-17T06:00,6,train
1720,2011-03-17T07:00,7,train
1721,2011-03-17T08:00,8,train
1722,2011-03-17T09:00,9,train
1723,2011-03-17T10:00,10,train
1724,2011-03-17T11:00,11,train
1725,2011-03-17T12:00,12,train
1726,2011-03-17T13:00,13,train
1727,2011-03-17T14:00,14,train
1728,2011-03-17T15:00,15,train
1729,2011-03-17T16:00,16,train
1730,2011-03-17T17:00,17,train
1731,2011-03-17T18:00,18,train
1732,2011-03-17T19:00,19,train
1733,2011-03-17T20:00,20,train
1734,2011-03-17T21:00,21,train
1735,2011-03-17T22:00,22,train
1736,2011-03-17T23:00,23,train
1737,2011-03-18T00:00,0,train
1738,2011-03-18T01:00,1,train
1739,2011-03-18T02:00,2,train
1740,2011-03-18T03:00,3,train
1741,2011-03-18T05:00,5,train
1742,2011-03-18T06:00,6,train
1743,2011-03-18T07:00,7,train
1744,2011-03-18T08:00,8,train
1745,2011-03-18T09:00,9,train
1746,2011-03-18T10:00,10,train
1747,2011-03-18T11:00,11,train
1748,2011-03-18T12:00,12,train
1749,2011-03-18T13:00,13,train
1750,2011-03-18T14:00,14,train
1751,2011-03-18T15:00,15,train
1752,2011-03-18T16:00,16,train
1753,2011-03-18T17:00,17,train
1754,2011-03-18T18:00,18,train
1755,2011-03-18T19:00,19,train
1756,2011-03-18T20:00,20,train
1757,2011-03-18T21:00,21,train
1758,2011-03-18T22:00,22,train
1759,2011-03-18T23:00,23,train
1760,2011-03-19T00:00,0,train
1761,2011-03-19T01:00,1,train
1762,2011-03-19T02:00,2,train
1763,2011-03-19T03:00,3,train
1764,2011-03-19T04:00,4,train
1765,2011-03-19T05:00,5,train
1766,2011-03-19T06:00,6,train
1767,2011-03-19T07:00,7,train
1768,2011-03-19T08:00,8,train
1769,2011-03-19T09:00,9,train
1770,2011-03-19T10:00,10,train
1771,2011-03-19T11:00,11,train
1772,2011-03-19T12:00,12,train
1773,2011-03-19T13:00,13,train
1774,2011-03-19T14:00,14,train
1775,2011-03-19T15:00,15,train
1776,2011-03-19T16:00,16,train
1777,2011-03-19T17:00,17,train
1778,2011-03-19T18:00,18,train
1779,2011-03-19T19:00,19,train
1780,2011-03-19T20:00,20,train
1781,2011-03-19T21:00,21,train
1782,2011-03-19T22:00,22,train
1783,2011-03-19T23:00,23,train
1784,2011-03-20T00:00,0,train
1785,2011-03-20T01:00,1,train
1786,2011-03-20T02:00,2,train
1787,2011-03-20T03:00,3,train
1788,2011-03-20T04:00,4,train
1789,2011-03-20T05:00,5,train
1790,2011-03-20T06:00,6,train
1791,2011-03-20T07:00,7,train
1792,2011-03-20T08:00,8,train
1793,2011-03-20T09:00,9,train
1794,2011-03-20T10:00,10,train
1795,2011-03-20T11:00,11,train
1796,2011-03-20T12:00,12,train
1797,2011-03-20T13:00,13,train
1798,2011-03-20T14:00,14,train
1799,2011-03-20T15:00,15,train
1800,2011-03-20T16:00,16,train
1801,2011-03-20T17:00,17,train
1802,2011-03-20T18:00,18,train
1803,2011-03-20T19:00,19,train
1804,2011-03-20T20:00,20,train
1805,2011-03-20T21:00,21,train
1806,2011-03-20T22:00,22,train
1807,2011-03-20T23:00,23,train
1808,2011-03-21T00:00,0,train
1809,2011-03-21T01:00,1,train
1810,2011-03-21T02:00,2,train
1811,2011-03-21T03:00,3,train
1812,2011-03-21T05:00,5,train
1813,2011-03-21T06:00,6,train
1814,2011-03-21T07:00,7,train
1815,2011-03-21T08:00,8,train
1816,2011-03-21T09:00,9,train
1817,2011-03-21T10:00,10,train
1818,2011-03-21T11:00,11,train
1819,2011-03-21T12:00,12,train
1820,2011-03-21T13:00,13,train
1821,2011-03-21T14:00,14,train
1822,2011-03-21T15:00,15,train
1823,2011-03-21T16:00,16,train
1824,2011-03-21T17:00,17,train
1825,2011-03-21T18:00,18,train
1826,2011-03-21T19:00,19,train
1827,2011-03-21T20:00,20,train
1828,2011-03-21T21:00,21,train
1829,2011-03-21T22:00,22,train
1830,2011-03-21T23:00,23,train
1831,2011-03-22T00:00,0,train
1832,2011-03-22T01:00,1,train
1833,2011-03-22T02:00,2,train
1834,2011-03-22T03:00,3,train
1835,2011-03-22T04:00,4,train
1836,2011-03-22T05:00,5,train
1837,2011-03-22T06:00,6,train
1838,2011-03-22T07:00,7,train
1839,2011-03-22T08:00,8,train
1840,2011-03-22T09:00,9,train
1841,2011-03-22T10:00,10,train
1842,2011-03-22T11:00,11,train
1843,2011-03-22T12:00,12,train
1844,2011-03-22T13:00,13,train
1845,2011-03-22T14:00,14,train
1846,2011-03-22T15:00,15,train
1847,2011-03-22T16:00,16,train
1848,2011-03-22T17:00,17,train
1849,2011-03-22T18:00,18,train
1850,2011-03-22T19:00,19,train
1851,2011-03-22T20:00,20,train
1852,2011-03-22T21:00,21,train
1853,2011-03-22T22:00,22,train
1854,2011-03-22T23:00,23,train
1855,2011-03-23T00:00,0,train
1856,2011-03-23T01:00,1,train
1857,2011-03-23T02:00,2,train
1858,2011-03-23T03:00,3,train
1859,2011-03-23T05:00,5,train
1860,2011-03-23T06:00,6,train
1861,2011-03-23T07:00,7,train
1862,2011-03-23T08:00,8,train
1863,2011-03-23T09:00,9,train
1864,2011-03-23T10:00,10,train
1865,2011-03-23T11:00,11,train
1866,2011-03-23T12:00,12,train
1867,2011-03-23T13:00,13,train
1868,2011-03-23T14:00,14,train
1869,2011-03-23T15:00,15,train
1870,2011-03-23T16:00,16,train
1871,2011-03-23T17:00,17,train
1872,2011-03-23T18:00,18,train
1873,2011-03-23T19:00,19,train
1874,2011-03-23T20:00,20,train
1875,2011-03-23T21:00,21,train
1876,2011-03-23T22:00,22,train
1877,2011-03-23T23:00,23,train
1878,2011-03-24T00:00,0,train
1879,2011-03-24T01:00,1,train
1880,2011-03-24T02:00,2,train
1881,2011-03-24T03:00,3,train
1882,2011-03-24T04:00,4,train
1883,2011-03-24T05:00,5,train
1884,2011-03-24T06:00,6,train
1885,2011-03-24T07:00,7,train
1886,2011-03-24T08:00,8,train
1887,2011-03-24T09:00,9,train
1888,2011-03-24T10:00,10,train
1889,2011-03-24T11:00,11,train
1890,2011-03-24T12:00,12,train
1891,2011-03-24T13:00,13,train
1892,2011-03-24T14:00,14,train
1893,2011-03-24T15:00,15,train
1894,2011-03-24T16:00,16,train
1895,2011-03-24T17:00,17,train
1896,2011-03-24T18:00,18,train
1897,2011-03-24T19:00,19,train
1898,2011-03-24T20:00,20,train
1899,2011-03-24T21:00,21,train
1900,2011-03-24T22:00,22,train
1901,2011-03-24T23:00,23,train
1902,2011-03-25T00:00,0,train
1903,2011-03-25T01:00,1,train
1904,2011-03-25T02:00,2,train
1905,2011-03-25T03:00,3,train
1906,2011-03-25T04:00,4,train
1907,2011-03-25T05:00,5,train
1908,2011-03-25T06:00,6,train
1909,2011-03-25T07:00,7,train
1910,2011-03-25T08:00,8,train
1911,2011-03-25T09:00,9,train
1912,2011-03-25T10:00,10,train
1913,2011-03-25T11:00,11,train
1914,2011-03-25T12:00,12,train
1915,2011-03-25T13:00,13,train
1916,2011-03-25T14:00,14,train
1917,2011-03-25T15:00,15,train
1918,2011-03-25T16:00,16,train
1919,2011-03-25T17:00,17,train
1920,2011-03-25T18:00,18,train
1921,2011-03-25T19:00,19,train
1922,2011-03-25T20:00,20,train
1923,2011-03-25T21:00,21,train
1924,2011-03-25T22:00,22,train
1925,2011-03-25T23:00,23,train
1926,2011-03-26T00:00,0,train
1927,2011-03-26T01:00,1,train
1928,2011-03-26T02:00,2,train
1929,2011-03-26T03:00,3,train
1930,2011-03-26T04:00,4,train
1931,2011-03-26T05:00,5,train
1932,2011-03-26T06:00,6,train
1933,2011-03-26T07:00,7,train
1934,2011-03-26T08:00,8,train
1935,2011-03-26T09:00,9,train
1936,2011-03-26T10:00,10,train
1937,2011-03-26T11:00,11,train
1938,2011-03-26T12:00,12,train
1939,2011-03-26T13:00,13,train
1940,2011-03-26T14:00,14,train
1941,2011-03-26T15:00,15,train
1942,2011-03-26T16:00,16,train
1943,2011-03-26T17:00,17,train
1944,2011-03-26T18:00,18,train
1945,2011-03-26T19:00,19,train
1946,2011-03-26T20:00,20,train
1947,2011-03-26T21:00,21,train
1948,2011-03-26T22:00,22,train
1949,2011-03-26T23:00,23,train
1950,2011-03-27T00:00,0,train
1951,2011-03-27T01:00,1,train
1952,2011-03-27T02:00,2,train
1953,2011-03-27T03:00,3,train
1954,2011-03-27T04:00,4,train
1955,2011-03-27T06:00,6,train
1956,2011-03-27T07:00,7,train
1957,2011-03-27T08:00,8,train
1958,2011-03-27T09:00,9,train
1959,2011-03-27T10:00,10,train
1960,2011-03-27T11:00,11,train
1961,2011-03-27T12:00,12,train
1962,2011-03-27T13:00,13,train
1963,2011-03-27T14:00,14,train
1964,2011-03-27T15:00,15,train
1965,2011-03-27T16:00,16,train
1966,2011-03-27T17:00,17,train
1967,2011-03-27T18:00,18,train
1968,2011-03-27T19:00,19,train
1969,2011-03-27T20:00,20,train
1970,2011-03-27T21:00,21,train
1971,2011-03-27T22:00,22,train
1972,2011-03-27T23:00,23,train
1973,2011-03-28T00:00,0,train
1974,2011-03-28T01:00,1,train
1975,2011-03-28T02:00,2,train
1976,2011-03-28T03:00,3,train
1977,2011-03-28T05:00,5,train
1978,2011-03-28T06:00,6,train
1979,2011-03-28T07:00,7,train
1980,2011-03-28T08:00,8,train
1981,2011-03-28T09:00,9,train
1982,2011-03-28T10:00,10,train
1983,2011-03-28T11:00,11,train
1984,2011-03-28T12:00,12,train
1985,2011-03-28T13:00,13,train
1986,2011-03-28T14:00,14,train
1987,2011-03-28T15:00,15,train
1988,2011-03-28T16:00,16,train
1989,2011-03-28T17:00,17,train
1990,2011-03-28T18:00,18,train
1991,2011-03-28T19:00,19,train
1992,2011-03-28T20:00,20,train
1993,2011-03-28T21:00,21,train
1994,2011-03-28T22:00,22,train
1995,2011-03-28T23:00,23,train
1996,2011-03-29T00:00,0,train
1997,2011-03-29T01:00,1,train
1998,2011-03-29T02:00,2,train
1999,2011-03-29T03:00,3,train
2000,2011-03-29T04:00,4,train
2001,2011-03-29T05:00,5,train
2002,2011-03-29T06:00,6,train
2003,2011-03-29T07:00,7,train
2004,2011-03-29T08:00,8,train
2005,2011-03-29T09:00,9,train
2006,2011-03-29T10:00,10,train
2007,2011-03-29T11:00,11,train
2008,2011-03-29T12:00,12,train
2009,2011-03-29T13:00,13,train
2010,2011-03-29T14:00,14,train
2011,2011-03-29T15:00,15,train
2012,2011-03-29T16:00,16,train
2013,2011-03-29T17:00,17,train
2014,2011-03-29T18:00,18,train
2015,2011-03-29T19:00,19,train
2016,2011-03-29T20:00,20,train
2017,2011-03-29T21:00,21,train
2018,2011-03-29T22:00,22,train
2019,2011-03-29T23:00,23,train
2020,2011-03-30T00:00,0,train
2021,2011-03-30T01:00,1,train
2022,2011-03-30T02:00,2,train
2023,2011-03-30T03:00,3,train
2024,2011-03-30T04:00,4,train
2025,2011-03-30T05:00,5,train
2026,2011-03-30T06:00,6,train
2027,2011-03-30T07:00,7,train
2028,2011-03-30T08:00,8,train
2029,2011-03-30T09:00,9,train
2030,2011-03-30T10:00,10,train
2031,2011-03-30T11:00,11,train
2032,2011-03-30T12:00,12,train
2033,2011-03-30T13:00,13,train
2034,2011-03-30T14:00,14,train
2035,2011-03-30T15:00,15,train
2036,2011-03-30T16:00,16,train
2037,2011-03-30T17:00,17,train
2038,2011-03-30T18:00,18,train
2039,2011-03-30T19:00,19,train
2040,2011-03-30T20:00,20,train
2041,2011-03-30T21:00,21,train
2042,2011-03-30T22:00,22,train
2043,2011-03-30T23:00,23,train
2044,2011-03-31T00:00,0,train
2045,2011-03-31T01:00,1,train
2046,2011-03-31T02:00,2,train
2047,2011-03-31T03:00,3,train
2048,2011-03-31T04:00,4,train
2049,2011-03-31T05:00,5,train
2050,2011-03-31T06:00,6,train
2051,2011-03-31T07:00,7,train
2052,2011-03-31T08:00,8,train
2053,2011-03-31T09:00,9,train
2054,2011-03-31T10:00,10,train
2055,2011-03-31T11:00,11,train
2056,2011-03-31T12:00,12,train
2057,2011-03-31T13:00,13,train
2058,2011-03-31T14:00,14,train
2059,2011-03-31T15:00,15,train
2060,2011-03-31T16:00,16,train
2061,2011-03-31T17:00,17,train
2062,2011-03-31T18:00,18,train
2063,2011-03-31T19:00,19,train
2064,2011-03-31T20:00,20,train
2065,2011-03-31T21:00,21,train
2066,2011-03-31T22:00,22,train
2067,2011-03-31T23:00,23,train
2068,2011-04-01T00:00,0,train
2069,2011-04-01T01:00,1,train
2070,2011-04-01T02:00,2,train
2071,2011-04-01T03:00,3,train
2072,2011-04-01T04:00,4,train
2073,2011-04-01T05:00,5,train
2074,2011-04-01T06:00,6,train
2075,2011-04-01T07:00,7,train
2076,2011-04-01T08:00,8,train
2077,2011-04-01T09:00,9,train
2078,2011-04-01T10:00,10,train
2079,2011-04-01T11:00,11,train
2080,2011-04-01T12:00,12,train
2081,2011-04-01T13:00,13,train
2082,2011-04-01T14:00,14,train
2083,2011-04-01T15:00,15,train
2084,2011-04-01T16:00,16,train
2085,2011-04-01T17:00,17,train
2086,2011-04-01T18:00,18,train
2087,2011-04-01T19:00,19,train
2088,2011-04-01T20:00,20,train
2089,2011-04-01T21:00,21,train
2090,2011-04-01T22:00,22,train
2091,2011-04-01T23:00,23,train
2092,2011-04-02T00:00,0,train
2093,2011-04-02T01:00,1,train
2094,2011-04-02T02:00,2,train
2095,2011-04-02T03:00,3,train
2096,2011-04-02T04:00,4,train
2097,2011-04-02T05:00,5,train
2098,2011-04-02T06:00,6,train
2099,2011-04-02T07:00,7,train
2100,2011-04-02T08:00,8,train
2101,2011-04-02T09:00,9,train
2102,2011-04-02T10:00,10,train
2103,2011-04-02T11:00,11,train
2104,2011-04-02T12:00,12,train
2105,2011-04-02T13:00,13,train
2106,2011-04-02T14:00,14,train
2107,2011-04-02T15:00,15,train
2108,2011-04-02T16:00,16,train
2109,2011-04-02T17:00,17,train
2110,2011-04-02T18:00,18,train
2111,2011-04-02T19:00,19,train
2112,2011-04-02T20:00,20,train
2113,2011-04-02T21:00,21,train
2114,2011-04-02T22:00,22,train
2115,2011-04-02T23:00,23,train
2116,2011-04-03T00:00,0,train
2117,2011-04-03T01:00,1,train
2118,2011-04-03T02:00,2,train
2119,2011-04-03T03:00,3,train
2120,2011-04-03T04:00,4,train
2121,2011-04-03T05:00,5,train
2122,2011-04-03T06:00,6,train
2123,2011-04-03T07:00,7,train
2124,2011-04-03T08:00,8,train
2125,2011-04-03T09:00,9,train
2126,2011-04-03T10:00,10,train
2127,2011-04-03T11:00,11,train
2128,2011-04-03T12:00,12,train
2129,2011-04-03T13:00,13,train
2130,2011-04-03T14:00,14,train
2131,2011-04-03T15:00,15,train
2132,2011-04-03T16:00,16,train
2133,2011-04-03T17:00,17,train
2134,2011-04-03T18:00,18,train
2135,2011-04-03T19:00,19,train
2136,2011-04-03T20:00,20,train
2137,2011-04-03T21:00,21,train
2138,2011-04-03T22:00,22,train
2139,2011-04-03T23:00,23,train
2140,2011-04-04T00:00,0,train
2141,2011-04-04T01:00,1,train
2142,2011-04-04T02:00,2,train
2143,2011-04-04T03:00,3,train
2144,2011-04-04T04:00,4,train
2145,2011-04-04T05:00,5,train
2146,2011-04-04T06:00,6,train
2147,2011-04-04T07:00,7,train
2148,2011-04-04T08:00,8,train
2149,2011-04-04T09:00,9,train
2150,2011-04-04T10:00,10,train
2151,2011-04-04T11:00,11,train
2152,2011-04-04T12:00,12,train
2153,2011-04-04T13:00,13,train
2154,2011-04-04T14:00,14,train
2155,2011-04-04T15:00,15,train
2156,2011-04-04T16:00,16,train
2157,2011-04-04T17:00,17,train
2158,2011-04-04T18:00,18,train
2159,2011-04-04T19:00,19,train
2160,2011-04-04T20:00,20,train
2161,2011-04-04T21:00,21,train
2162,2011-04-04T22:00,22,train
2163,2011-04-04T23:00,23,train
2164,2011-04-05T00:00,0,train
2165,2011-04-05T01:00,1,train
2166,2011-04-05T02:00,2,train
2167,2011-04-05T03:00,3,train
2168,2011-04-05T04:00,4,train
2169,2011-04-05T05:00,5,train
2170,2011-04-05T06:00,6,train
2171,2011-04-05T07:00,7,train
2172,2011-04-05T08:00,8,train
2173,2011-04-05T09:00,9,train
2174,2011-04-05T10:00,10,train
2175,2011-04-05T11:00,11,train
2176,2011-04-05T12:00,12,train
2177,2011-04-05T13:00,13,train
2178,2011-04-05T14:00,14,train
2179,2011-04-05T15:00,15,train
2180,2011-04-05T16:00,16,train
2181,2011-04-05T17:00,17,train
2182,2011-04-05T18:00,18,train
2183,2011-04-05T19:00,19,train
2184,2011-04-05T20:00,20,train
2185,2011-04-05T21:00,21,train
2186,2011-04-05T22:00,22,train
2187,2011-04-05T23:00,23,train
2188,2011-04-06T00:00,0,train
2189,2011-04-06T01:00,1,train
2190,2011-04-06T02:00,2,train
2191,2011-04-06T03:00,3,train
2192,2011-04-06T04:00,4,train
2193,2011-04-06T05:00,5,train
2194,2011-04-06T06:00,6,train
2195,2011-04-06T07:00,7,train
2196,2011-04-06T08:00,8,train
2197,2011-04-06T09:00,9,train
2198,2011-04-06T10:00,10,train
2199,2011-04-06T11:00,11,train
2200,2011-04-06T12:00,12,train
2201,2011-04-06T13:00,13,train
2202,2011-04-06T14:00,14,train
2203,2011-04-06T15:00,15,train
2204,2011-04-06T16:00,16,train
2205,2011-04-06T17:00,17,train
2206,2011-04-06T18:00,18,train
2207,2011-04-06T19:00,19,train
2208,2011-04-06T20:00,20,train
2209,2011-04-06T21:00,21,train
2210,2011-04-06T22:00,22,train
2211,2011-04-06T23:00,23,train
2212,2011-04-07T00:00,0,train
2213,2011-04-07T01:00,1,train
2214,2011-04-07T02:00,2,train
2215,2011-04-07T03:00,3,train
2216,2011-04-07T04:00,4,train
2217,2011-04-07T05:00,5,train
2218,2011-04-07T06:00,6,train
2219,2011-04-07T07:00,7,train
2220,2011-04-07T08:00,8,train
2221,2011-04-07T09:00,9,train
2222,2011-04-07T10:00,10,train
2223,2011-04-07T11:00,11,train
2224,2011-04-07T12:00,12,train
2225,2011-04-07T13:00,13,train
2226,2011-04-07T14:00,14,train
2227,2011-04-07T15:00,15,train
2228,2011-04-07T16:00,16,train
2229,2011-04-07T17:00,17,train
2230,2011-04-07T18:00,18,train
2231,2011-04-07T19:00,19,train
2232,2011-04-07T20:00,20,train
2233,2011-04-07T21:00,21,train
2234,2011-04-07T22:00,22,train
2235,2011-04-07T23:00,23,train
2236,2011-04-08T00:00,0,train
2237,2011-04-08T01:00,1,train
2238,2011-04-08T02:00,2,train
2239,2011-04-08T03:00,3,train
2240,2011-04-08T04:00,4,train
2241,2011-04-08T05:00,5,train
2242,2011-04-08T06:00,6,train
2243,2011-04-08T07:00,7,train
2244,2011-04-08T08:00,8,train
2245,2011-04-08T09:00,9,train
2246,2011-04-08T10:00,10,train
2247,2011-04-08T11:00,11,train
2248,2011-04-08T12:00,12,train
2249,2011-04-08T13:00,13,train
2250,2011-04-08T14:00,14,train
2251,2011-04-08T15:00,15,train
2252,2011-04-08T16:00,16,train
2253,2011-04-08T17:00,17,train
2254,2011-04-08T18:00,18,train
2255,2011-04-08T19:00,19,train
2256,2011-04-08T20:00,20,train
2257,2011-04-08T21:00,21,train
2258,2011-04-08T22:00,22,train
2259,2011-04-08T23:00,23,train
2260,2011-04-09T00:00,0,train
2261,2011-04-09T01:00,1,train
2262,2011-04-09T02:00,2,train
2263,2011-04-09T03:00,3,train
2264,2011-04-09T04:00,4,train
2265,2011-04-09T05:00,5,train
2266,2011-04-09T06:00,6,train
2267,2011-04-09T07:00,7,train
2268,2011-04-09T08:00,8,train
2269,2011-04-09T09:00,9,train
2270,2011-04-09T10:00,10,train
2271,2011-04-09T11:00,11,train
2272,2011-04-09T12:00,12,train
2273,2011-04-09T13:00,13,train
2274,2011-04-09T14:00,14,train
2275,2011-04-09T15:00,15,train
2276,2011-04-09T16:00,16,train
2277,2011-04-09T17:00,17,train
2278,2011-04-09T18:00,18,train
2279,2011-04-09T19:00,19,train
2280,2011-04-09T20:00,20,train
2281,2011-04-09T21:00,21,train
2282,2011-04-09T22:00,22,train
2283,2011-04-09T23:00,23,train
2284,2011-04-10T00:00,0,train
2285,2011-04-10T01:00,1,train
2286,2011-04-10T02:00,2,train
2287,2011-04-10T03:00,3,train
2288,2011-04-10T04:00,4,train
2289,2011-04-10T05:00,5,train
2290,2011-04-10T06:00,6,train
2291,2011-04-10T07:00,7,train
2292,2011-04-10T08:00,8,train
2293,2011-04-10T09:00,9,train
2294,2011-04-10T10:00,10,train
2295,2011-04-10T11:00,11,train
2296,2011-04-10T12:00,12,train
2297,2011-04-10T13:00,13,train
2298,2011-04-10T14:00,14,train
2299,2011-04-10T15:00,15,train
2300,2011-04-10T16:00,16,train
2301,2011-04-10T17:00,17,train
2302,2011-04-10T18:00,18,train
2303,2011-04-10T19:00,19,train
2304,2011-04-10T20:00,20,train
2305,2011-04-10T21:00,21,train
2306,2011-04-10T22:00,22,train
2307,2011-04-10T23:00,23,train
2308,2011-04-11T00:00,0,train
2309,2011-04-11T01:00,1,train
2310,2011-04-11T02:00,2,train
2311,2011-04-11T04:00,4,train
2312,2011-04-11T05:00,5,train
2313,2011-04-11T06:00,6,train
2314,2011-04-11T07:00,7,train
2315,2011-04-11T08:00,8,train
2316,2011-04-11T09:00,9,train
2317,2011-04-11T10:00,10,train
2318,2011-04-11T11:00,11,train
2319,2011-04-11T12:00,12,train
2320,2011-04-11T13:00,13,train
2321,2011-04-11T14:00,14,train
2322,2011-04-11T15:00,15,train
2323,2011-04-11T16:00,16,train
2324,2011-04-11T17:00,17,train
2325,2011-04-11T18:00,18,train
2326,2011-04-11T19:00,19,train
2327,2011-04-11T20:00,20,train
2328,2011-04-11T21:00,21,train
2329,2011-04-11T22:00,22,train
2330,2011-04-11T23:00,23,train
2331,2011-04-12T00:00,0,train
2332,2011-04-12T01:00,1,train
2333,2011-04-12T02:00,2,train
2334,2011-04-12T03:00,3,train
2335,2011-04-12T04:00,4,train
2336,2011-04-12T05:00,5,train
2337,2011-04-12T06:00,6,train
2338,2011-04-12T07:00,7,train
2339,2011-04-12T08:00,8,train
2340,2011-04-12T09:00,9,train
2341,2011-04-12T10:00,10,train
2342,2011-04-12T11:00,11,train
2343,2011-04-12T12:00,12,train
2344,2011-04-12T13:00,13,train
2345,2011-04-12T14:00,14,train
2346,2011-04-12T15:00,15,train
2347,2011-04-12T16:00,16,train
2348,2011-04-12T17:00,17,train
2349,2011-04-12T18:00,18,train
2350,2011-04-12T19:00,19,train
2351,2011-04-12T20:00,20,train
2352,2011-04-12T21:00,21,train
2353,2011-04-12T22:00,22,train
2354,2011-04-12T23:00,23,train
2355,2011-04-13T00:00,0,train
2356,2011-04-13T01:00,1,train
2357,2011-04-13T02:00,2,train
2358,2011-04-13T03:00,3,train
2359,2011-04-13T04:00,4,train
2360,2011-04-13T05:00,5,train
2361,2011-04-13T06:00,6,train
2362,2011-04-13T07:00,7,train
2363,2011-04-13T08:00,8,train
2364,2011-04-13T09:00,9,train
2365,2011-04-13T10:00,10,train
2366,2011-04-13T11:00,11,train
2367,2011-04-13T12:00,12,train
2368,2011-04-13T13:00,13,train
2369,2011-04-13T14:00,14,train
2370,2011-04-13T15:00,15,train
2371,2011-04-13T16:00,16,train
2372,2011-04-13T17:00,17,train
2373,2011-04-13T18:00,18,train
2374,2011-04-13T19:00,19,train
2375,2011-04-13T20:00,20,train
2376,2011-04-13T21:00,21,train
2377,2011-04-13T22:00,22,train
2378,2011-04-13T23:00,23,train
2379,2011-04-14T00:00,0,train
2380,2011-04-14T01:00,1,train
2381,2011-04-14T02:00,2,train
2382,2011-04-14T03:00,3,train
2383,2011-04-14T04:00,4,train
2384,2011-04-14T05:00,5,train
2385,2011-04-14T06:00,6,train
2386,2011-04-14T07:00,7,train
2387,2011-04-14T08:00,8,train
2388,2011-04-14T09:00,9,train
2389,2011-04-14T10:00,10,train
2390,2011-04-14T11:00,11,train
2391,2011-04-14T12:00,12,train
2392,2011-04-14T13:00,13,train
2393,2011-04-14T14:00,14,train
2394,2011-04-14T15:00,15,train
2395,2011-04-14T16:00,16,train
2396,2011-04-14T17:00,17,train
2397,2011-04-14T18:00,18,train
2398,2011-04-14T19:00,19,train
2399,2011-04-14T20:00,20,train
2400,2011-04-14T21:00,21,train
2401,2011-04-14T22:00,22,train
2402,2011-04-14T23:00,23,train
2403,2011-04-15T00:00,0,train
2404,2011-04-15T01:00,1,train
2405,2011-04-15T02:00,2,train
2406,2011-04-15T03:00,3,train
2407,2011-04-15T04:00,4,train
2408,2011-04-15T05:00,5,train
2409,2011-04-15T06:00,6,train
2410,2011-04-15T07:00,7,train
2411,2011-04-15T08:00,8,train
2412,2011-04-15T09:00,9,train
2413,2011-04-15T10:00,10,train
2414,2011-04-15T11:00,11,train
2415,2011-04-15T12:00,12,train
2416,2011-04-15T13:00,13,train
2417,2011-04-15T14:00,14,train
2418,2011-04-15T15:00,15,train
2419,2011-04-15T16:00,16,train
2420,2011-04-15T17:00,17,train
2421,2011-04-15T18:00,18,train
2422,2011-04-15T19:00,19,train
2423,2011-04-15T20:00,20,train
2424,2011-04-15T21:00,21,train
2425,2011-04-15T22:00,22,train
2426,2011-04-15T23:00,23,train
2427,2011-04-16T00:00,0,train
2428,2011-04-16T01:00,1,train
2429,2011-04-16T02:00,2,train
2430,2011-04-16T03:00,3,train
2431,2011-04-16T04:00,4,train
2432,2011-04-16T05:00,5,train
2433,2011-04-16T06:00,6,train
2434,2011-04-16T07:00,7,train
2435,2011-04-16T08:00,8,train
2436,2011-04-16T09:00,9,train
2437,2011-04-16T10:00,10,train
2438,2011-04-16T11:00,11,train
2439,2011-04-16T12:00,12,train
2440,2011-04-16T13:00,13,train
2441,2011-04-16T14:00,14,train
2442,2011-04-16T15:00,15,train
2443,2011-04-16T16:00,16,train
2444,2011-04-16T17:00,17,train
2445,2011-04-16T18:00,18,train
2446,2011-04-16T19:00,19,train
2447,2011-04-16T20:00,20,train
2448,2011-04-16T21:00,21,train
2449,2011-04-16T22:00,22,train
2450,2011-04-16T23:00,23,train
2451,2011-04-17T00:00,0,train
2452,2011-04-17T01:00,1,train
2453,2011-04-17T02:00,2,train
2454,2011-04-17T03:00,3,train
2455,2011-04-17T04:00,4,train
2456,2011-04-17T05:00,5,train
2457,2011-04-17T06:00,6,train
2458,2011-04-17T07:00,7,train
2459,2011-04-17T08:00,8,train
2460,2011-04-17T09:00,9,train
2461,2011-04-17T10:00,10,train
2462,2011-04-17T11:00,11,train
2463,2011-04-17T12:00,12,train
2464,2011-04-17T13:00,13,train
2465,2011-04-17T14:00,14,train
2466,2011-04-17T15:00,15,train
2467,2011-04-17T16:00,16,train
2468,2011-04-17T17:00,17,train
2469,2011-04-17T18:00,18,train
2470,2011-04-17T19:00,19,train
2471,2011-04-17T20:00,20,train
2472,2011-04-17T21:00,21,train
2473,2011-04-17T22:00,22,train
2474,2011-04-17T23:00,23,train
2475,2011-04-18T00:00,0,train
2476,2011-04-18T01:00,1,train
2477,2011-04-18T02:00,2,train
2478,2011-04-18T03:00,3,train
2479,2011-04-18T04:00,4,train
2480,2011-04-18T05:00,5,train
2481,2011-04-18T06:00,6,train
2482,2011-04-18T07:00,7,train
2483,2011-04-18T08:00,8,train
2484,2011-04-18T09:00,9,train
2485,2011-04-18T10:00,10,train
2486,2011-04-18T11:00,11,train
2487,2011-04-18T12:00,12,train
2488,2011-04-18T13:00,13,train
2489,2011-04-18T14:00,14,train
2490,2011-04-18T15:00,15,train
2491,2011-04-18T16:00,16,train
2492,2011-04-18T17:00,17,train
2493,2011-04-18T18:00,18,train
2494,2011-04-18T19:00,19,train
2495,2011-04-18T20:00,20,train
2496,2011-04-18T21:00,21,train
2497,2011-04-18T22:00,22,train
2498,2011-04-18T23:00,23,train
2499,2011-04-19T00:00,0,train
2500,2011-04-19T01:00,1,train
2501,2011-04-19T02:00,2,train
2502,2011-04-19T03:00,3,train
2503,2011-04-19T04:00,4,train
2504,2011-04-19T05:00,5,train
2505,2011-04-19T06:00,6,train
2506,2011-04-19T07:00,7,train
2507,2011-04-19T08:00,8,train
2508,2011-04-19T09:00,9,train
2509,2011-04-19T10:00,10,train
2510,2011-04-19T11:00,11,train
2511,2011-04-19T12:00,12,train
2512,2011-04-19T13:00,13,train
2513,2011-04-19T14:00,14,train
2514,2011-04-19T15:00,15,train
2515,2011-04-19T16:00,16,train
2516,2011-04-19T17:00,17,train
2517,2011-04-19T18:00,18,train
2518,2011-04-19T19:00,19,train
2519,2011-04-19T20:00,20,train
2520,2011-04-19T21:00,21,train
2521,2011-04-19T22:00,22,train
2522,2011-04-19T23:00,23,train
2523,2011-04-20T00:00,0,train
2524,2011-04-20T01:00,1,train
2525,2011-04-20T02:00,2,train
2526,2011-04-20T03:00,3,train
2527,2011-04-20T04:00,4,train
2528,2011-04-20T05:00,5,train
2529,2011-04-20T06:00,6,train
2530,2011-04-20T07:00,7,train
2531,2011-04-20T08:00,8,train
2532,2011-04-20T09:00,9,train
2533,2011-04-20T10:00,10,train
2534,2011-04-20T11:00,11,train
2535,2011-04-20T12:00,12,train
2536,2011-04-20T13:00,13,train
2537,2011-04-20T14:00,14,train
2538,2011-04-20T15:00,15,train
2539,2011-04-20T16:00,16,train
2540,2011-04-20T17:00,17,train
2541,2011-04-20T18:00,18,train
2542,2011-04-20T19:00,19,train
2543,2011-04-20T20:00,20,train
2544,2011-04-20T21:00,21,train
2545,2011-04-20T22:00,22,train
2546,2011-04-20T23:00,23,train
2547,2011-04-21T00:00,0,train
2548,2011-04-21T01:00,1,train
2549,2011-04-21T02:00,2,train
2550,2011-04-21T03:00,3,train
2551,2011-04-21T04:00,4,train
2552,2011-04-21T05:00,5,train
2553,2011-04-21T06:00,6,train
2554,2011-04-21T07:00,7,train
2555,2011-04-21T08:00,8,train
2556,2011-04-21T09:00,9,train
2557,2011-04-21T10:00,10,train
2558,2011-04-21T11:00,11,train
2559,2011-04-21T12:00,12,train
2560,2011-04-21T13:00,13,train
2561,2011-04-21T14:00,14,train
2562,2011-04-21T15:00,15,train
2563,2011-04-21T16:00,16,train
2564,2011-04-21T17:00,17,train
2565,2011-04-21T18:00,18,train
2566,2011-04-21T19:00,19,train
2567,2011-04-21T20:00,20,train
2568,2011-04-21T21:00,21,train
2569,2011-04-21T22:00,22,train
2570,2011-04-21T23:00,23,train
2571,2011-04-22T00:00,0,train
2572,2011-04-22T01:00,1,train
2573,2011-04-22T02:00,2,train
2574,2011-04-22T03:00,3,train
2575,2011-04-22T04:00,4,train
2576,2011-04-22T05:00,5,train
2577,2011-04-22T06:00,6,train
2578,2011-04-22T07:00,7,train
2579,2011-04-22T08:00,8,train
2580,2011-04-22T09:00,9,train
2581,2011-04-22T10:00,10,train
2582,2011-04-22T11:00,11,train
2583,2011-04-22T12:00,12,train
2584,2011-04-22T13:00,13,train
2585,2011-04-22T14:00,14,train
2586,2011-04-22T15:00,15,train
2587,2011-04-22T16:00,16,train
2588,2011-04-22T17:00,17,train
2589,2011-04-22T18:00,18,train
2590,2011-04-22T19:00,19,train
2591,2011-04-22T20:00,20,train
2592,2011-04-22T21:00,21,train
2593,2011-04-22T22:00,22,train
2594,2011-04-22T23:00,23,train
2595,2011-04-23T00:00,0,train
2596,2011-04-23T01:00,1,train
2597,2011-04-23T02:00,2,train
2598,2011-04-23T03:00,3,train
2599,2011-04-23T04:00,4,train
2600,2011-04-23T05:00,5,train
2601,2011-04-23T06:00,6,train
2602,2011-04-23T07:00,7,train
2603,2011-04-23T08:00,8,train
2604,2011-04-23T09:00,9,train
2605,2011-04-23T10:00,10,train
2606,2011-04-23T11:00,11,train
2607,2011-04-23T12:00,12,train
2608,2011-04-23T13:00,13,train
2609,2011-04-23T14:00,14,train
2610,2011-04-23T15:00,15,train
2611,2011-04-23T16:00,16,train
2612,2011-04-23T17:00,17,train
2613,2011-04-23T18:00,18,train
2614,2011-04-23T19:00,19,train
2615,2011-04-23T20:00,20,train
2616,2011-04-23T21:00,21,train
2617,2011-04-23T22:00,22,train
2618,2011-04-23T23:00,23,train
2619,2011-04-24T00:00,0,train
2620,2011-04-24T01:00,1,train
2621,2011-04-24T02:00,2,train
2622,2011-04-24T03:00,3,train
2623,2011-04-24T04:00,4,train
2624,2011-04-24T05:00,5,train
2625,2011-04-24T06:00,6,train
2626,2011-04-24T07:00,7,train
2627,2011-04-24T08:00,8,train
2628,2011-04-24T09:00,9,train
2629,2011-04-24T10:00,10,train
2630,2011-04-24T11:00,11,train
2631,2011-04-24T12:00,12,train
2632,2011-04-24T13:00,13,train
2633,2011-04-24T14:00,14,train
2634,2011-04-24T15:00,15,train
2635,2011-04-24T16:00,16,train
2636,2011-04-24T17:00,17,train
2637,2011-04-24T18:00,18,train
2638,2011-04-24T19:00,19,train
2639,2011-04-24T20:00,20,train
2640,2011-04-24T21:00,21,train
2641,2011-04-24T22:00,22,train
2642,2011-04-24T23:00,23,train
2643,2011-04-25T00:00,0,train
2644,2011-04-25T01:00,1,train
2645,2011-04-25T02:00,2,train
2646,2011-04-25T03:00,3,train
2647,2011-04-25T04:00,4,train
2648,2011-04-25T05:00,5,train
2649,2011-04-25T06:00,6,train
2650,2011-04-25T07:00,7,train
2651,2011-04-25T08:00,8,train
2652,2011-04-25T09:00,9,train
2653,2011-04-25T10:00,10,train
2654,2011-04-25T11:00,11,train
2655,2011-04-25T12:00,12,train
2656,2011-04-25T13:00,13,train
2657,2011-04-25T14:00,14,train
2658,2011-04-25T15:00,15,train
2659,2011-04-25T16:00,16,train
2660,2011-04-25T17:00,17,train
2661,2011-04-25T18:00,18,train
2662,2011-04-25T19:00,19,train
2663,2011-04-25T20:00,20,train
2664,2011-04-25T21:00,21,train
2665,2011-04-25T22:00,22,train
2666,2011-04-25T23:00,23,train
2667,2011-04-26T00:00,0,train
2668,2011-04-26T01:00,1,train
2669,2011-04-26T02:00,2,train
2670,2011-04-26T03:00,3,train
2671,2011-04-26T04:00,4,train
2672,2011-04-26T05:00,5,train
2673,2011-04-26T06:00,6,train
2674,2011-04-26T07:00,7,train
2675,2011-04-26T08:00,8,train
2676,2011-04-26T09:00,9,train
2677,2011-04-26T10:00,10,train
2678,2011-04-26T11:00,11,train
2679,2011-04-26T12:00,12,train
2680,2011-04-26T13:00,13,train
2681,2011-04-26T14:00,14,train
2682,2011-04-26T15:00,15,train
2683,2011-04-26T16:00,16,train
2684,2011-04-26T17:00,17,train
2685,2011-04-26T18:00,18,train
2686,2011-04-26T19:00,19,train
2687,2011-04-26T20:00,20,train
2688,2011-04-26T21:00,21,train
2689,2011-04-26T22:00,22,train
2690,2011-04-26T23:00,23,train
2691,2011-04-27T00:00,0,train
2692,2011-04-27T01:00,1,train
2693,2011-04-27T02:00,2,train
2694,2011-04-27T03:00,3,train
2695,2011-04-27T04:00,4,train
2696,2011-04-27T05:00,5,train
2697,2011-04-27T06:00,6,train
2698,2011-04-27T07:00,7,train
2699,2011-04-27T08:00,8,train
2700,2011-04-27T09:00,9,train
2701,2011-04-27T10:00,10,train
2702,2011-04-27T11:00,11,train
2703,2011-04-27T12:00,12,train
2704,2011-04-27T13:00,13,train
2705,2011-04-27T14:00,14,train
2706,2011-04-27T15:00,15,train
2707,2011-04-27T16:00,16,train
2708,2011-04-27T17:00,17,train
2709,2011-04-27T18:00,18,train
2710,2011-04-27T19:00,19,train
2711,2011-04-27T20:00,20,train
2712,2011-04-27T21:00,21,train
2713,2011-04-27T22:00,22,train
2714,2011-04-27T23:00,23,train
2715,2011-04-28T00:00,0,train
2716,2011-04-28T01:00,1,train
2717,2011-04-28T02:00,2,train
2718,2011-04-28T03:00,3,train
2719,2011-04-28T04:00,4,train
2720,2011-04-28T05:00,5,train
2721,2011-04-28T06:00,6,train
2722,2011-04-28T07:00,7,train
2723,2011-04-28T08:00,8,train
2724,2011-04-28T09:00,9,train
2725,2011-04-28T10:00,10,train
2726,2011-04-28T11:00,11,train
2727,2011-04-28T12:00,12,train
2728,2011-04-28T13:00,13,train
2729,2011-04-28T14:00,14,train
2730,2011-04-28T15:00,15,train
2731,2011-04-28T16:00,16,train
2732,2011-04-28T17:00,17,train
2733,2011-04-28T18:00,18,train
2734,2011-04-28T19:00,19,train
2735,2011-04-28T20:00,20,train
2736,2011-04-28T21:00,21,train
2737,2011-04-28T22:00,22,train
2738,2011-04-28T23:00,23,train
2739,2011-04-29T00:00,0,train
2740,2011-04-29T01:00,1,train
2741,2011-04-29T02:00,2,train
2742,2011-04-29T03:00,3,train
2743,2011-04-29T04:00,4,train
2744,2011-04-29T05:00,5,train
2745,2011-04-29T06:00,6,train
2746,2011-04-29T07:00,7,train
2747,2011-04-29T08:00,8,train
2748,2011-04-29T09:00,9,train
2749,2011-04-29T10:00,10,train
2750,2011-04-29T11:00,11,train
2751,2011-04-29T12:00,12,train
2752,2011-04-29T13:00,13,train
2753,2011-04-29T14:00,14,train
2754,2011-04-29T15:00,15,train
2755,2011-04-29T16:00,16,train
2756,2011-04-29T17:00,17,train
2757,2011-04-29T18:00,18,train
2758,2011-04-29T19:00,19,train
2759,2011-04-29T20:00,20,train
2760,2011-04-29T21:00,21,train
2761,2011-04-29T22:00,22,train
2762,2011-04-29T23:00,23,train
2763,2011-04-30T00:00,0,train
2764,2011-04-30T01:00,1,train
2765,2011-04-30T02:00,2,train
2766,2011-04-30T03:00,3,train
2767,2011-04-30T04:00,4,train
2768,2011-04-30T05:00,5,train
2769,2011-04-30T06:00,6,train
2770,2011-04-30T07:00,7,train
2771,2011-04-30T08:00,8,train
2772,2011-04-30T09:00,9,train
2773,2011-04-30T10:00,10,train
2774,2011-04-30T11:00,11,train
2775,2011-04-30T12:00,12,train
2776,2011-04-30T13:00,13,train
2777,2011-04-30T14:00,14,train
2778,2011-04-30T15:00,15,train
2779,2011-04-30T16:00,16,train
2780,2011-04-30T17:00,17,train
2781,2011-04-30T18:00,18,train
2782,2011-04-30T19:00,19,train
2783,2011-04-30T20:00,20,train
2784,2011-04-30T21:00,21,train
2785,2011-04-30T22:00,22,train
2786,2011-04-30T23:00,23,train
2787,2011-05-01T00:00,0,train
2788,2011-05-01T01:00,1,train
2789,2011-05-01T02:00,2,train
2790,2011-05-01T03:00,3,train
2791,2011-05-01T04:00,4,train
2792,2011-05-01T05:00,5,train
2793,2011-05-01T06:00,6,train
2794,2011-05-01T07:00,7,train
2795,2011-05-01T08:00,8,train
2796,2011-05-01T09:00,9,train
2797,2011-05-01T10:00,10,train
2798,2011-05-01T11:00,11,train
2799,2011-05-01T12:00,12,train
2800,2011-05-01T13:00,13,train
2801,2011-05-01T14:00,14,train
2802,2011-05-01T15:00,15,train
2803,2011-05-01T16:00,16,train
2804,2011-05-01T17:00,17,train
2805,2011-05-01T18:00,18,train
2806,2011-05-01T19:00,19,train
2807,2011-05-01T20:00,20,train
2808,2011-05-01T21:00,21,train
2809,2011-05-01T22:00,22,train
2810,2011-05-01T23:00,23,train
2811,2011-05-02T00:00,0,train
2812,2011-05-02T01:00,1,train
2813,2011-05-02T02:00,2,train
2814,2011-05-02T03:00,3,train
2815,2011-05-02T04:00,4,train
2816,2011-05-02T05:00,5,train
2817,2011-05-02T06:00,6,train
2818,2011-05-02T07:00,7,train
2819,2011-05-02T08:00,8,train
2820,2011-05-02T09:00,9,train
2821,2011-05-02T10:00,10,train
2822,2011-05-02T11:00,11,train
2823,2011-05-02T12:00,12,train
2824,2011-05-02T13:00,13,train
2825,2011-05-02T14:00,14,train
2826,2011-05-02T15:00,15,train
2827,2011-05-02T16:00,16,train
2828,2011-05-02T17:00,17,train
2829,2011-05-02T18:00,18,train
2830,2011-05-02T19:00,19,train
2831,2011-05-02T20:00,20,train
2832,2011-05-02T21:00,21,train
2833,2011-05-02T22:00,22,train
2834,2011-05-02T23:00,23,train
2835,2011-05-03T00:00,0,train
2836,2011-05-03T01:00,1,train
2837,2011-05-03T02:00,2,train
2838,2011-05-03T03:00,3,train
2839,2011-05-03T04:00,4,train
2840,2011-05-03T05:00,5,train
2841,2011-05-03T06:00,6,train
2842,2011-05-03T07:00,7,train
2843,2011-05-03T08:00,8,train
2844,2011-05-03T09:00,9,train
2845,2011-05-03T10:00,10,train
2846,2011-05-03T11:00,11,train
2847,2011-05-03T12:00,12,train
2848,2011-05-03T13:00,13,train
2849,2011-05-03T14:00,14,train
2850,2011-05-03T15:00,15,train
2851,2011-05-03T16:00,16,train
2852,2011-05-03T17:00,17,train
2853,2011-05-03T18:00,18,train
2854,2011-05-03T19:00,19,train
2855,2011-05-03T20:00,20,train
2856,2011-05-03T21:00,21,train
2857,2011-05-03T22:00,22,train
2858,2011-05-03T23:00,23,train
2859,2011-05-04T00:00,0,train
2860,2011-05-04T01:00,1,train
2861,2011-05-04T02:00,2,train
2862,2011-05-04T03:00,3,train
2863,2011-05-04T04:00,4,train
2864,2011-05-04T05:00,5,train
2865,2011-05-04T06:00,6,train
2866,2011-05-04T07:00,7,train
2867,2011-05-04T08:00,8,train
2868,2011-05-04T09:00,9,train
2869,2011-05-04T10:00,10,train
2870,2011-05-04T11:00,11,train
2871,2011-05-04T12:00,12,train
2872,2011-05-04T13:00,13,train
2873,2011-05-04T14:00,14,train
2874,2011-05-04T15:00,15,train
2875,2011-05-04T16:00,16,train
2876,2011-05-04T17:00,17,train
2877,2011-05-04T18:00,18,train
2878,2011-05-04T19:00,19,train
2879,2011-05-04T20:00,20,train
2880,2011-05-04T21:00,21,train
2881,2011-05-04T22:00,22,train
2882,2011-05-04T23:00,23,train
2883,2011-05-05T00:00,0,train
2884,2011-05-05T01:00,1,train
2885,2011-05-05T02:00,2,train
2886,2011-05-05T03:00,3,train
2887,2011-05-05T04:00,4,train
2888,2011-05-05T05:00,5,train
2889,2011-05-05T06:00,6,train
2890,2011-05-05T07:00,7,train
2891,2011-05-05T08:00,8,train
2892,2011-05-05T09:00,9,train
2893,2011-05-05T10:00,10,train
2894,2011-05-05T11:00,11,train
2895,2011-05-05T12:00,12,train
2896,2011-05-05T13:00,13,train
2897,2011-05-05T14:00,14,train
2898,2011-05-05T15:00,15,train
2899,2011-05-05T16:00,16,train
2900,2011-05-05T17:00,17,train
2901,2011-05-05T18:00,18,train
2902,2011-05-05T19:00,19,train
2903,2011-05-05T20:00,20,train
2904,2011-05-05T21:00,21,train
2905,2011-05-05T22:00,22,train
2906,2011-05-05T23:00,23,train
2907,2011-05-06T00:00,0,train
2908,2011-05-06T01:00,1,train
2909,2011-05-06T02:00,2,train
2910,2011-05-06T03:00,3,train
2911,2011-05-06T04:00,4,train
2912,2011-05-06T05:00,5,train
2913,2011-05-06T06:00,6,train
2914,2011-05-06T07:00,7,train
2915,2011-05-06T08:00,8,train
2916,2011-05-06T09:00,9,train
2917,2011-05-06T10:00,10,train
2918,2011-05-06T11:00,11,train
2919,2011-05-06T12:00,12,train
2920,2011-05-06T13:00,13,train
2921,2011-05-06T14:00,14,train
2922,2011-05-06T15:00,15,train
2923,2011-05-06T16:00,16,train
2924,2011-05-06T17:00,17,train
2925,2011-05-06T18:00,18,train
2926,2011-05-06T19:00,19,train
2927,2011-05-06T20:00,20,train
2928,2011-05-06T21:00,21,train
2929,2011-05-06T22:00,22,train
2930,2011-05-06T23:00,23,train
2931,2011-05-07T00:00,0,train
2932,2011-05-07T01:00,1,train
2933,2011-05-07T02:00,2,train
2934,2011-05-07T03:00,3,train
2935,2011-05-07T04:00,4,train
2936,2011-05-07T05:00,5,train
2937,2011-05-07T06:00,6,train
2938,2011-05-07T07:00,7,train
2939,2011-05-07T08:00,8,train
2940,2011-05-07T09:00,9,train
2941,2011-05-07T10:00,10,train
2942,2011-05-07T11:00,11,train
2943,2011-05-07T12:00,12,train
2944,2011-05-07T13:00,13,train
2945,2011-05-07T14:00,14,train
2946,2011-05-07T15:00,15,train
2947,2011-05-07T16:00,16,train
2948,2011-05-07T17:00,17,train
2949,2011-05-07T18:00,18,train
2950,2011-05-07T19:00,19,train
2951,2011-05-07T20:00,20,train
2952,2011-05-07T21:00,21,train
2953,2011-05-07T22:00,22,train
2954,2011-05-07T23:00,23,train
2955,2011-05-08T00:00,0,train
2956,2011-05-08T01:00,1,train
2957,2011-05-08T02:00,2,train
2958,2011-05-08T03:00,3,train
2959,2011-05-08T04:00,4,train
2960,2011-05-08T05:00,5,train
2961,2011-05-08T06:00,6,train
2962,2011-05-08T07:00,7,train
2963,2011-05-08T08:00,8,train
2964,2011-05-08T09:00,9,train
2965,2011-05-08T10:00,10,train
2966,2011-05-08T11:00,11,train
2967,2011-05-08T12:00,12,train
2968,2011-05-08T13:00,13,train
2969,2011-05-08T14:00,14,train
2970,2011-05-08T15:00,15,train
2971,2011-05-08T16:00,16,train
2972,2011-05-08T17:00,17,train
2973,2011-05-08T18:00,18,train
2974,2011-05-08T19:00,19,train
2975,2011-05-08T20:00,20,train
2976,2011-05-08T21:00,21,train
2977,2011-05-08T22:00,22,train
2978,2011-05-08T23:00,23,train
2979,2011-05-09T00:00,0,train
2980,2011-05-09T01:00,1,train
2981,2011-05-09T02:00,2,train
2982,2011-05-09T03:00,3,train
2983,2011-05-09T04:00,4,train
2984,2011-05-09T05:00,5,train
2985,2011-05-09T06:00,6,train
2986,2011-05-09T07:00,7,train
2987,2011-05-09T08:00,8,train
2988,2011-05-09T09:00,9,train
2989,2011-05-09T10:00,10,train
2990,2011-05-09T11:00,11,train
2991,2011-05-09T12:00,12,train
2992,2011-05-09T13:00,13,train
2993,2011-05-09T14:00,14,train
2994,2011-05-09T15:00,15,train
2995,2011-05-09T16:00,16,train
2996,2011-05-09T17:00,17,train
2997,2011-05-09T18:00,18,train
2998,2011-05-09T19:00,19,train
2999,2011-05-09T20:00,20,train
3000,2011-05-09T21:00,21,train
3001,2011-05-09T22:00,22,train
3002,2011-05-09T23:00,23,train
3003,2011-05-10T00:00,0,train
3004,2011-05-10T01:00,1,train
3005,2011-05-10T02:00,2,train
3006,2011-05-10T03:00,3,train
3007,2011-05-10T04:00,4,train
3008,2011-05-10T05:00,5,train
3009,2011-05-10T06:00,6,train
3010,2011-05-10T07:00,7,train
3011,2011-05-10T08:00,8,train
3012,2011-05-10T09:00,9,train
3013,2011-05-10T10:00,10,train
3014,2011-05-10T11:00,11,train
3015,2011-05-10T12:00,12,train
3016,2011-05-10T13:00,13,train
3017,2011-05-10T14:00,14,train
3018,2011-05-10T15:00,15,train
3019,2011-05-10T16:00,16,train
3020,2011-05-10T17:00,17,train
3021,2011-05-10T18:00,18,train
3022,2011-05-10T19:00,19,train
3023,2011-05-10T20:00,20,train
3024,2011-05-10T21:00,21,train
3025,2011-05-10T22:00,22,train
3026,2011-05-10T23:00,23,train
3027,2011-05-11T00:00,0,train
3028,2011-05-11T01:00,1,train
3029,2011-05-11T02:00,2,train
3030,2011-05-11T03:00,3,train
3031,2011-05-11T04:00,4,train
3032,2011-05-11T05:00,5,train
3033,2011-05-11T06:00,6,train
3034,2011-05-11T07:00,7,train
3035,2011-05-11T08:00,8,train
3036,2011-05-11T09:00,9,train
3037,2011-05-11T10:00,10,train
3038,2011-05-11T11:00,11,train
3039,2011-05-11T12:00,12,train
3040,2011-05-11T13:00,13,train
3041,2011-05-11T14:00,14,train
3042,2011-05-11T15:00,15,train
3043,2011-05-11T16:00,16,train
3044,2011-05-11T17:00,17,train
3045,2011-05-11T18:00,18,train
3046,2011-05-11T19:00,19,train
3047,2011-05-11T20:00,20,train
3048,2011-05-11T21:00,21,train
3049,2011-05-11T22:00,22,train
3050,2011-05-11T23:00,23,train
3051,2011-05-12T00:00,0,train
3052,2011-05-12T01:00,1,train
3053,2011-05-12T02:00,2,train
3054,2011-05-12T03:00,3,train
3055,2011-05-12T04:00,4,train
3056,2011-05-12T05:00,5,train
3057,2011-05-12T06:00,6,train
3058,2011-05-12T07:00,7,train
3059,2011-05-12T08:00,8,train
3060,2011-05-12T09:00,9,train
3061,2011-05-12T10:00,10,train
3062,2011-05-12T11:00,11,train
3063,2011-05-12T12:00,12,train
3064,2011-05-12T13:00,13,train
3065,2011-05-12T14:00,14,train
3066,2011-05-12T15:00,15,train
3067,2011-05-12T16:00,16,train
3068,2011-05-12T17:00,17,train
3069,2011-05-12T18:00,18,train
3070,2011-05-12T19:00,19,train
3071,2011-05-12T20:00,20,train
3072,2011-05-12T21:00,21,train
3073,2011-05-12T22:00,22,train
3074,2011-05-12T23:00,23,train
3075,2011-05-13T00:00,0,train
3076,2011-05-13T01:00,1,train
3077,2011-05-13T02:00,2,train
3078,2011-05-13T03:00,3,train
3079,2011-05-13T04:00,4,train
3080,2011-05-13T05:00,5,train
3081,2011-05-13T06:00,6,train
3082,2011-05-13T07:00,7,train
3083,2011-05-13T08:00,8,train
3084,2011-05-13T09:00,9,train
3085,2011-05-13T10:00,10,train
3086,2011-05-13T11:00,11,train
3087,2011-05-13T12:00,12,train
3088,2011-05-13T13:00,13,train
3089,2011-05-13T14:00,14,train
3090,2011-05-13T15:00,15,train
3091,2011-05-13T16:00,16,train
3092,2011-05-13T17:00,17,train
3093,2011-05-13T18:00,18,train
3094,2011-05-13T19:00,19,train
3095,2011-05-13T20:00,20,train
3096,2011-05-13T21:00,21,train
3097,2011-05-13T22:00,22,train
3098,2011-05-13T23:00,23,train
3099,2011-05-14T00:00,0,train
3100,2011-05-14T01:00,1,train
3101,2011-05-14T02:00,2,train
3102,2011-05-14T03:00,3,train
3103,2011-05-14T04:00,4,train
3104,2011-05-14T05:00,5,train
3105,2011-05-14T06:00,6,train
3106,2011-05-14T07:00,7,train
3107,2011-05-14T08:00,8,train
3108,2011-05-14T09:00,9,train
3109,2011-05-14T10:00,10,train
3110,2011-05-14T11:00,11,train
3111,2011-05-14T12:00,12,train
3112,2011-05-14T13:00,13,train
3113,2011-05-14T14:00,14,train
3114,2011-05-14T15:00,15,train
3115,2011-05-14T16:00,16,train
3116,2011-05-14T17:00,17,train
3117,2011-05-14T18:00,18,train
3118,2011-05-14T19:00,19,train
3119,2011-05-14T20:00,20,train
3120,2011-05-14T21:00,21,train
3121,2011-05-14T22:00,22,train
3122,2011-05-14T23:00,23,train
3123,2011-05-15T00:00,0,train
3124,2011-05-15T01:00,1,train
3125,2011-05-15T02:00,2,train
3126,2011-05-15T03:00,3,train
3127,2011-05-15T04:00,4,train
3128,2011-05-15T05:00,5,train
3129,2011-05-15T06:00,6,train
3130,2011-05-15T07:00,7,train
3131,2011-05-15T08:00,8,train
3132,2011-05-15T09:00,9,train
3133,2011-05-15T10:00,10,train
3134,2011-05-15T11:00,11,train
3135,2011-05-15T12:00,12,train
3136,2011-05-15T13:00,13,train
3137,2011-05-15T14:00,14,train
3138,2011-05-15T15:00,15,train
3139,2011-05-15T16:00,16,train
3140,2011-05-15T17:00,17,train
3141,2011-05-15T18:00,18,train
3142,2011-05-15T19:00,19,train
3143,2011-05-15T20:00,20,train
3144,2011-05-15T21:00,21,train
3145,2011-05-15T22:00,22,train
3146,2011-05-15T23:00,23,train
3147,2011-05-16T00:00,0,train
3148,2011-05-16T01:00,1,train
3149,2011-05-16T02:00,2,train
3150,2011-05-16T03:00,3,train
3151,2011-05-16T04:00,4,train
3152,2011-05-16T05:00,5,train
3153,2011-05-16T06:00,6,train
3154,2011-05-16T07:00,7,train
3155,2011-05-16T08:00,8,train
3156,2011-05-16T09:00,9,train
3157,2011-05-16T10:00,10,train
3158,2011-05-16T11:00,11,train
3159,2011-05-16T12:00,12,train
3160,2011-05-16T13:00,13,train
3161,2011-05-16T14:00,14,train
3162,2011-05-16T15:00,15,train
3163,2011-05-16T16:00,16,train
3164,2011-05-16T17:00,17,train
3165,2011-05-16T18:00,18,train
3166,2011-05-16T19:00,19,train
3167,2011-05-16T20:00,20,train
3168,2011-05-16T21:00,21,train
3169,2011-05-16T22:00,22,train
3170,2011-05-16T23:00,23,train
3171,2011-05-17T00:00,0,train
3172,2011-05-17T01:00,1,train
3173,2011-05-17T02:00,2,train
3174,2011-05-17T03:00,3,train
3175,2011-05-17T04:00,4,train
3176,2011-05-17T05:00,5,train
3177,2011-05-17T06:00,6,train
3178,2011-05-17T07:00,7,train
3179,2011-05-17T08:00,8,train
3180,2011-05-17T09:00,9,train
3181,2011-05-17T10:00,10,train
3182,2011-05-17T11:00,11,train
3183,2011-05-17T12:00,12,train
3184,2011-05-17T13:00,13,train
3185,2011-05-17T14:00,14,train
3186,2011-05-17T15:00,15,train
3187,2011-05-17T16:00,16,train
3188,2011-05-17T17:00,17,train
3189,2011-05-17T18:00,18,train
3190,2011-05-17T19:00,19,train
3191,2011-05-17T20:00,20,train
3192,2011-05-17T21:00,21,train
3193,2011-05-17T22:00,22,train
3194,2011-05-17T23:00,23,train
3195,2011-05-18T00:00,0,train
3196,2011-05-18T01:00,1,train
3197,2011-05-18T02:00,2,train
3198,2011-05-18T03:00,3,train
3199,2011-05-18T04:00,4,train
3200,2011-05-18T05:00,5,train
3201,2011-05-18T06:00,6,train
3202,2011-05-18T07:00,7,train
3203,2011-05-18T08:00,8,train
3204,2011-05-18T09:00,9,train
3205,2011-05-18T10:00,10,train
3206,2011-05-18T11:00,11,train
3207,2011-05-18T12:00,12,train
3208,2011-05-18T13:00,13,train
3209,2011-05-18T14:00,14,train
3210,2011-05-18T15:00,15,train
3211,2011-05-18T16:00,16,train
3212,2011-05-18T17:00,17,train
3213,2011-05-18T18:00,18,train
3214,2011-05-18T19:00,19,train
3215,2011-05-18T20:00,20,train
3216,2011-05-18T21:00,21,train
3217,2011-05-18T22:00,22,train
3218,2011-05-18T23:00,23,train
3219,2011-05-19T00:00,0,train
3220,2011-05-19T01:00,1,train
3221,2011-05-19T02:00,2,train
3222,2011-05-19T03:00,3,train
3223,2011-05-19T04:00,4,train
3224,2011-05-19T05:00,5,train
3225,2011-05-19T06:00,6,train
3226,2011-05-19T07:00,7,train
3227,2011-05-19T08:00,8,train
3228,2011-05-19T09:00,9,train
3229,2011-05-19T10:00,10,train
3230,2011-05-19T11:00,11,train
3231,2011-05-19T12:00,12,train
3232,2011-05-19T13:00,13,train
3233,2011-05-19T14:00,14,train
3234,2011-05-19T15:00,15,train
3235,2011-05-19T16:00,16,train
3236,2011-05-19T17:00,17,train
3237,2011-05-19T18:00,18,train
3238,2011-05-19T19:00,19,train
3239,2011-05-19T20:00,20,train
3240,2011-05-19T21:00,21,train
3241,2011-05-19T22:00,22,train
3242,2011-05-19T23:00,23,train
3243,2011-05-20T00:00,0,train
3244,2011-05-20T01:00,1,train
3245,2011-05-20T02:00,2,train
3246,2011-05-20T03:00,3,train
3247,2011-05-20T04:00,4,train
3248,2011-05-20T05:00,5,train
3249,2011-05-20T06:00,6,train
3250,2011-05-20T07:00,7,train
3251,2011-05-20T08:00,8,train
3252,2011-05-20T09:00,9,train
3253,2011-05-20T10:00,10,train
3254,2011-05-20T11:00,11,train
3255,2011-05-20T12:00,12,train
3256,2011-05-20T13:00,13,train
3257,2011-05-20T14:00,14,train
3258,2011-05-20T15:00,15,train
3259,2011-05-20T16:00,16,train
3260,2011-05-20T17:00,17,train
3261,2011-05-20T18:00,18,train
3262,2011-05-20T19:00,19,train
3263,2011-05-20T20:00,20,train
3264,2011-05-20T21:00,21,train
3265,2011-05-20T22:00,22,train
3266,2011-05-20T23:00,23,train
3267,2011-05-21T00:00,0,train
3268,2011-05-21T01:00,1,train
3269,2011-05-21T02:00,2,train
3270,2011-05-21T03:00,3,train
3271,2011-05-21T04:00,4,train
3272,2011-05-21T05:00,5,train
3273,2011-05-21T06:00,6,train
3274,2011-05-21T07:00,7,train
3275,2011-05-21T08:00,8,train
3276,2011-05-21T09:00,9,train
3277,2011-05-21T10:00,10,train
3278,2011-05-21T11:00,11,train
3279,2011-05-21T12:00,12,train
3280,2011-05-21T13:00,13,train
3281,2011-05-21T14:00,14,train
3282,2011-05-21T15:00,15,train
3283,2011-05-21T16:00,16,train
3284,2011-05-21T17:00,17,train
3285,2011-05-21T18:00,18,train
3286,2011-05-21T19:00,19,train
3287,2011-05-21T20:00,20,train
3288,2011-05-21T21:00,21,train
3289,2011-05-21T22:00,22,train
3290,2011-05-21T23:00,23,train
3291,2011-05-22T00:00,0,train
3292,2011-05-22T01:00,1,train
3293,2011-05-22T02:00,2,train
3294,2011-05-22T03:00,3,train
3295,2011-05-22T04:00,4,train
3296,2011-05-22T05:00,5,train
3297,2011-05-22T06:00,6,train
3298,2011-05-22T07:00,7,train
3299,2011-05-22T08:00,8,train
3300,2011-05-22T09:00,9,train
3301,2011-05-22T10:00,10,train
3302,2011-05-22T11:00,11,train
3303,2011-05-22T12:00,12,train
3304,2011-05-22T13:00,13,train
3305,2011-05-22T14:00,14,train
3306,2011-05-22T15:00,15,train
3307,2011-05-22T16:00,16,train
3308,2011-05-22T17:00,17,train
3309,2011-05-22T18:00,18,train
3310,2011-05-22T19:00,19,train
3311,2011-05-22T20:00,20,train
3312,2011-05-22T21:00,21,train
3313,2011-05-22T22:00,22,train
3314,2011-05-22T23:00,23,train
3315,2011-05-23T00:00,0,train
3316,2011-05-23T01:00,1,train
3317,2011-05-23T02:00,2,train
3318,2011-05-23T03:00,3,train
3319,2011-05-23T04:00,4,train
3320,2011-05-23T05:00,5,train
3321,2011-05-23T06:00,6,train
3322,2011-05-23T07:00,7,train
3323,2011-05-23T08:00,8,train
3324,2011-05-23T09:00,9,train
3325,2011-05-23T10:00,10,train
3326,2011-05-23T11:00,11,train
3327,2011-05-23T12:00,12,train
3328,2011-05-23T13:00,13,train
3329,2011-05-23T14:00,14,train
3330,2011-05-23T15:00,15,train
3331,2011-05-23T16:00,16,train
3332,2011-05-23T17:00,17,train
3333,2011-05-23T18:00,18,train
3334,2011-05-23T19:00,19,train
3335,2011-05-23T20:00,20,train
3336,2011-05-23T21:00,21,train
3337,2011-05-23T22:00,22,train
3338,2011-05-23T23:00,23,train
3339,2011-05-24T00:00,0,train
3340,2011-05-24T01:00,1,train
3341,2011-05-24T02:00,2,train
3342,2011-05-24T03:00,3,train
3343,2011-05-24T04:00,4,train
3344,2011-05-24T05:00,5,train
3345,2011-05-24T06:00,6,train
3346,2011-05-24T07:00,7,train
3347,2011-05-24T08:00,8,train
3348,2011-05-24T09:00,9,train
3349,2011-05-24T10:00,10,train
3350,2011-05-24T11:00,11,train
3351,2011-05-24T12:00,12,train
3352,2011-05-24T13:00,13,train
3353,2011-05-24T14:00,14,train
3354,2011-05-24T15:00,15,train
3355,2011-05-24T16:00,16,train
3356,2011-05-24T17:00,17,train
3357,2011-05-24T18:00,18,train
3358,2011-05-24T19:00,19,train
3359,2011-05-24T20:00,20,train
3360,2011-05-24T21:00,21,train
3361,2011-05-24T22:00,22,train
3362,2011-05-24T23:00,23,train
3363,2011-05-25T00:00,0,train
3364,2011-05-25T01:00,1,train
3365,2011-05-25T02:00,2,train
3366,2011-05-25T03:00,3,train
3367,2011-05-25T04:00,4,train
3368,2011-05-25T05:00,5,train
3369,2011-05-25T06:00,6,train
3370,2011-05-25T07:00,7,train
3371,2011-05-25T08:00,8,train
3372,2011-05-25T09:00,9,train
3373,2011-05-25T10:00,10,train
3374,2011-05-25T11:00,11,train
3375,2011-05-25T12:00,12,train
3376,2011-05-25T13:00,13,train
3377,2011-05-25T14:00,14,train
3378,2011-05-25T15:00,15,train
3379,2011-05-25T16:00,16,train
3380,2011-05-25T17:00,17,train
3381,2011-05-25T18:00,18,train
3382,2011-05-25T19:00,19,train
3383,2011-05-25T20:00,20,train
3384,2011-05-25T21:00,21,train
3385,2011-05-25T22:00,22,train
3386,2011-05-25T23:00,23,train
3387,2011-05-26T00:00,0,train
3388,2011-05-26T01:00,1,train
3389,2011-05-26T02:00,2,train
3390,2011-05-26T03:00,3,train
3391,2011-05-26T04:00,4,train
3392,2011-05-26T05:00,5,train
3393,2011-05-26T06:00,6,train
3394,2011-05-26T07:00,7,train
3395,2011-05-26T08:00,8,train
3396,2011-05-26T09:00,9,train
3397,2011-05-26T10:00,10,train
3398,2011-05-26T11:00,11,train
3399,2011-05-26T12:00,12,train
3400,2011-05-26T13:00,13,train
3401,2011-05-26T14:00,14,train
3402,2011-05-26T15:00,15,train
3403,2011-05-26T16:00,16,train
3404,2011-05-26T17:00,17,train
3405,2011-05-26T18:00,18,train
3406,2011-05-26T19:00,19,train
3407,2011-05-26T20:00,20,train
3408,2011-05-26T21:00,21,train
3409,2011-05-26T22:00,22,train
3410,2011-05-26T23:00,23,train
3411,2011-05-27T00:00,0,train
3412,2011-05-27T01:00,1,train
3413,2011-05-27T02:00,2,train
3414,2011-05-27T03:00,3,train
3415,2011-05-27T04:00,4,train
3416,2011-05-27T05:00,5,train
3417,2011-05-27T06:00,6,train
3418,2011-05-27T07:00,7,train
3419,2011-05-27T08:00,8,train
3420,2011-05-27T09:00,9,train
3421,2011-05-27T10:00,10,train
3422,2011-05-27T11:00,11,train
3423,2011-05-27T12:00,12,train
3424,2011-05-27T13:00,13,train
3425,2011-05-27T14:00,14,train
3426,2011-05-27T15:00,15,train
3427,2011-05-27T16:00,16,train
3428,2011-05-27T17:00,17,train
3429,2011-05-27T18:00,18,train
3430,2011-05-27T19:00,19,train
3431,2011-05-27T20:00,20,train
3432,2011-05-27T21:00,21,train
3433,2011-05-27T22:00,22,train
3434,2011-05-27T23:00,23,train
3435,2011-05-28T00:00,0,train
3436,2011-05-28T01:00,1,train
3437,2011-05-28T02:00,2,train
3438,2011-05-28T03:00,3,train
3439,2011-05-28T04:00,4,train
3440,2011-05-28T05:00,5,train
3441,2011-05-28T06:00,6,train
3442,2011-05-28T07:00,7,train
3443,2011-05-28T08:00,8,train
3444,2011-05-28T09:00,9,train
3445,2011-05-28T10:00,10,train
3446,2011-05-28T11:00,11,train
3447,2011-05-28T12:00,12,train
3448,2011-05-28T13:00,13,train
3449,2011-05-28T14:00,14,train
3450,2011-05-28T15:00,15,train
3451,2011-05-28T16:00,16,train
3452,2011-05-28T17:00,17,train
3453,2011-05-28T18:00,18,train
3454,2011-05-28T19:00,19,train
3455,2011-05-28T20:00,20,train
3456,2011-05-28T21:00,21,train
3457,2011-05-28T22:00,22,train
3458,2011-05-28T23:00,23,train
3459,2011-05-29T00:00,0,train
3460,2011-05-29T01:00,1,train
3461,2011-05-29T02:00,2,train
3462,2011-05-29T03:00,3,train
3463,2011-05-29T04:00,4,train
3464,2011-05-29T05:00,5,train
3465,2011-05-29T06:00,6,train
3466,2011-05-29T07:00,7,train
3467,2011-05-29T08:00,8,train
3468,2011-05-29T09:00,9,train
3469,2011-05-29T10:00,10,train
3470,2011-05-29T11:00,11,train
3471,2011-05-29T12:00,12,train
3472,2011-05-29T13:00,13,train
3473,2011-05-29T14:00,14,train
3474,2011-05-29T15:00,15,train
3475,2011-05-29T16:00,16,train
3476,2011-05-29T17:00,17,train
3477,2011-05-29T18:00,18,train
3478,2011-05-29T19:00,19,train
3479,2011-05-29T20:00,20,train
3480,2011-05-29T21:00,21,train
3481,2011-05-29T22:00,22,train
3482,2011-05-29T23:00,23,train
3483,2011-05-30T00:00,0,train
3484,2011-05-30T01:00,1,train
3485,2011-05-30T02:00,2,train
3486,2011-05-30T03:00,3,train
3487,2011-05-30T04:00,4,train
3488,2011-05-30T05:00,5,train
3489,2011-05-30T06:00,6,train
3490,2011-05-30T07:00,7,train
3491,2011-05-30T08:00,8,train
3492,2011-05-30T09:00,9,train
3493,2011-05-30T10:00,10,train
3494,2011-05-30T11:00,11,train
3495,2011-05-30T12:00,12,train
3496,2011-05-30T13:00,13,train
3497,2011-05-30T14:00,14,train
3498,2011-05-30T15:00,15,train
3499,2011-05-30T16:00,16,train
3500,2011-05-30T17:00,17,train
3501,2011-05-30T18:00,18,train
3502,2011-05-30T19:00,19,train
3503,2011-05-30T20:00,20,train
3504,2011-05-30T21:00,21,train
3505,2011-05-30T22:00,22,train
3506,2011-05-30T23:00,23,train
3507,2011-05-31T00:00,0,train
3508,2011-05-31T01:00,1,train
3509,2011-05-31T02:00,2,train
3510,2011-05-31T03:00,3,train
3511,2011-05-31T04:00,4,train
3512,2011-05-31T05:00,5,train
3513,2011-05-31T06:00,6,train
3514,2011-05-31T07:00,7,train
3515,2011-05-31T08:00,8,train
3516,2011-05-31T09:00,9,train
3517,2011-05-31T10:00,10,train
3518,2011-05-31T11:00,11,train
3519,2011-05-31T12:00,12,train
3520,2011-05-31T13:00,13,train
3521,2011-05-31T14:00,14,train
3522,2011-05-31T15:00,15,train
3523,2011-05-31T16:00,16,train
3524,2011-05-31T17:00,17,train
3525,2011-05-31T18:00,18,train
3526,2011-05-31T19:00,19,train
3527,2011-05-31T20:00,20,train
3528,2011-05-31T21:00,21,train
3529,2011-05-31T22:00,22,train
3530,2011-05-31T23:00,23,train
3531,2011-06-01T00:00,0,train
3532,2011-06-01T01:00,1,train
3533,2011-06-01T02:00,2,train
3534,2011-06-01T03:00,3,train
3535,2011-06-01T04:00,4,train
3536,2011-06-01T05:00,5,train
3537,2011-06-01T06:00,6,train
3538,2011-06-01T07:00,7,train
3539,2011-06-01T08:00,8,train
3540,2011-06-01T09:00,9,train
3541,2011-06-01T10:00,10,train
3542,2011-06-01T11:00,11,train
3543,2011-06-01T12:00,12,train
3544,2011-06-01T13:00,13,train
3545,2011-06-01T14:00,14,train
3546,2011-06-01T15:00,15,train
3547,2011-06-01T16:00,16,train
3548,2011-06-01T17:00,17,train
3549,2011-06-01T18:00,18,train
3550,2011-06-01T19:00,19,train
3551,2011-06-01T20:00,20,train
3552,2011-06-01T21:00,21,train
3553,2011-06-01T22:00,22,train
3554,2011-06-01T23:00,23,train
3555,2011-06-02T00:00,0,train
3556,2011-06-02T01:00,1,train
3557,2011-06-02T02:00,2,train
3558,2011-06-02T03:00,3,train
3559,2011-06-02T04:00,4,train
3560,2011-06-02T05:00,5,train
3561,2011-06-02T06:00,6,train
3562,2011-06-02T07:00,7,train
3563,2011-06-02T08:00,8,train
3564,2011-06-02T09:00,9,train
3565,2011-06-02T10:00,10,train
3566,2011-06-02T11:00,11,train
3567,2011-06-02T12:00,12,train
3568,2011-06-02T13:00,13,train
3569,2011-06-02T14:00,14,train
3570,2011-06-02T15:00,15,train
3571,2011-06-02T16:00,16,train
3572,2011-06-02T17:00,17,train
3573,2011-06-02T18:00,18,train
3574,2011-06-02T19:00,19,train
3575,2011-06-02T20:00,20,train
3576,2011-06-02T21:00,21,train
3577,2011-06-02T22:00,22,train
3578,2011-06-02T23:00,23,train
3579,2011-06-03T00:00,0,train
3580,2011-06-03T01:00,1,train
3581,2011-06-03T02:00,2,train
3582,2011-06-03T03:00,3,train
3583,2011-06-03T04:00,4,train
3584,2011-06-03T05:00,5,train
3585,2011-06-03T06:00,6,train
3586,2011-06-03T07:00,7,train
3587,2011-06-03T08:00,8,train
3588,2011-06-03T09:00,9,train
3589,2011-06-03T10:00,10,train
3590,2011-06-03T11:00,11,train
3591,2011-06-03T12:00,12,train
3592,2011-06-03T13:00,13,train
3593,2011-06-03T14:00,14,train
3594,2011-06-03T15:00,15,train
3595,2011-06-03T16:00,16,train
3596,2011-06-03T17:00,17,train
3597,2011-06-03T18:00,18,train
3598,2011-06-03T19:00,19,train
3599,2011-06-03T20:00,20,train
3600,2011-06-03T21:00,21,train
3601,2011-06-03T22:00,22,train
3602,2011-06-03T23:00,23,train
3603,2011-06-04T00:00,0,train
3604,2011-06-04T01:00,1,train
3605,2011-06-04T02:00,2,train
3606,2011-06-04T03:00,3,train
3607,2011-06-04T04:00,4,train
3608,2011-06-04T05:00,5,train
3609,2011-06-04T06:00,6,train
3610,2011-06-04T07:00,7,train
3611,2011-06-04T08:00,8,train
3612,2011-06-04T09:00,9,train
3613,2011-06-04T10:00,10,train
3614,2011-06-04T11:00,11,train
3615,2011-06-04T12:00,12,train
3616,2011-06-04T13:00,13,train
3617,2011-06-04T14:00,14,train
3618,2011-06-04T15:00,15,train
3619,2011-06-04T16:00,16,train
3620,2011-06-04T17:00,17,train
3621,2011-06-04T18:00,18,train
3622,2011-06-04T19:00,19,train
3623,2011-06-04T20:00,20,train
3624,2011-06-04T21:00,21,train
3625,2011-06-04T22:00,22,train
3626,2011-06-04T23:00,23,train
3627,2011-06-05T00:00,0,train
3628,2011-06-05T01:00,1,train
3629,2011-06-05T02:00,2,train
3630,2011-06-05T03:00,3,train
3631,2011-06-05T04:00,4,train
3632,2011-06-05T05:00,5,train
3633,2011-06-05T06:00,6,train
3634,2011-06-05T07:00,7,train
3635,2011-06-05T08:00,8,train
3636,2011-06-05T09:00,9,train
3637,2011-06-05T10:00,10,train
3638,2011-06-05T11:00,11,train
3639,2011-06-05T12:00,12,train
3640,2011-06-05T13:00,13,train
3641,2011-06-05T14:00,14,train
3642,2011-06-05T15:00,15,train
3643,2011-06-05T16:00,16,train
3644,2011-06-05T17:00,17,train
3645,2011-06-05T18:00,18,train
3646,2011-06-05T19:00,19,train
3647,2011-06-05T20:00,20,train
3648,2011-06-05T21:00,21,train
3649,2011-06-05T22:00,22,train
3650,2011-06-05T23:00,23,train
3651,2011-06-06T00:00,0,train
3652,2011-06-06T01:00,1,train
3653,2011-06-06T02:00,2,train
3654,2011-06-06T03:00,3,train
3655,2011-06-06T04:00,4,train
3656,2011-06-06T05:00,5,train
3657,2011-06-06T06:00,6,train
3658,2011-06-06T07:00,7,train
3659,2011-06-06T08:00,8,train
3660,2011-06-06T09:00,9,train
3661,2011-06-06T10:00,10,train
3662,2011-06-06T11:00,11,train
3663,2011-06-06T12:00,12,train
3664,2011-06-06T13:00,13,train
3665,2011-06-06T14:00,14,train
3666,2011-06-06T15:00,15,train
3667,2011-06-06T16:00,16,train
3668,2011-06-06T17:00,17,train
3669,2011-06-06T18:00,18,train
3670,2011-06-06T19:00,19,train
3671,2011-06-06T20:00,20,train
3672,2011-06-06T21:00,21,train
3673,2011-06-06T22:00,22,train
3674,2011-06-06T23:00,23,train
3675,2011-06-07T00:00,0,train
3676,2011-06-07T01:00,1,train
3677,2011-06-07T02:00,2,train
3678,2011-06-07T03:00,3,train
3679,2011-06-07T04:00,4,train
3680,2011-06-07T05:00,5,train
3681,2011-06-07T06:00,6,train
3682,2011-06-07T07:00,7,train
3683,2011-06-07T08:00,8,train
3684,2011-06-07T09:00,9,train
3685,2011-06-07T10:00,10,train
3686,2011-06-07T11:00,11,train
3687,2011-06-07T12:00,12,train
3688,2011-06-07T13:00,13,train
3689,2011-06-07T14:00,14,train
3690,2011-06-07T15:00,15,train
3691,2011-06-07T16:00,16,train
3692,2011-06-07T17:00,17,train
3693,2011-06-07T18:00,18,train
3694,2011-06-07T19:00,19,train
3695,2011-06-07T20:00,20,train
3696,2011-06-07T21:00,21,train
3697,2011-06-07T22:00,22,train
3698,2011-06-07T23:00,23,train
3699,2011-06-08T00:00,0,train
3700,2011-06-08T01:00,1,train
3701,2011-06-08T02:00,2,train
3702,2011-06-08T03:00,3,train
3703,2011-06-08T04:00,4,train
3704,2011-06-08T05:00,5,train
3705,2011-06-08T06:00,6,train
3706,2011-06-08T07:00,7,train
3707,2011-06-08T08:00,8,train
3708,2011-06-08T09:00,9,train
3709,2011-06-08T10:00,10,train
3710,2011-06-08T11:00,11,train
3711,2011-06-08T12:00,12,train
3712,2011-06-08T13:00,13,train
3713,2011-06-08T14:00,14,train
3714,2011-06-08T15:00,15,train
3715,2011-06-08T16:00,16,train
3716,2011-06-08T17:00,17,train
3717,2011-06-08T18:00,18,train
3718,2011-06-08T19:00,19,train
3719,2011-06-08T20:00,20,train
3720,2011-06-08T21:00,21,train
3721,2011-06-08T22:00,22,train
3722,2011-06-08T23:00,23,train
3723,2011-06-09T00:00,0,train
3724,2011-06-09T01:00,1,train
3725,2011-06-09T02:00,2,train
3726,2011-06-09T03:00,3,train
3727,2011-06-09T04:00,4,train
3728,2011-06-09T05:00,5,train
3729,2011-06-09T06:00,6,train
3730,2011-06-09T07:00,7,train
3731,2011-06-09T08:00,8,train
3732,2011-06-09T09:00,9,train
3733,2011-06-09T10:00,10,train
3734,2011-06-09T11:00,11,train
3735,2011-06-09T12:00,12,train
3736,2011-06-09T13:00,13,train
3737,2011-06-09T14:00,14,train
3738,2011-06-09T15:00,15,train
3739,2011-06-09T16:00,16,train
3740,2011-06-09T17:00,17,train
3741,2011-06-09T18:00,18,train
3742,2011-06-09T19:00,19,train
3743,2011-06-09T20:00,20,train
3744,2011-06-09T21:00,21,train
3745,2011-06-09T22:00,22,train
3746,2011-06-09T23:00,23,train
3747,2011-06-10T00:00,0,train
3748,2011-06-10T01:00,1,train
3749,2011-06-10T02:00,2,train
3750,2011-06-10T03:00,3,train
3751,2011-06-10T04:00,4,train
3752,2011-06-10T05:00,5,train
3753,2011-06-10T06:00,6,train
3754,2011-06-10T07:00,7,train
3755,2011-06-10T08:00,8,train
3756,2011-06-10T09:00,9,train
3757,2011-06-10T10:00,10,train
3758,2011-06-10T11:00,11,train
3759,2011-06-10T12:00,12,train
3760,2011-06-10T13:00,13,train
3761,2011-06-10T14:00,14,train
3762,2011-06-10T15:00,15,train
3763,2011-06-10T16:00,16,train
3764,2011-06-10T17:00,17,train
3765,2011-06-10T18:00,18,train
3766,2011-06-10T19:00,19,train
3767,2011-06-10T20:00,20,train
3768,2011-06-10T21:00,21,train
3769,2011-06-10T22:00,22,train
3770,2011-06-10T23:00,23,train
3771,2011-06-11T00:00,0,train
3772,2011-06-11T01:00,1,train
3773,2011-06-11T02:00,2,train
3774,2011-06-11T03:00,3,train
3775,2011-06-11T04:00,4,train
3776,2011-06-11T05:00,5,train
3777,2011-06-11T06:00,6,train
3778,2011-06-11T07:00,7,train
3779,2011-06-11T08:00,8,train
3780,2011-06-11T09:00,9,train
3781,2011-06-11T10:00,10,train
3782,2011-06-11T11:00,11,train
3783,2011-06-11T12:00,12,train
3784,2011-06-11T13:00,13,train
3785,2011-06-11T14:00,14,train
3786,2011-06-11T15:00,15,train
3787,2011-06-11T16:00,16,train
3788,2011-06-11T17:00,17,train
3789,2011-06-11T18:00,18,train
3790,2011-06-11T19:00,19,train
3791,2011-06-11T20:00,20,train
3792,2011-06-11T21:00,21,train
3793,2011-06-11T22:00,22,train
3794,2011-06-11T23:00,23,train
3795,2011-06-12T00:00,0,train
3796,2011-06-12T01:00,1,train
3797,2011-06-12T02:00,2,train
3798,2011-06-12T03:00,3,train
3799,2011-06-12T04:00,4,train
3800,2011-06-12T05:00,5,train
3801,2011-06-12T06:00,6,train
3802,2011-06-12T07:00,7,train
3803,2011-06-12T08:00,8,train
3804,2011-06-12T09:00,9,train
3805,2011-06-12T10:00,10,train
3806,2011-06-12T11:00,11,train
3807,2011-06-12T12:00,12,train
3808,2011-06-12T13:00,13,train
3809,2011-06-12T14:00,14,train
3810,2011-06-12T15:00,15,train
3811,2011-06-12T16:00,16,train
3812,2011-06-12T17:00,17,train
3813,2011-06-12T18:00,18,train
3814,2011-06-12T19:00,19,train
3815,2011-06-12T20:00,20,train
3816,2011-06-12T21:00,21,train
3817,2011-06-12T22:00,22,train
3818,2011-06-12T23:00,23,train
3819,2011-06-13T00:00,0,train
3820,2011-06-13T01:00,1,train
3821,2011-06-13T02:00,2,train
3822,2011-06-13T03:00,3,train
3823,2011-06-13T04:00,4,train
3824,2011-06-13T05:00,5,train
3825,2011-06-13T06:00,6,train
3826,2011-06-13T07:00,7,train
3827,2011-06-13T08:00,8,train
3828,2011-06-13T09:00,9,train
3829,2011-06-13T10:00,10,train
3830,2011-06-13T11:00,11,train
3831,2011-06-13T12:00,12,train
3832,2011-06-13T13:00,13,train
3833,2011-06-13T14:00,14,train
3834,2011-06-13T15:00,15,train
3835,2011-06-13T16:00,16,train
3836,2011-06-13T17:00,17,train
3837,2011-06-13T18:00,18,train
3838,2011-06-13T19:00,19,train
3839,2011-06-13T20:00,20,train
3840,2011-06-13T21:00,21,train
3841,2011-06-13T22:00,22,train
3842,2011-06-13T23:00,23,train
3843,2011-06-14T00:00,0,train
3844,2011-06-14T01:00,1,train
3845,2011-06-14T02:00,2,train
3846,2011-06-14T03:00,3,train
3847,2011-06-14T04:00,4,train
3848,2011-06-14T05:00,5,train
3849,2011-06-14T06:00,6,train
3850,2011-06-14T07:00,7,train
3851,2011-06-14T08:00,8,train
3852,2011-06-14T09:00,9,train
3853,2011-06-14T10:00,10,train
3854,2011-06-14T11:00,11,train
3855,2011-06-14T12:00,12,train
3856,2011-06-14T13:00,13,train
3857,2011-06-14T14:00,14,train
3858,2011-06-14T15:00,15,train
3859,2011-06-14T16:00,16,train
3860,2011-06-14T17:00,17,train
3861,2011-06-14T18:00,18,train
3862,2011-06-14T19:00,19,train
3863,2011-06-14T20:00,20,train
3864,2011-06-14T21:00,21,train
3865,2011-06-14T22:00,22,train
3866,2011-06-14T23:00,23,train
3867,2011-06-15T00:00,0,train
3868,2011-06-15T01:00,1,train
3869,2011-06-15T02:00,2,train
3870,2011-06-15T03:00,3,train
3871,2011-06-15T04:00,4,train
3872,2011-06-15T05:00,5,train
3873,2011-06-15T06:00,6,train
3874,2011-06-15T07:00,7,train
3875,2011-06-15T08:00,8,train
3876,2011-06-15T09:00,9,train
3877,2011-06-15T10:00,10,train
3878,2011-06-15T11:00,11,train
3879,2011-06-15T12:00,12,train
3880,2011-06-15T13:00,13,train
3881,2011-06-15T14:00,14,train
3882,2011-06-15T15:00,15,train
3883,2011-06-15T16:00,16,train
3884,2011-06-15T17:00,17,train
3885,2011-06-15T18:00,18,train
3886,2011-06-15T19:00,19,train
3887,2011-06-15T20:00,20,train
3888,2011-06-15T21:00,21,train
3889,2011-06-15T22:00,22,train
3890,2011-06-15T23:00,23,train
3891,2011-06-16T00:00,0,train
3892,2011-06-16T01:00,1,train
3893,2011-06-16T02:00,2,train
3894,2011-06-16T03:00,3,train
3895,2011-06-16T04:00,4,train
3896,2011-06-16T05:00,5,train
3897,2011-06-16T06:00,6,train
3898,2011-06-16T07:00,7,train
3899,2011-06-16T08:00,8,train
3900,2011-06-16T09:00,9,train
3901,2011-06-16T10:00,10,train
3902,2011-06-16T11:00,11,train
3903,2011-06-16T12:00,12,train
3904,2011-06-16T13:00,13,train
3905,2011-06-16T14:00,14,train
3906,2011-06-16T15:00,15,train
3907,2011-06-16T16:00,16,train
3908,2011-06-16T17:00,17,train
3909,2011-06-16T18:00,18,train
3910,2011-06-16T19:00,19,train
3911,2011-06-16T20:00,20,train
3912,2011-06-16T21:00,21,train
3913,2011-06-16T22:00,22,train
3914,2011-06-16T23:00,23,train
3915,2011-06-17T00:00,0,train
3916,2011-06-17T01:00,1,train
3917,2011-06-17T02:00,2,train
3918,2011-06-17T03:00,3,train
3919,2011-06-17T04:00,4,train
3920,2011-06-17T05:00,5,train
3921,2011-06-17T06:00,6,train
3922,2011-06-17T07:00,7,train
3923,2011-06-17T08:00,8,train
3924,2011-06-17T09:00,9,train
3925,2011-06-17T10:00,10,train
3926,2011-06-17T11:00,11,train
3927,2011-06-17T12:00,12,train
3928,2011-06-17T13:00,13,train
3929,2011-06-17T14:00,14,train
3930,2011-06-17T15:00,15,train
3931,2011-06-17T16:00,16,train
3932,2011-06-17T17:00,17,train
3933,2011-06-17T18:00,18,train
3934,2011-06-17T19:00,19,train
3935,2011-06-17T20:00,20,train
3936,2011-06-17T21:00,21,train
3937,2011-06-17T22:00,22,train
3938,2011-06-17T23:00,23,train
3939,2011-06-18T00:00,0,train
3940,2011-06-18T01:00,1,train
3941,2011-06-18T02:00,2,train
3942,2011-06-18T03:00,3,train
3943,2011-06-18T04:00,4,train
3944,2011-06-18T05:00,5,train
3945,2011-06-18T06:00,6,train
3946,2011-06-18T07:00,7,train
3947,2011-06-18T08:00,8,train
3948,2011-06-18T09:00,9,train
3949,2011-06-18T10:00,10,train
3950,2011-06-18T11:00,11,train
3951,2011-06-18T12:00,12,train
3952,2011-06-18T13:00,13,train
3953,2011-06-18T14:00,14,train
3954,2011-06-18T15:00,15,train
3955,2011-06-18T16:00,16,train
3956,2011-06-18T17:00,17,train
3957,2011-06-18T18:00,18,train
3958,2011-06-18T19:00,19,train
3959,2011-06-18T20:00,20,train
3960,2011-06-18T21:00,21,train
3961,2011-06-18T22:00,22,train
3962,2011-06-18T23:00,23,train
3963,2011-06-19T00:00,0,train
3964,2011-06-19T01:00,1,train
3965,2011-06-19T02:00,2,train
3966,2011-06-19T03:00,3,train
3967,2011-06-19T04:00,4,train
3968,2011-06-19T05:00,5,train
3969,2011-06-19T06:00,6,train
3970,2011-06-19T07:00,7,train
3971,2011-06-19T08:00,8,train
3972,2011-06-19T09:00,9,train
3973,2011-06-19T10:00,10,train
3974,2011-06-19T11:00,11,train
3975,2011-06-19T12:00,12,train
3976,2011-06-19T13:00,13,train
3977,2011-06-19T14:00,14,train
3978,2011-06-19T15:00,15,train
3979,2011-06-19T16:00,16,train
3980,2011-06-19T17:00,17,train
3981,2011-06-19T18:00,18,train
3982,2011-06-19T19:00,19,train
3983,2011-06-19T20:00,20,train
3984,2011-06-19T21:00,21,train
3985,2011-06-19T22:00,22,train
3986,2011-06-19T23:00,23,train
3987,2011-06-20T00:00,0,train
3988,2011-06-20T01:00,1,train
3989,2011-06-20T02:00,2,train
3990,2011-06-20T03:00,3,train
3991,2011-06-20T04:00,4,train
3992,2011-06-20T05:00,5,train
3993,2011-06-20T06:00,6,train
3994,2011-06-20T07:00,7,train
3995,2011-06-20T08:00,8,train
3996,2011-06-20T09:00,9,train
3997,2011-06-20T10:00,10,train
3998,2011-06-20T11:00,11,train
3999,2011-06-20T12:00,12,train
4000,2011-06-20T13:00,13,train
4001,2011-06-20T14:00,14,train
4002,2011-06-20T15:00,15,train
4003,2011-06-20T16:00,16,train
4004,2011-06-20T17:00,17,train
4005,2011-06-20T18:00,18,train
4006,2011-06-20T19:00,19,train
4007,2011-06-20T20:00,20,train
4008,2011-06-20T21:00,21,train
4009,2011-06-20T22:00,22,train
4010,2011-06-20T23:00,23,train
4011,2011-06-21T00:00,0,train
4012,2011-06-21T01:00,1,train
4013,2011-06-21T02:00,2,train
4014,2011-06-21T03:00,3,train
4015,2011-06-21T04:00,4,train
4016,2011-06-21T05:00,5,train
4017,2011-06-21T06:00,6,train
4018,2011-06-21T07:00,7,train
4019,2011-06-21T08:00,8,train
4020,2011-06-21T09:00,9,train
4021,2011-06-21T10:00,10,train
4022,2011-06-21T11:00,11,train
4023,2011-06-21T12:00,12,train
4024,2011-06-21T13:00,13,train
4025,2011-06-21T14:00,14,train
4026,2011-06-21T15:00,15,train
4027,2011-06-21T16:00,16,train
4028,2011-06-21T17:00,17,train
4029,2011-06-21T18:00,18,train
4030,2011-06-21T19:00,19,train
4031,2011-06-21T20:00,20,train
4032,2011-06-21T21:00,21,train
4033,2011-06-21T22:00,22,train
4034,2011-06-21T23:00,23,train
4035,2011-06-22T00:00,0,train
4036,2011-06-22T01:00,1,train
4037,2011-06-22T02:00,2,train
4038,2011-06-22T03:00,3,train
4039,2011-06-22T04:00,4,train
4040,2011-06-22T05:00,5,train
4041,2011-06-22T06:00,6,train
4042,2011-06-22T07:00,7,train
4043,2011-06-22T08:00,8,train
4044,2011-06-22T09:00,9,train
4045,2011-06-22T10:00,10,train
4046,2011-06-22T11:00,11,train
4047,2011-06-22T12:00,12,train
4048,2011-06-22T13:00,13,train
4049,2011-06-22T14:00,14,train
4050,2011-06-22T15:00,15,train
4051,2011-06-22T16:00,16,train
4052,2011-06-22T17:00,17,train
4053,2011-06-22T18:00,18,train
4054,2011-06-22T19:00,19,train
4055,2011-06-22T20:00,20,train
4056,2011-06-22T21:00,21,train
4057,2011-06-22T22:00,22,train
4058,2011-06-22T23:00,23,train
4059,2011-06-23T00:00,0,train
4060,2011-06-23T01:00,1,train
4061,2011-06-23T02:00,2,train
4062,2011-06-23T03:00,3,train
4063,2011-06-23T04:00,4,train
4064,2011-06-23T05:00,5,train
4065,2011-06-23T06:00,6,train
4066,2011-06-23T07:00,7,train
4067,2011-06-23T08:00,8,train
4068,2011-06-23T09:00,9,train
4069,2011-06-23T10:00,10,train
4070,2011-06-23T11:00,11,train
4071,2011-06-23T12:00,12,train
4072,2011-06-23T13:00,13,train
4073,2011-06-23T14:00,14,train
4074,2011-06-23T15:00,15,train
4075,2011-06-23T16:00,16,train
4076,2011-06-23T17:00,17,train
4077,2011-06-23T18:00,18,train
4078,2011-06-23T19:00,19,train
4079,2011-06-23T20:00,20,train
4080,2011-06-23T21:00,21,train
4081,2011-06-23T22:00,22,train
4082,2011-06-23T23:00,23,train
4083,2011-06-24T00:00,0,train
4084,2011-06-24T01:00,1,train
4085,2011-06-24T02:00,2,train
4086,2011-06-24T03:00,3,train
4087,2011-06-24T04:00,4,train
4088,2011-06-24T05:00,5,train
4089,2011-06-24T06:00,6,train
4090,2011-06-24T07:00,7,train
4091,2011-06-24T08:00,8,train
4092,2011-06-24T09:00,9,train
4093,2011-06-24T10:00,10,train
4094,2011-06-24T11:00,11,train
4095,2011-06-24T12:00,12,train
4096,2011-06-24T13:00,13,train
4097,2011-06-24T14:00,14,train
4098,2011-06-24T15:00,15,train
4099,2011-06-24T16:00,16,train
4100,2011-06-24T17:00,17,train
4101,2011-06-24T18:00,18,train
4102,2011-06-24T19:00,19,train
4103,2011-06-24T20:00,20,train
4104,2011-06-24T21:00,21,train
4105,2011-06-24T22:00,22,train
4106,2011-06-24T23:00,23,train
4107,2011-06-25T00:00,0,train
4108,2011-06-25T01:00,1,train
4109,2011-06-25T02:00,2,train
4110,2011-06-25T03:00,3,train
4111,2011-06-25T04:00,4,train
4112,2011-06-25T05:00,5,train
4113,2011-06-25T06:00,6,train
4114,2011-06-25T07:00,7,train
4115,2011-06-25T08:00,8,train
4116,2011-06-25T09:00,9,train
4117,2011-06-25T10:00,10,train
4118,2011-06-25T11:00,11,train
4119,2011-06-25T12:00,12,train
4120,2011-06-25T13:00,13,train
4121,2011-06-25T14:00,14,train
4122,2011-06-25T15:00,15,train
4123,2011-06-25T16:00,16,train
4124,2011-06-25T17:00,17,train
4125,2011-06-25T18:00,18,train
4126,2011-06-25T19:00,19,train
4127,2011-06-25T20:00,20,train
4128,2011-06-25T21:00,21,train
4129,2011-06-25T22:00,22,train
4130,2011-06-25T23:00,23,train
4131,2011-06-26T00:00,0,train
4132,2011-06-26T01:00,1,train
4133,2011-06-26T02:00,2,train
4134,2011-06-26T03:00,3,train
4135,2011-06-26T04:00,4,train
4136,2011-06-26T05:00,5,train
4137,2011-06-26T06:00,6,train
4138,2011-06-26T07:00,7,train
4139,2011-06-26T08:00,8,train
4140,2011-06-26T09:00,9,train
4141,2011-06-26T10:00,10,train
4142,2011-06-26T11:00,11,train
4143,2011-06-26T12:00,12,train
4144,2011-06-26T13:00,13,train
4145,2011-06-26T14:00,14,train
4146,2011-06-26T15:00,15,train
4147,2011-06-26T16:00,16,train
4148,2011-06-26T17:00,17,train
4149,2011-06-26T18:00,18,train
4150,2011-06-26T19:00,19,train
4151,2011-06-26T20:00,20,train
4152,2011-06-26T21:00,21,train
4153,2011-06-26T22:00,22,train
4154,2011-06-26T23:00,23,train
4155,2011-06-27T00:00,0,train
4156,2011-06-27T01:00,1,train
4157,2011-06-27T02:00,2,train
4158,2011-06-27T03:00,3,train
4159,2011-06-27T04:00,4,train
4160,2011-06-27T05:00,5,train
4161,2011-06-27T06:00,6,train
4162,2011-06-27T07:00,7,train
4163,2011-06-27T08:00,8,train
4164,2011-06-27T09:00,9,train
4165,2011-06-27T10:00,10,train
4166,2011-06-27T11:00,11,train
4167,2011-06-27T12:00,12,train
4168,2011-06-27T13:00,13,train
4169,2011-06-27T14:00,14,train
4170,2011-06-27T15:00,15,train
4171,2011-06-27T16:00,16,train
4172,2011-06-27T17:00,17,train
4173,2011-06-27T18:00,18,train
4174,2011-06-27T19:00,19,train
4175,2011-06-27T20:00,20,train
4176,2011-06-27T21:00,21,train
4177,2011-06-27T22:00,22,train
4178,2011-06-27T23:00,23,train
4179,2011-06-28T00:00,0,train
4180,2011-06-28T01:00,1,train
4181,2011-06-28T02:00,2,train
4182,2011-06-28T03:00,3,train
4183,2011-06-28T04:00,4,train
4184,2011-06-28T05:00,5,train
4185,2011-06-28T06:00,6,train
4186,2011-06-28T07:00,7,train
4187,2011-06-28T08:00,8,train
4188,2011-06-28T09:00,9,train
4189,2011-06-28T10:00,10,train
4190,2011-06-28T11:00,11,train
4191,2011-06-28T12:00,12,train
4192,2011-06-28T13:00,13,train
4193,2011-06-28T14:00,14,train
4194,2011-06-28T15:00,15,train
4195,2011-06-28T16:00,16,train
4196,2011-06-28T17:00,17,train
4197,2011-06-28T18:00,18,train
4198,2011-06-28T19:00,19,train
4199,2011-06-28T20:00,20,train
4200,2011-06-28T21:00,21,train
4201,2011-06-28T22:00,22,train
4202,2011-06-28T23:00,23,train
4203,2011-06-29T00:00,0,train
4204,2011-06-29T01:00,1,train
4205,2011-06-29T02:00,2,train
4206,2011-06-29T03:00,3,train
4207,2011-06-29T04:00,4,train
4208,2011-06-29T05:00,5,train
4209,2011-06-29T06:00,6,train
4210,2011-06-29T07:00,7,train
4211,2011-06-29T08:00,8,train
4212,2011-06-29T09:00,9,train
4213,2011-06-29T10:00,10,train
4214,2011-06-29T11:00,11,train
4215,2011-06-29T12:00,12,train
4216,2011-06-29T13:00,13,train
4217,2011-06-29T14:00,14,train
4218,2011-06-29T15:00,15,train
4219,2011-06-29T16:00,16,train
4220,2011-06-29T17:00,17,train
4221,2011-06-29T18:00,18,train
4222,2011-06-29T19:00,19,train
4223,2011-06-29T20:00,20,train
4224,2011-06-29T21:00,21,train
4225,2011-06-29T22:00,22,train
4226,2011-06-29T23:00,23,train
4227,2011-06-30T00:00,0,train
4228,2011-06-30T01:00,1,train
4229,2011-06-30T02:00,2,train
4230,2011-06-30T03:00,3,train
4231,2011-06-30T04:00,4,train
4232,2011-06-30T05:00,5,train
4233,2011-06-30T06:00,6,train
4234,2011-06-30T07:00,7,train
4235,2011-06-30T08:00,8,train
4236,2011-06-30T09:00,9,train
4237,2011-06-30T10:00,10,train
4238,2011-06-30T11:00,11,train
4239,2011-06-30T12:00,12,train
4240,2011-06-30T13:00,13,train
4241,2011-06-30T14:00,14,train
4242,2011-06-30T15:00,15,train
4243,2011-06-30T16:00,16,train
4244,2011-06-30T17:00,17,train
4245,2011-06-30T18:00,18,train
4246,2011-06-30T19:00,19,train
4247,2011-06-30T20:00,20,train
4248,2011-06-30T21:00,21,train
4249,2011-06-30T22:00,22,train
4250,2011-06-30T23:00,23,train
4251,2011-07-01T00:00,0,train
4252,2011-07-01T01:00,1,train
4253,2011-07-01T02:00,2,train
4254,2011-07-01T03:00,3,train
4255,2011-07-01T04:00,4,train
4256,2011-07-01T05:00,5,train
4257,2011-07-01T06:00,6,train
4258,2011-07-01T07:00,7,train
4259,2011-07-01T08:00,8,train
4260,2011-07-01T09:00,9,train
4261,2011-07-01T10:00,10,train
4262,2011-07-01T11:00,11,train
4263,2011-07-01T12:00,12,train
4264,2011-07-01T13:00,13,train
4265,2011-07-01T14:00,14,train
4266,2011-07-01T15:00,15,train
4267,2011-07-01T16:00,16,train
4268,2011-07-01T17:00,17,train
4269,2011-07-01T18:00,18,train
4270,2011-07-01T19:00,19,train
4271,2011-07-01T20:00,20,train
4272,2011-07-01T21:00,21,train
4273,2011-07-01T22:00,22,train
4274,2011-07-01T23:00,23,train
4275,2011-07-02T00:00,0,train
4276,2011-07-02T01:00,1,train
4277,2011-07-02T02:00,2,train
4278,2011-07-02T03:00,3,train
4279,2011-07-02T04:00,4,train
4280,2011-07-02T05:00,5,train
4281,2011-07-02T06:00,6,train
4282,2011-07-02T07:00,7,train
4283,2011-07-02T08:00,8,train
4284,2011-07-02T09:00,9,train
4285,2011-07-02T10:00,10,train
4286,2011-07-02T11:00,11,train
4287,2011-07-02T12:00,12,train
4288,2011-07-02T13:00,13,train
4289,2011-07-02T14:00,14,train
4290,2011-07-02T15:00,15,train
4291,2011-07-02T16:00,16,train
4292,2011-07-02T17:00,17,train
4293,2011-07-02T18:00,18,train
4294,2011-07-02T19:00,19,train
4295,2011-07-02T20:00,20,train
4296,2011-07-02T21:00,21,train
4297,2011-07-02T22:00,22,train
4298,2011-07-02T23:00,23,train
4299,2011-07-03T00:00,0,train
4300,2011-07-03T01:00,1,train
4301,2011-07-03T02:00,2,train
4302,2011-07-03T03:00,3,train
4303,2011-07-03T04:00,4,train
4304,2011-07-03T05:00,5,train
4305,2011-07-03T06:00,6,train
4306,2011-07-03T07:00,7,train
4307,2011-07-03T08:00,8,train
4308,2011-07-03T09:00,9,train
4309,2011-07-03T10:00,10,train
4310,2011-07-03T11:00,11,train
4311,2011-07-03T12:00,12,train
4312,2011-07-03T13:00,13,train
4313,2011-07-03T14:00,14,train
4314,2011-07-03T15:00,15,train
4315,2011-07-03T16:00,16,train
4316,2011-07-03T17:00,17,train
4317,2011-07-03T18:00,18,train
4318,2011-07-03T19:00,19,train
4319,2011-07-03T20:00,20,train
4320,2011-07-03T21:00,21,train
4321,2011-07-03T22:00,22,train
4322,2011-07-03T23:00,23,train
4323,2011-07-04T00:00,0,train
4324,2011-07-04T01:00,1,train
4325,2011-07-04T02:00,2,train
4326,2011-07-04T03:00,3,train
4327,2011-07-04T04:00,4,train
4328,2011-07-04T05:00,5,train
4329,2011-07-04T06:00,6,train
4330,2011-07-04T07:00,7,train
4331,2011-07-04T08:00,8,train
4332,2011-07-04T09:00,9,train
4333,2011-07-04T10:00,10,train
4334,2011-07-04T11:00,11,train
4335,2011-07-04T12:00,12,train
4336,2011-07-04T13:00,13,train
4337,2011-07-04T14:00,14,train
4338,2011-07-04T15:00,15,train
4339,2011-07-04T16:00,16,train
4340,2011-07-04T17:00,17,train
4341,2011-07-04T18:00,18,train
4342,2011-07-04T19:00,19,train
4343,2011-07-04T20:00,20,train
4344,2011-07-04T21:00,21,train
4345,2011-07-04T22:00,22,train
4346,2011-07-04T23:00,23,train
4347,2011-07-05T00:00,0,train
4348,2011-07-05T01:00,1,train
4349,2011-07-05T02:00,2,train
4350,2011-07-05T03:00,3,train
4351,2011-07-05T04:00,4,train
4352,2011-07-05T05:00,5,train
4353,2011-07-05T06:00,6,train
4354,2011-07-05T07:00,7,train
4355,2011-07-05T08:00,8,train
4356,2011-07-05T09:00,9,train
4357,2011-07-05T10:00,10,train
4358,2011-07-05T11:00,11,train
4359,2011-07-05T12:00,12,train
4360,2011-07-05T13:00,13,train
4361,2011-07-05T14:00,14,train
4362,2011-07-05T15:00,15,train
4363,2011-07-05T16:00,16,train
4364,2011-07-05T17:00,17,train
4365,2011-07-05T18:00,18,train
4366,2011-07-05T19:00,19,train
4367,2011-07-05T20:00,20,train
4368,2011-07-05T21:00,21,train
4369,2011-07-05T22:00,22,train
4370,2011-07-05T23:00,23,train
4371,2011-07-06T00:00,0,train
4372,2011-07-06T01:00,1,train
4373,2011-07-06T02:00,2,train
4374,2011-07-06T03:00,3,train
4375,2011-07-06T04:00,4,train
4376,2011-07-06T05:00,5,train
4377,2011-07-06T06:00,6,train
4378,2011-07-06T07:00,7,train
4379,2011-07-06T08:00,8,train
4380,2011-07-06T09:00,9,train
4381,2011-07-06T10:00,10,train
4382,2011-07-06T11:00,11,train
4383,2011-07-06T12:00,12,train
4384,2011-07-06T13:00,13,train
4385,2011-07-06T14:00,14,train
4386,2011-07-06T15:00,15,train
4387,2011-07-06T16:00,16,train
4388,2011-07-06T17:00,17,train
4389,2011-07-06T18:00,18,train
4390,2011-07-06T19:00,19,train
4391,2011-07-06T20:00,20,train
4392,2011-07-06T21:00,21,train
4393,2011-07-06T22:00,22,train
4394,2011-07-06T23:00,23,train
4395,2011-07-07T00:00,0,train
4396,2011-07-07T01:00,1,train
4397,2011-07-07T02:00,2,train
4398,2011-07-07T03:00,3,train
4399,2011-07-07T04:00,4,train
4400,2011-07-07T05:00,5,train
4401,2011-07-07T06:00,6,train
4402,2011-07-07T07:00,7,train
4403,2011-07-07T08:00,8,train
4404,2011-07-07T09:00,9,train
4405,2011-07-07T10:00,10,train
4406,2011-07-07T11:00,11,train
4407,2011-07-07T12:00,12,train
4408,2011-07-07T13:00,13,train
4409,2011-07-07T14:00,14,train
4410,2011-07-07T15:00,15,train
4411,2011-07-07T16:00,16,train
4412,2011-07-07T17:00,17,train
4413,2011-07-07T18:00,18,train
4414,2011-07-07T19:00,19,train
4415,2011-07-07T20:00,20,train
4416,2011-07-07T21:00,21,train
4417,2011-07-07T22:00,22,train
4418,2011-07-07T23:00,23,train
4419,2011-07-08T00:00,0,train
4420,2011-07-08T01:00,1,train
4421,2011-07-08T02:00,2,train
4422,2011-07-08T03:00,3,train
4423,2011-07-08T04:00,4,train
4424,2011-07-08T05:00,5,train
4425,2011-07-08T06:00,6,train
4426,2011-07-08T07:00,7,train
4427,2011-07-08T08:00,8,train
4428,2011-07-08T09:00,9,train
4429,2011-07-08T10:00,10,train
4430,2011-07-08T11:00,11,train
4431,2011-07-08T12:00,12,train
4432,2011-07-08T13:00,13,train
4433,2011-07-08T14:00,14,train
4434,2011-07-08T15:00,15,train
4435,2011-07-08T16:00,16,train
4436,2011-07-08T17:00,17,train
4437,2011-07-08T18:00,18,train
4438,2011-07-08T19:00,19,train
4439,2011-07-08T20:00,20,train
4440,2011-07-08T21:00,21,train
4441,2011-07-08T22:00,22,train
4442,2011-07-08T23:00,23,train
4443,2011-07-09T00:00,0,train
4444,2011-07-09T01:00,1,train
4445,2011-07-09T02:00,2,train
4446,2011-07-09T03:00,3,train
4447,2011-07-09T04:00,4,train
4448,2011-07-09T05:00,5,train
4449,2011-07-09T06:00,6,train
4450,2011-07-09T07:00,7,train
4451,2011-07-09T08:00,8,train
4452,2011-07-09T09:00,9,train
4453,2011-07-09T10:00,10,train
4454,2011-07-09T11:00,11,train
4455,2011-07-09T12:00,12,train
4456,2011-07-09T13:00,13,train
4457,2011-07-09T14:00,14,train
4458,2011-07-09T15:00,15,train
4459,2011-07-09T16:00,16,train
4460,2011-07-09T17:00,17,train
4461,2011-07-09T18:00,18,train
4462,2011-07-09T19:00,19,train
4463,2011-07-09T20:00,20,train
4464,2011-07-09T21:00,21,train
4465,2011-07-09T22:00,22,train
4466,2011-07-09T23:00,23,train
4467,2011-07-10T00:00,0,train
4468,2011-07-10T01:00,1,train
4469,2011-07-10T02:00,2,train
4470,2011-07-10T03:00,3,train
4471,2011-07-10T04:00,4,train
4472,2011-07-10T05:00,5,train
4473,2011-07-10T06:00,6,train
4474,2011-07-10T07:00,7,train
4475,2011-07-10T08:00,8,train
4476,2011-07-10T09:00,9,train
4477,2011-07-10T10:00,10,train
4478,2011-07-10T11:00,11,train
4479,2011-07-10T12:00,12,train
4480,2011-07-10T13:00,13,train
4481,2011-07-10T14:00,14,train
4482,2011-07-10T15:00,15,train
4483,2011-07-10T16:00,16,train
4484,2011-07-10T17:00,17,train
4485,2011-07-10T18:00,18,train
4486,2011-07-10T19:00,19,train
4487,2011-07-10T20:00,20,train
4488,2011-07-10T21:00,21,train
4489,2011-07-10T22:00,22,train
4490,2011-07-10T23:00,23,train
4491,2011-07-11T00:00,0,train
4492,2011-07-11T01:00,1,train
4493,2011-07-11T02:00,2,train
4494,2011-07-11T03:00,3,train
4495,2011-07-11T04:00,4,train
4496,2011-07-11T05:00,5,train
4497,2011-07-11T06:00,6,train
4498,2011-07-11T07:00,7,train
4499,2011-07-11T08:00,8,train
4500,2011-07-11T09:00,9,train
4501,2011-07-11T10:00,10,train
4502,2011-07-11T11:00,11,train
4503,2011-07-11T12:00,12,train
4504,2011-07-11T13:00,13,train
4505,2011-07-11T14:00,14,train
4506,2011-07-11T15:00,15,train
4507,2011-07-11T16:00,16,train
4508,2011-07-11T17:00,17,train
4509,2011-07-11T18:00,18,train
4510,2011-07-11T19:00,19,train
4511,2011-07-11T20:00,20,train
4512,2011-07-11T21:00,21,train
4513,2011-07-11T22:00,22,train
4514,2011-07-11T23:00,23,train
4515,2011-07-12T00:00,0,train
4516,2011-07-12T01:00,1,train
4517,2011-07-12T02:00,2,train
4518,2011-07-12T03:00,3,train
4519,2011-07-12T04:00,4,train
4520,2011-07-12T05:00,5,train
4521,2011-07-12T06:00,6,train
4522,2011-07-12T07:00,7,train
4523,2011-07-12T08:00,8,train
4524,2011-07-12T09:00,9,train
4525,2011-07-12T10:00,10,train
4526,2011-07-12T11:00,11,train
4527,2011-07-12T12:00,12,train
4528,2011-07-12T13:00,13,train
4529,2011-07-12T14:00,14,train
4530,2011-07-12T15:00,15,train
4531,2011-07-12T16:00,16,train
4532,2011-07-12T17:00,17,train
4533,2011-07-12T18:00,18,train
4534,2011-07-12T19:00,19,train
4535,2011-07-12T20:00,20,train
4536,2011-07-12T21:00,21,train
4537,2011-07-12T22:00,22,train
4538,2011-07-12T23:00,23,train
4539,2011-07-13T00:00,0,train
4540,2011-07-13T01:00,1,train
4541,2011-07-13T02:00,2,train
4542,2011-07-13T03:00,3,train
4543,2011-07-13T04:00,4,train
4544,2011-07-13T05:00,5,train
4545,2011-07-13T06:00,6,train
4546,2011-07-13T07:00,7,train
4547,2011-07-13T08:00,8,train
4548,2011-07-13T09:00,9,train
4549,2011-07-13T10:00,10,train
4550,2011-07-13T11:00,11,train
4551,2011-07-13T12:00,12,train
4552,2011-07-13T13:00,13,train
4553,2011-07-13T14:00,14,train
4554,2011-07-13T15:00,15,train
4555,2011-07-13T16:00,16,train
4556,2011-07-13T17:00,17,train
4557,2011-07-13T18:00,18,train
4558,2011-07-13T19:00,19,train
4559,2011-07-13T20:00,20,train
4560,2011-07-13T21:00,21,train
4561,2011-07-13T22:00,22,train
4562,2011-07-13T23:00,23,train
4563,2011-07-14T00:00,0,train
4564,2011-07-14T01:00,1,train
4565,2011-07-14T02:00,2,train
4566,2011-07-14T03:00,3,train
4567,2011-07-14T04:00,4,train
4568,2011-07-14T05:00,5,train
4569,2011-07-14T06:00,6,train
4570,2011-07-14T07:00,7,train
4571,2011-07-14T08:00,8,train
4572,2011-07-14T09:00,9,train
4573,2011-07-14T10:00,10,train
4574,2011-07-14T11:00,11,train
4575,2011-07-14T12:00,12,train
4576,2011-07-14T13:00,13,train
4577,2011-07-14T14:00,14,train
4578,2011-07-14T15:00,15,train
4579,2011-07-14T16:00,16,train
4580,2011-07-14T17:00,17,train
4581,2011-07-14T18:00,18,train
4582,2011-07-14T19:00,19,train
4583,2011-07-14T20:00,20,train
4584,2011-07-14T21:00,21,train
4585,2011-07-14T22:00,22,train
4586,2011-07-14T23:00,23,train
4587,2011-07-15T00:00,0,train
4588,2011-07-15T01:00,1,train
4589,2011-07-15T02:00,2,train
4590,2011-07-15T03:00,3,train
4591,2011-07-15T04:00,4,train
4592,2011-07-15T05:00,5,train
4593,2011-07-15T06:00,6,train
4594,2011-07-15T07:00,7,train
4595,2011-07-15T08:00,8,train
4596,2011-07-15T09:00,9,train
4597,2011-07-15T10:00,10,train
4598,2011-07-15T11:00,11,train
4599,2011-07-15T12:00,12,train
4600,2011-07-15T13:00,13,train
4601,2011-07-15T14:00,14,train
4602,2011-07-15T15:00,15,train
4603,2011-07-15T16:00,16,train
4604,2011-07-15T17:00,17,train
4605,2011-07-15T18:00,18,train
4606,2011-07-15T19:00,19,train
4607,2011-07-15T20:00,20,train
4608,2011-07-15T21:00,21,train
4609,2011-07-15T22:00,22,train
4610,2011-07-15T23:00,23,train
4611,2011-07-16T00:00,0,train
4612,2011-07-16T01:00,1,train
4613,2011-07-16T02:00,2,train
4614,2011-07-16T03:00,3,train
4615,2011-07-16T04:00,4,train
4616,2011-07-16T05:00,5,train
4617,2011-07-16T06:00,6,train
4618,2011-07-16T07:00,7,train
4619,2011-07-16T08:00,8,train
4620,2011-07-16T09:00,9,train
4621,2011-07-16T10:00,10,train
4622,2011-07-16T11:00,11,train
4623,2011-07-16T12:00,12,train
4624,2011-07-16T13:00,13,train
4625,2011-07-16T14:00,14,train
4626,2011-07-16T15:00,15,train
4627,2011-07-16T16:00,16,train
4628,2011-07-16T17:00,17,train
4629,2011-07-16T18:00,18,train
4630,2011-07-16T19:00,19,train
4631,2011-07-16T20:00,20,train
4632,2011-07-16T21:00,21,train
4633,2011-07-16T22:00,22,train
4634,2011-07-16T23:00,23,train
4635,2011-07-17T00:00,0,train
4636,2011-07-17T01:00,1,train
4637,2011-07-17T02:00,2,train
4638,2011-07-17T03:00,3,train
4639,2011-07-17T04:00,4,train
4640,2011-07-17T05:00,5,train
4641,2011-07-17T06:00,6,train
4642,2011-07-17T07:00,7,train
4643,2011-07-17T08:00,8,train
4644,2011-07-17T09:00,9,train
4645,2011-07-17T10:00,10,train
4646,2011-07-17T11:00,11,train
4647,2011-07-17T12:00,12,train
4648,2011-07-17T13:00,13,train
4649,2011-07-17T14:00,14,train
4650,2011-07-17T15:00,15,train
4651,2011-07-17T16:00,16,train
4652,2011-07-17T17:00,17,train
4653,2011-07-17T18:00,18,train
4654,2011-07-17T19:00,19,train
4655,2011-07-17T20:00,20,train
4656,2011-07-17T21:00,21,train
4657,2011-07-17T22:00,22,train
4658,2011-07-17T23:00,23,train
4659,2011-07-18T00:00,0,train
4660,2011-07-18T01:00,1,train
4661,2011-07-18T02:00,2,train
4662,2011-07-18T03:00,3,train
4663,2011-07-18T04:00,4,train
4664,2011-07-18T05:00,5,train
4665,2011-07-18T06:00,6,train
4666,2011-07-18T07:00,7,train
4667,2011-07-18T08:00,8,train
4668,2011-07-18T09:00,9,train
4669,2011-07-18T10:00,10,train
4670,2011-07-18T11:00,11,train
4671,2011-07-18T12:00,12,train
4672,2011-07-18T13:00,13,train
4673,2011-07-18T14:00,14,train
4674,2011-07-18T15:00,15,train
4675,2011-07-18T16:00,16,train
4676,2011-07-18T17:00,17,train
4677,2011-07-18T18:00,18,train
4678,2011-07-18T19:00,19,train
4679,2011-07-18T20:00,20,train
4680,2011-07-18T21:00,21,train
4681,2011-07-18T22:00,22,train
4682,2011-07-18T23:00,23,train
4683,2011-07-19T00:00,0,train
4684,2011-07-19T01:00,1,train
4685,2011-07-19T02:00,2,train
4686,2011-07-19T03:00,3,train
4687,2011-07-19T04:00,4,train
4688,2011-07-19T05:00,5,train
4689,2011-07-19T06:00,6,train
4690,2011-07-19T07:00,7,train
4691,2011-07-19T08:00,8,train
4692,2011-07-19T09:00,9,train
4693,2011-07-19T10:00,10,train
4694,2011-07-19T11:00,11,train
4695,2011-07-19T12:00,12,train
4696,2011-07-19T13:00,13,train
4697,2011-07-19T14:00,14,train
4698,2011-07-19T15:00,15,train
4699,2011-07-19T16:00,16,train
4700,2011-07-19T17:00,17,train
4701,2011-07-19T18:00,18,train
4702,2011-07-19T19:00,19,train
4703,2011-07-19T20:00,20,train
4704,2011-07-19T21:00,21,train
4705,2011-07-19T22:00,22,train
4706,2011-07-19T23:00,23,train
4707,2011-07-20T00:00,0,train
4708,2011-07-20T01:00,1,train
4709,2011-07-20T02:00,2,train
4710,2011-07-20T03:00,3,train
4711,2011-07-20T04:00,4,train
4712,2011-07-20T05:00,5,train
4713,2011-07-20T06:00,6,train
4714,2011-07-20T07:00,7,train
4715,2011-07-20T08:00,8,train
4716,2011-07-20T09:00,9,train
4717,2011-07-20T10:00,10,train
4718,2011-07-20T11:00,11,train
4719,2011-07-20T12:00,12,train
4720,2011-07-20T13:00,13,train
4721,2011-07-20T14:00,14,train
4722,2011-07-20T15:00,15,train
4723,2011-07-20T16:00,16,train
4724,2011-07-20T17:00,17,train
4725,2011-07-20T18:00,18,train
4726,2011-07-20T19:00,19,train
4727,2011-07-20T20:00,20,train
4728,2011-07-20T21:00,21,train
4729,2011-07-20T22:00,22,train
4730,2011-07-20T23:00,23,train
4731,2011-07-21T00:00,0,train
4732,2011-07-21T01:00,1,train
4733,2011-07-21T02:00,2,train
4734,2011-07-21T03:00,3,train
4735,2011-07-21T04:00,4,train
4736,2011-07-21T05:00,5,train
4737,2011-07-21T06:00,6,train
4738,2011-07-21T07:00,7,train
4739,2011-07-21T08:00,8,train
4740,2011-07-21T09:00,9,train
4741,2011-07-21T10:00,10,train
4742,2011-07-21T11:00,11,train
4743,2011-07-21T12:00,12,train
4744,2011-07-21T13:00,13,train
4745,2011-07-21T14:00,14,train
4746,2011-07-21T15:00,15,train
4747,2011-07-21T16:00,16,train
4748,2011-07-21T17:00,17,train
4749,2011-07-21T18:00,18,train
4750,2011-07-21T19:00,19,train
4751,2011-07-21T20:00,20,train
4752,2011-07-21T21:00,21,train
4753,2011-07-21T22:00,22,train
4754,2011-07-21T23:00,23,train
4755,2011-07-22T00:00,0,train
4756,2011-07-22T01:00,1,train
4757,2011-07-22T02:00,2,train
4758,2011-07-22T03:00,3,train
4759,2011-07-22T04:00,4,train
4760,2011-07-22T05:00,5,train
4761,2011-07-22T06:00,6,train
4762,2011-07-22T07:00,7,train
4763,2011-07-22T08:00,8,train
4764,2011-07-22T09:00,9,train
4765,2011-07-22T10:00,10,train
4766,2011-07-22T11:00,11,train
4767,2011-07-22T12:00,12,train
4768,2011-07-22T13:00,13,train
4769,2011-07-22T14:00,14,train
4770,2011-07-22T15:00,15,train
4771,2011-07-22T16:00,16,train
4772,2011-07-22T17:00,17,train
4773,2011-07-22T18:00,18,train
4774,2011-07-22T19:00,19,train
4775,2011-07-22T20:00,20,train
4776,2011-07-22T21:00,21,train
4777,2011-07-22T22:00,22,train
4778,2011-07-22T23:00,23,train
4779,2011-07-23T00:00,0,train
4780,2011-07-23T01:00,1,train
4781,2011-07-23T02:00,2,train
4782,2011-07-23T03:00,3,train
4783,2011-07-23T04:00,4,train
4784,2011-07-23T05:00,5,train
4785,2011-07-23T06:00,6,train
4786,2011-07-23T07:00,7,train
4787,2011-07-23T08:00,8,train
4788,2011-07-23T09:00,9,train
4789,2011-07-23T10:00,10,train
4790,2011-07-23T11:00,11,train
4791,2011-07-23T12:00,12,train
4792,2011-07-23T13:00,13,train
4793,2011-07-23T14:00,14,train
4794,2011-07-23T15:00,15,train
4795,2011-07-23T16:00,16,train
4796,2011-07-23T17:00,17,train
4797,2011-07-23T18:00,18,train
4798,2011-07-23T19:00,19,train
4799,2011-07-23T20:00,20,train
4800,2011-07-23T21:00,21,train
4801,2011-07-23T22:00,22,train
4802,2011-07-23T23:00,23,train
4803,2011-07-24T00:00,0,train
4804,2011-07-24T01:00,1,train
4805,2011-07-24T02:00,2,train
4806,2011-07-24T03:00,3,train
4807,2011-07-24T04:00,4,train
4808,2011-07-24T05:00,5,train
4809,2011-07-24T06:00,6,train
4810,2011-07-24T07:00,7,train
4811,2011-07-24T08:00,8,train
4812,2011-07-24T09:00,9,train
4813,2011-07-24T10:00,10,train
4814,2011-07-24T11:00,11,train
4815,2011-07-24T12:00,12,train
4816,2011-07-24T13:00,13,train
4817,2011-07-24T14:00,14,train
4818,2011-07-24T15:00,15,train
4819,2011-07-24T16:00,16,train
4820,2011-07-24T17:00,17,train
4821,2011-07-24T18:00,18,train
4822,2011-07-24T19:00,19,train
4823,2011-07-24T20:00,20,train
4824,2011-07-24T21:00,21,train
4825,2011-07-24T22:00,22,train
4826,2011-07-24T23:00,23,train
4827,2011-07-25T00:00,0,train
4828,2011-07-25T01:00,1,train
4829,2011-07-25T02:00,2,train
4830,2011-07-25T03:00,3,train
4831,2011-07-25T04:00,4,train
4832,2011-07-25T05:00,5,train
4833,2011-07-25T06:00,6,train
4834,2011-07-25T07:00,7,train
4835,2011-07-25T08:00,8,train
4836,2011-07-25T09:00,9,train
4837,2011-07-25T10:00,10,train
4838,2011-07-25T11:00,11,train
4839,2011-07-25T12:00,12,train
4840,2011-07-25T13:00,13,train
4841,2011-07-25T14:00,14,train
4842,2011-07-25T15:00,15,train
4843,2011-07-25T16:00,16,train
4844,2011-07-25T17:00,17,train
4845,2011-07-25T18:00,18,train
4846,2011-07-25T19:00,19,train
4847,2011-07-25T20:00,20,train
4848,2011-07-25T21:00,21,train
4849,2011-07-25T22:00,22,train
4850,2011-07-25T23:00,23,train
4851,2011-07-26T00:00,0,train
4852,2011-07-26T01:00,1,train
4853,2011-07-26T02:00,2,train
4854,2011-07-26T03:00,3,train
4855,2011-07-26T04:00,4,train
4856,2011-07-26T05:00,5,train
4857,2011-07-26T06:00,6,train
4858,2011-07-26T07:00,7,train
4859,2011-07-26T08:00,8,train
4860,2011-07-26T09:00,9,train
4861,2011-07-26T10:00,10,train
4862,2011-07-26T11:00,11,train
4863,2011-07-26T12:00,12,train
4864,2011-07-26T13:00,13,train
4865,2011-07-26T14:00,14,train
4866,2011-07-26T15:00,15,train
4867,2011-07-26T16:00,16,train
4868,2011-07-26T17:00,17,train
4869,2011-07-26T18:00,18,train
4870,2011-07-26T19:00,19,train
4871,2011-07-26T20:00,20,train
4872,2011-07-26T21:00,21,train
4873,2011-07-26T22:00,22,train
4874,2011-07-26T23:00,23,train
4875,2011-07-27T00:00,0,train
4876,2011-07-27T01:00,1,train
4877,2011-07-27T02:00,2,train
4878,2011-07-27T03:00,3,train
4879,2011-07-27T04:00,4,train
4880,2011-07-27T05:00,5,train
4881,2011-07-27T06:00,6,train
4882,2011-07-27T07:00,7,train
4883,2011-07-27T08:00,8,train
4884,2011-07-27T09:00,9,train
4885,2011-07-27T10:00,10,train
4886,2011-07-27T11:00,11,train
4887,2011-07-27T12:00,12,train
4888,2011-07-27T13:00,13,train
4889,2011-07-27T14:00,14,train
4890,2011-07-27T15:00,15,train
4891,2011-07-27T16:00,16,train
4892,2011-07-27T17:00,17,train
4893,2011-07-27T18:00,18,train
4894,2011-07-27T19:00,19,train
4895,2011-07-27T20:00,20,train
4896,2011-07-27T21:00,21,train
4897,2011-07-27T22:00,22,train
4898,2011-07-27T23:00,23,train
4899,2011-07-28T00:00,0,train
4900,2011-07-28T01:00,1,train
4901,2011-07-28T02:00,2,train
4902,2011-07-28T03:00,3,train
4903,2011-07-28T04:00,4,train
4904,2011-07-28T05:00,5,train
4905,2011-07-28T06:00,6,train
4906,2011-07-28T07:00,7,train
4907,2011-07-28T08:00,8,train
4908,2011-07-28T09:00,9,train
4909,2011-07-28T10:00,10,train
4910,2011-07-28T11:00,11,train
4911,2011-07-28T12:00,12,train
4912,2011-07-28T13:00,13,train
4913,2011-07-28T14:00,14,train
4914,2011-07-28T15:00,15,train
4915,2011-07-28T16:00,16,train
4916,2011-07-28T17:00,17,train
4917,2011-07-28T18:00,18,train
4918,2011-07-28T19:00,19,train
4919,2011-07-28T20:00,20,train
4920,2011-07-28T21:00,21,train
4921,2011-07-28T22:00,22,train
4922,2011-07-28T23:00,23,train
4923,2011-07-29T00:00,0,train
4924,2011-07-29T01:00,1,train
4925,2011-07-29T02:00,2,train
4926,2011-07-29T03:00,3,train
4927,2011-07-29T04:00,4,train
4928,2011-07-29T05:00,5,train
4929,2011-07-29T06:00,6,train
4930,2011-07-29T07:00,7,train
4931,2011-07-29T08:00,8,train
4932,2011-07-29T09:00,9,train
4933,2011-07-29T10:00,10,train
4934,2011-07-29T11:00,11,train
4935,2011-07-29T12:00,12,train
4936,2011-07-29T13:00,13,train
4937,2011-07-29T14:00,14,train
4938,2011-07-29T15:00,15,train
4939,2011-07-29T16:00,16,train
4940,2011-07-29T17:00,17,train
4941,2011-07-29T18:00,18,train
4942,2011-07-29T19:00,19,train
4943,2011-07-29T20:00,20,train
4944,2011-07-29T21:00,21,train
4945,2011-07-29T22:00,22,train
4946,2011-07-29T23:00,23,train
4947,2011-07-30T00:00,0,train
4948,2011-07-30T01:00,1,train
4949,2011-07-30T02:00,2,train
4950,2011-07-30T03:00,3,train
4951,2011-07-30T04:00,4,train
4952,2011-07-30T05:00,5,train
4953,2011-07-30T06:00,6,train
4954,2011-07-30T07:00,7,train
4955,2011-07-30T08:00,8,train
4956,2011-07-30T09:00,9,train
4957,2011-07-30T10:00,10,train
4958,2011-07-30T11:00,11,train
4959,2011-07-30T12:00,12,train
4960,2011-07-30T13:00,13,train
4961,2011-07-30T14:00,14,train
4962,2011-07-30T15:00,15,train
4963,2011-07-30T16:00,16,train
4964,2011-07-30T17:00,17,train
4965,2011-07-30T18:00,18,train
4966,2011-07-30T19:00,19,train
4967,2011-07-30T20:00,20,train
4968,2011-07-30T21:00,21,train
4969,2011-07-30T22:00,22,train
4970,2011-07-30T23:00,23,train
4971,2011-07-31T00:00,0,train
4972,2011-07-31T01:00,1,train
4973,2011-07-31T02:00,2,train
4974,2011-07-31T03:00,3,train
4975,2011-07-31T04:00,4,train
4976,2011-07-31T05:00,5,train
4977,2011-07-31T06:00,6,train
4978,2011-07-31T07:00,7,train
4979,2011-07-31T08:00,8,train
4980,2011-07-31T09:00,9,train
4981,2011-07-31T10:00,10,train
4982,2011-07-31T11:00,11,train
4983,2011-07-31T12:00,12,train
4984,2011-07-31T13:00,13,train
4985,2011-07-31T14:00,14,train
4986,2011-07-31T15:00,15,train
4987,2011-07-31T16:00,16,train
4988,2011-07-31T17:00,17,train
4989,2011-07-31T18:00,18,train
4990,2011-07-31T19:00,19,train
4991,2011-07-31T20:00,20,train
4992,2011-07-31T21:00,21,train
4993,2011-07-31T22:00,22,train
4994,2011-07-31T23:00,23,train
4995,2011-08-01T00:00,0,train
4996,2011-08-01T01:00,1,train
4997,2011-08-01T02:00,2,train
4998,2011-08-01T03:00,3,train
4999,2011-08-01T04:00,4,train
5000,2011-08-01T05:00,5,train
5001,2011-08-01T06:00,6,train
5002,2011-08-01T07:00,7,train
5003,2011-08-01T08:00,8,train
5004,2011-08-01T09:00,9,train
5005,2011-08-01T10:00,10,train
5006,2011-08-01T11:00,11,train
5007,2011-08-01T12:00,12,train
5008,2011-08-01T13:00,13,train
5009,2011-08-01T14:00,14,train
5010,2011-08-01T15:00,15,train
5011,2011-08-01T16:00,16,train
5012,2011-08-01T17:00,17,train
5013,2011-08-01T18:00,18,train
5014,2011-08-01T19:00,19,train
5015,2011-08-01T20:00,20,train
5016,2011-08-01T21:00,21,train
5017,2011-08-01T22:00,22,train
5018,2011-08-01T23:00,23,train
5019,2011-08-02T00:00,0,train
5020,2011-08-02T01:00,1,train
5021,2011-08-02T02:00,2,train
5022,2011-08-02T03:00,3,train
5023,2011-08-02T04:00,4,train
5024,2011-08-02T05:00,5,train
5025,2011-08-02T06:00,6,train
5026,2011-08-02T07:00,7,train
5027,2011-08-02T08:00,8,train
5028,2011-08-02T09:00,9,train
5029,2011-08-02T10:00,10,train
5030,2011-08-02T11:00,11,train
5031,2011-08-02T12:00,12,train
5032,2011-08-02T13:00,13,train
5033,2011-08-02T14:00,14,train
5034,2011-08-02T15:00,15,train
5035,2011-08-02T16:00,16,train
5036,2011-08-02T17:00,17,train
5037,2011-08-02T18:00,18,train
5038,2011-08-02T19:00,19,train
5039,2011-08-02T20:00,20,train
5040,2011-08-02T21:00,21,train
5041,2011-08-02T22:00,22,train
5042,2011-08-02T23:00,23,train
5043,2011-08-03T00:00,0,train
5044,2011-08-03T01:00,1,train
5045,2011-08-03T02:00,2,train
5046,2011-08-03T03:00,3,train
5047,2011-08-03T04:00,4,train
5048,2011-08-03T05:00,5,train
5049,2011-08-03T06:00,6,train
5050,2011-08-03T07:00,7,train
5051,2011-08-03T08:00,8,train
5052,2011-08-03T09:00,9,train
5053,2011-08-03T10:00,10,train
5054,2011-08-03T11:00,11,train
5055,2011-08-03T12:00,12,train
5056,2011-08-03T13:00,13,train
5057,2011-08-03T14:00,14,train
5058,2011-08-03T15:00,15,train
5059,2011-08-03T16:00,16,train
5060,2011-08-03T17:00,17,train
5061,2011-08-03T18:00,18,train
5062,2011-08-03T19:00,19,train
5063,2011-08-03T20:00,20,train
5064,2011-08-03T21:00,21,train
5065,2011-08-03T22:00,22,train
5066,2011-08-03T23:00,23,train
5067,2011-08-04T00:00,0,train
5068,2011-08-04T01:00,1,train
5069,2011-08-04T02:00,2,train
5070,2011-08-04T03:00,3,train
5071,2011-08-04T04:00,4,train
5072,2011-08-04T05:00,5,train
5073,2011-08-04T06:00,6,train
5074,2011-08-04T07:00,7,train
5075,2011-08-04T08:00,8,train
5076,2011-08-04T09:00,9,train
5077,2011-08-04T10:00,10,train
5078,2011-08-04T11:00,11,train
5079,2011-08-04T12:00,12,train
5080,2011-08-04T13:00,13,train
5081,2011-08-04T14:00,14,train
5082,2011-08-04T15:00,15,train
5083,2011-08-04T16:00,16,train
5084,2011-08-04T17:00,17,train
5085,2011-08-04T18:00,18,train
5086,2011-08-04T19:00,19,train
5087,2011-08-04T20:00,20,train
5088,2011-08-04T21:00,21,train
5089,2011-08-04T22:00,22,train
5090,2011-08-04T23:00,23,train
5091,2011-08-05T00:00,0,train
5092,2011-08-05T01:00,1,train
5093,2011-08-05T02:00,2,train
5094,2011-08-05T03:00,3,train
5095,2011-08-05T04:00,4,train
5096,2011-08-05T05:00,5,train
5097,2011-08-05T06:00,6,train
5098,2011-08-05T07:00,7,train
5099,2011-08-05T08:00,8,train
5100,2011-08-05T09:00,9,train
5101,2011-08-05T10:00,10,train
5102,2011-08-05T11:00,11,train
5103,2011-08-05T12:00,12,train
5104,2011-08-05T13:00,13,train
5105,2011-08-05T14:00,14,train
5106,2011-08-05T15:00,15,train
5107,2011-08-05T16:00,16,train
5108,2011-08-05T17:00,17,train
5109,2011-08-05T18:00,18,train
5110,2011-08-05T19:00,19,train
5111,2011-08-05T20:00,20,train
5112,2011-08-05T21:00,21,train
5113,2011-08-05T22:00,22,train
5114,2011-08-05T23:00,23,train
5115,2011-08-06T00:00,0,train
5116,2011-08-06T01:00,1,train
5117,2011-08-06T02:00,2,train
5118,2011-08-06T03:00,3,train
5119,2011-08-06T04:00,4,train
5120,2011-08-06T05:00,5,train
5121,2011-08-06T06:00,6,train
5122,2011-08-06T07:00,7,train
5123,2011-08-06T08:00,8,train
5124,2011-08-06T09:00,9,train
5125,2011-08-06T10:00,10,train
5126,2011-08-06T11:00,11,train
5127,2011-08-06T12:00,12,train
5128,2011-08-06T13:00,13,train
5129,2011-08-06T14:00,14,train
5130,2011-08-06T15:00,15,train
5131,2011-08-06T16:00,16,train
5132,2011-08-06T17:00,17,train
5133,2011-08-06T18:00,18,train
5134,2011-08-06T19:00,19,train
5135,2011-08-06T20:00,20,train
5136,2011-08-06T21:00,21,train
5137,2011-08-06T22:00,22,train
5138,2011-08-06T23:00,23,train
5139,2011-08-07T00:00,0,train
5140,2011-08-07T01:00,1,train
5141,2011-08-07T02:00,2,train
5142,2011-08-07T03:00,3,train
5143,2011-08-07T04:00,4,train
5144,2011-08-07T05:00,5,train
5145,2011-08-07T06:00,6,train
5146,2011-08-07T07:00,7,train
5147,2011-08-07T08:00,8,train
5148,2011-08-07T09:00,9,train
5149,2011-08-07T10:00,10,train
5150,2011-08-07T11:00,11,train
5151,2011-08-07T12:00,12,train
5152,2011-08-07T13:00,13,train
5153,2011-08-07T14:00,14,train
5154,2011-08-07T15:00,15,train
5155,2011-08-07T16:00,16,train
5156,2011-08-07T17:00,17,train
5157,2011-08-07T18:00,18,train
5158,2011-08-07T19:00,19,train
5159,2011-08-07T20:00,20,train
5160,2011-08-07T21:00,21,train
5161,2011-08-07T22:00,22,train
5162,2011-08-07T23:00,23,train
5163,2011-08-08T00:00,0,train
5164,2011-08-08T01:00,1,train
5165,2011-08-08T02:00,2,train
5166,2011-08-08T03:00,3,train
5167,2011-08-08T04:00,4,train
5168,2011-08-08T05:00,5,train
5169,2011-08-08T06:00,6,train
5170,2011-08-08T07:00,7,train
5171,2011-08-08T08:00,8,train
5172,2011-08-08T09:00,9,train
5173,2011-08-08T10:00,10,train
5174,2011-08-08T11:00,11,train
5175,2011-08-08T12:00,12,train
5176,2011-08-08T13:00,13,train
5177,2011-08-08T14:00,14,train
5178,2011-08-08T15:00,15,train
5179,2011-08-08T16:00,16,train
5180,2011-08-08T17:00,17,train
5181,2011-08-08T18:00,18,train
5182,2011-08-08T19:00,19,train
5183,2011-08-08T20:00,20,train
5184,2011-08-08T21:00,21,train
5185,2011-08-08T22:00,22,train
5186,2011-08-08T23:00,23,train
5187,2011-08-09T00:00,0,train
5188,2011-08-09T01:00,1,train
5189,2011-08-09T02:00,2,train
5190,2011-08-09T03:00,3,train
5191,2011-08-09T04:00,4,train
5192,2011-08-09T05:00,5,train
5193,2011-08-09T06:00,6,train
5194,2011-08-09T07:00,7,train
5195,2011-08-09T08:00,8,train
5196,2011-08-09T09:00,9,train
5197,2011-08-09T10:00,10,train
5198,2011-08-09T11:00,11,train
5199,2011-08-09T12:00,12,train
5200,2011-08-09T13:00,13,train
5201,2011-08-09T14:00,14,train
5202,2011-08-09T15:00,15,train
5203,2011-08-09T16:00,16,train
5204,2011-08-09T17:00,17,train
5205,2011-08-09T18:00,18,train
5206,2011-08-09T19:00,19,train
5207,2011-08-09T20:00,20,train
5208,2011-08-09T21:00,21,train
5209,2011-08-09T22:00,22,train
5210,2011-08-09T23:00,23,train
5211,2011-08-10T00:00,0,train
5212,2011-08-10T01:00,1,train
5213,2011-08-10T02:00,2,train
5214,2011-08-10T03:00,3,train
5215,2011-08-10T04:00,4,train
5216,2011-08-10T05:00,5,train
5217,2011-08-10T06:00,6,train
5218,2011-08-10T07:00,7,train
5219,2011-08-10T08:00,8,train
5220,2011-08-10T09:00,9,train
5221,2011-08-10T10:00,10,train
5222,2011-08-10T11:00,11,train
5223,2011-08-10T12:00,12,train
5224,2011-08-10T13:00,13,train
5225,2011-08-10T14:00,14,train
5226,2011-08-10T15:00,15,train
5227,2011-08-10T16:00,16,train
5228,2011-08-10T17:00,17,train
5229,2011-08-10T18:00,18,train
5230,2011-08-10T19:00,19,train
5231,2011-08-10T20:00,20,train
5232,2011-08-10T21:00,21,train
5233,2011-08-10T22:00,22,train
5234,2011-08-10T23:00,23,train
5235,2011-08-11T00:00,0,train
5236,2011-08-11T01:00,1,train
5237,2011-08-11T02:00,2,train
5238,2011-08-11T03:00,3,train
5239,2011-08-11T04:00,4,train
5240,2011-08-11T05:00,5,train
5241,2011-08-11T06:00,6,train
5242,2011-08-11T07:00,7,train
5243,2011-08-11T08:00,8,train
5244,2011-08-11T09:00,9,train
5245,2011-08-11T10:00,10,train
5246,2011-08-11T11:00,11,train
5247,2011-08-11T12:00,12,train
5248,2011-08-11T13:00,13,train
5249,2011-08-11T14:00,14,train
5250,2011-08-11T15:00,15,train
5251,2011-08-11T16:00,16,train
5252,2011-08-11T17:00,17,train
5253,2011-08-11T18:00,18,train
5254,2011-08-11T19:00,19,train
5255,2011-08-11T20:00,20,train
5256,2011-08-11T21:00,21,train
5257,2011-08-11T22:00,22,train
5258,2011-08-11T23:00,23,train
5259,2011-08-12T00:00,0,train
5260,2011-08-12T01:00,1,train
5261,2011-08-12T02:00,2,train
5262,2011-08-12T03:00,3,train
5263,2011-08-12T04:00,4,train
5264,2011-08-12T05:00,5,train
5265,2011-08-12T06:00,6,train
5266,2011-08-12T07:00,7,train
5267,2011-08-12T08:00,8,train
5268,2011-08-12T09:00,9,train
5269,2011-08-12T10:00,10,train
5270,2011-08-12T11:00,11,train
5271,2011-08-12T12:00,12,train
5272,2011-08-12T13:00,13,train
5273,2011-08-12T14:00,14,train
5274,2011-08-12T15:00,15,train
5275,2011-08-12T16:00,16,train
5276,2011-08-12T17:00,17,train
5277,2011-08-12T18:00,18,train
5278,2011-08-12T19:00,19,train
5279,2011-08-12T20:00,20,train
5280,2011-08-12T21:00,21,train
5281,2011-08-12T22:00,22,train
5282,2011-08-12T23:00,23,train
5283,2011-08-13T00:00,0,train
5284,2011-08-13T01:00,1,train
5285,2011-08-13T02:00,2,train
5286,2011-08-13T03:00,3,train
5287,2011-08-13T04:00,4,train
5288,2011-08-13T05:00,5,train
5289,2011-08-13T06:00,6,train
5290,2011-08-13T07:00,7,train
5291,2011-08-13T08:00,8,train
5292,2011-08-13T09:00,9,train
5293,2011-08-13T10:00,10,train
5294,2011-08-13T11:00,11,train
5295,2011-08-13T12:00,12,train
5296,2011-08-13T13:00,13,train
5297,2011-08-13T14:00,14,train
5298,2011-08-13T15:00,15,train
5299,2011-08-13T16:00,16,train
5300,2011-08-13T17:00,17,train
5301,2011-08-13T18:00,18,train
5302,2011-08-13T19:00,19,train
5303,2011-08-13T20:00,20,train
5304,2011-08-13T21:00,21,train
5305,2011-08-13T22:00,22,train
5306,2011-08-13T23:00,23,train
5307,2011-08-14T00:00,0,train
5308,2011-08-14T01:00,1,train
5309,2011-08-14T02:00,2,train
5310,2011-08-14T03:00,3,train
5311,2011-08-14T04:00,4,train
5312,2011-08-14T05:00,5,train
5313,2011-08-14T06:00,6,train
5314,2011-08-14T07:00,7,train
5315,2011-08-14T08:00,8,train
5316,2011-08-14T09:00,9,train
5317,2011-08-14T10:00,10,train
5318,2011-08-14T11:00,11,train
5319,2011-08-14T12:00,12,train
5320,2011-08-14T13:00,13,train
5321,2011-08-14T14:00,14,train
5322,2011-08-14T15:00,15,train
5323,2011-08-14T16:00,16,train
5324,2011-08-14T17:00,17,train
5325,2011-08-14T18:00,18,train
5326,2011-08-14T19:00,19,train
5327,2011-08-14T20:00,20,train
5328,2011-08-14T21:00,21,train
5329,2011-08-14T22:00,22,train
5330,2011-08-14T23:00,23,train
5331,2011-08-15T00:00,0,train
5332,2011-08-15T01:00,1,train
5333,2011-08-15T02:00,2,train
5334,2011-08-15T03:00,3,train
5335,2011-08-15T04:00,4,train
5336,2011-08-15T05:00,5,train
5337,2011-08-15T06:00,6,train
5338,2011-08-15T07:00,7,train
5339,2011-08-15T08:00,8,train
5340,2011-08-15T09:00,9,train
5341,2011-08-15T10:00,10,train
5342,2011-08-15T11:00,11,train
5343,2011-08-15T12:00,12,train
5344,2011-08-15T13:00,13,train
5345,2011-08-15T14:00,14,train
5346,2011-08-15T15:00,15,train
5347,2011-08-15T16:00,16,train
5348,2011-08-15T17:00,17,train
5349,2011-08-15T18:00,18,train
5350,2011-08-15T19:00,19,train
5351,2011-08-15T20:00,20,train
5352,2011-08-15T21:00,21,train
5353,2011-08-15T22:00,22,train
5354,2011-08-15T23:00,23,train
5355,2011-08-16T00:00,0,train
5356,2011-08-16T01:00,1,train
5357,2011-08-16T02:00,2,train
5358,2011-08-16T03:00,3,train
5359,2011-08-16T04:00,4,train
5360,2011-08-16T05:00,5,train
5361,2011-08-16T06:00,6,train
5362,2011-08-16T07:00,7,train
5363,2011-08-16T08:00,8,train
5364,2011-08-16T09:00,9,train
5365,2011-08-16T10:00,10,train
5366,2011-08-16T11:00,11,train
5367,2011-08-16T12:00,12,train
5368,2011-08-16T13:00,13,train
5369,2011-08-16T14:00,14,train
5370,2011-08-16T15:00,15,train
5371,2011-08-16T16:00,16,train
5372,2011-08-16T17:00,17,train
5373,2011-08-16T18:00,18,train
5374,2011-08-16T19:00,19,train
5375,2011-08-16T20:00,20,train
5376,2011-08-16T21:00,21,train
5377,2011-08-16T22:00,22,train
5378,2011-08-16T23:00,23,train
5379,2011-08-17T00:00,0,train
5380,2011-08-17T01:00,1,train
5381,2011-08-17T02:00,2,train
5382,2011-08-17T03:00,3,train
5383,2011-08-17T04:00,4,train
5384,2011-08-17T05:00,5,train
5385,2011-08-17T06:00,6,train
5386,2011-08-17T07:00,7,train
5387,2011-08-17T08:00,8,train
5388,2011-08-17T09:00,9,train
5389,2011-08-17T10:00,10,train
5390,2011-08-17T11:00,11,train
5391,2011-08-17T12:00,12,train
5392,2011-08-17T13:00,13,train
5393,2011-08-17T14:00,14,train
5394,2011-08-17T15:00,15,train
5395,2011-08-17T16:00,16,train
5396,2011-08-17T17:00,17,train
5397,2011-08-17T18:00,18,train
5398,2011-08-17T19:00,19,train
5399,2011-08-17T20:00,20,train
5400,2011-08-17T21:00,21,train
5401,2011-08-17T22:00,22,train
5402,2011-08-17T23:00,23,train
5403,2011-08-18T00:00,0,train
5404,2011-08-18T01:00,1,train
5405,2011-08-18T02:00,2,train
5406,2011-08-18T03:00,3,train
5407,2011-08-18T04:00,4,train
5408,2011-08-18T05:00,5,train
5409,2011-08-18T06:00,6,train
5410,2011-08-18T07:00,7,train
5411,2011-08-18T08:00,8,train
5412,2011-08-18T09:00,9,train
5413,2011-08-18T10:00,10,train
5414,2011-08-18T11:00,11,train
5415,2011-08-18T12:00,12,train
5416,2011-08-18T13:00,13,train
5417,2011-08-18T14:00,14,train
5418,2011-08-18T15:00,15,train
5419,2011-08-18T16:00,16,train
5420,2011-08-18T17:00,17,train
5421,2011-08-18T18:00,18,train
5422,2011-08-18T19:00,19,train
5423,2011-08-18T20:00,20,train
5424,2011-08-18T21:00,21,train
5425,2011-08-18T22:00,22,train
5426,2011-08-18T23:00,23,train
5427,2011-08-19T00:00,0,train
5428,2011-08-19T01:00,1,train
5429,2011-08-19T02:00,2,train
5430,2011-08-19T03:00,3,train
5431,2011-08-19T04:00,4,train
5432,2011-08-19T05:00,5,train
5433,2011-08-19T06:00,6,train
5434,2011-08-19T07:00,7,train
5435,2011-08-19T08:00,8,train
5436,2011-08-19T09:00,9,train
5437,2011-08-19T10:00,10,train
5438,2011-08-19T11:00,11,train
5439,2011-08-19T12:00,12,train
5440,2011-08-19T13:00,13,train
5441,2011-08-19T14:00,14,train
5442,2011-08-19T15:00,15,train
5443,2011-08-19T16:00,16,train
5444,2011-08-19T17:00,17,train
5445,2011-08-19T18:00,18,train
5446,2011-08-19T19:00,19,train
5447,2011-08-19T20:00,20,train
5448,2011-08-19T21:00,21,train
5449,2011-08-19T22:00,22,train
5450,2011-08-19T23:00,23,train
5451,2011-08-20T00:00,0,train
5452,2011-08-20T01:00,1,train
5453,2011-08-20T02:00,2,train
5454,2011-08-20T03:00,3,train
5455,2011-08-20T04:00,4,train
5456,2011-08-20T05:00,5,train
5457,2011-08-20T06:00,6,train
5458,2011-08-20T07:00,7,train
5459,2011-08-20T08:00,8,train
5460,2011-08-20T09:00,9,train
5461,2011-08-20T10:00,10,train
5462,2011-08-20T11:00,11,train
5463,2011-08-20T12:00,12,train
5464,2011-08-20T13:00,13,train
5465,2011-08-20T14:00,14,train
5466,2011-08-20T15:00,15,train
5467,2011-08-20T16:00,16,train
5468,2011-08-20T17:00,17,train
5469,2011-08-20T18:00,18,train
5470,2011-08-20T19:00,19,train
5471,2011-08-20T20:00,20,train
5472,2011-08-20T21:00,21,train
5473,2011-08-20T22:00,22,train
5474,2011-08-20T23:00,23,train
5475,2011-08-21T00:00,0,train
5476,2011-08-21T01:00,1,train
5477,2011-08-21T02:00,2,train
5478,2011-08-21T03:00,3,train
5479,2011-08-21T04:00,4,train
5480,2011-08-21T05:00,5,train
5481,2011-08-21T06:00,6,train
5482,2011-08-21T07:00,7,train
5483,2011-08-21T08:00,8,train
5484,2011-08-21T09:00,9,train
5485,2011-08-21T10:00,10,train
5486,2011-08-21T11:00,11,train
5487,2011-08-21T12:00,12,train
5488,2011-08-21T13:00,13,train
5489,2011-08-21T14:00,14,train
5490,2011-08-21T15:00,15,train
5491,2011-08-21T16:00,16,train
5492,2011-08-21T17:00,17,train
5493,2011-08-21T18:00,18,train
5494,2011-08-21T19:00,19,train
5495,2011-08-21T20:00,20,train
5496,2011-08-21T21:00,21,train
5497,2011-08-21T22:00,22,train
5498,2011-08-21T23:00,23,train
5499,2011-08-22T00:00,0,train
5500,2011-08-22T01:00,1,train
5501,2011-08-22T02:00,2,train
5502,2011-08-22T03:00,3,train
5503,2011-08-22T04:00,4,train
5504,2011-08-22T05:00,5,train
5505,2011-08-22T06:00,6,train
5506,2011-08-22T07:00,7,train
5507,2011-08-22T08:00,8,train
5508,2011-08-22T09:00,9,train
5509,2011-08-22T10:00,10,train
5510,2011-08-22T11:00,11,train
5511,2011-08-22T12:00,12,train
5512,2011-08-22T13:00,13,train
5513,2011-08-22T14:00,14,train
5514,2011-08-22T15:00,15,train
5515,2011-08-22T16:00,16,train
5516,2011-08-22T17:00,17,train
5517,2011-08-22T18:00,18,train
5518,2011-08-22T19:00,19,train
5519,2011-08-22T20:00,20,train
5520,2011-08-22T21:00,21,train
5521,2011-08-22T22:00,22,train
5522,2011-08-22T23:00,23,train
5523,2011-08-23T00:00,0,train
5524,2011-08-23T01:00,1,train
5525,2011-08-23T02:00,2,train
5526,2011-08-23T03:00,3,train
5527,2011-08-23T04:00,4,train
5528,2011-08-23T05:00,5,train
5529,2011-08-23T06:00,6,train
5530,2011-08-23T07:00,7,train
5531,2011-08-23T08:00,8,train
5532,2011-08-23T09:00,9,train
5533,2011-08-23T10:00,10,train
5534,2011-08-23T11:00,11,train
5535,2011-08-23T12:00,12,train
5536,2011-08-23T13:00,13,train
5537,2011-08-23T14:00,14,train
5538,2011-08-23T15:00,15,train
5539,2011-08-23T16:00,16,train
5540,2011-08-23T17:00,17,train
5541,2011-08-23T18:00,18,train
5542,2011-08-23T19:00,19,train
5543,2011-08-23T20:00,20,train
5544,2011-08-23T21:00,21,train
5545,2011-08-23T22:00,22,train
5546,2011-08-23T23:00,23,train
5547,2011-08-24T00:00,0,train
5548,2011-08-24T01:00,1,train
5549,2011-08-24T02:00,2,train
5550,2011-08-24T03:00,3,train
5551,2011-08-24T04:00,4,train
5552,2011-08-24T05:00,5,train
5553,2011-08-24T06:00,6,train
5554,2011-08-24T07:00,7,train
5555,2011-08-24T08:00,8,train
5556,2011-08-24T09:00,9,train
5557,2011-08-24T10:00,10,train
5558,2011-08-24T11:00,11,train
5559,2011-08-24T12:00,12,train
5560,2011-08-24T13:00,13,train
5561,2011-08-24T14:00,14,train
5562,2011-08-24T15:00,15,train
5563,2011-08-24T16:00,16,train
5564,2011-08-24T17:00,17,train
5565,2011-08-24T18:00,18,train
5566,2011-08-24T19:00,19,train
5567,2011-08-24T20:00,20,train
5568,2011-08-24T21:00,21,train
5569,2011-08-24T22:00,22,train
5570,2011-08-24T23:00,23,train
5571,2011-08-25T00:00,0,train
5572,2011-08-25T01:00,1,train
5573,2011-08-25T02:00,2,train
5574,2011-08-25T03:00,3,train
5575,2011-08-25T04:00,4,train
5576,2011-08-25T05:00,5,train
5577,2011-08-25T06:00,6,train
5578,2011-08-25T07:00,7,train
5579,2011-08-25T08:00,8,train
5580,2011-08-25T09:00,9,train
5581,2011-08-25T10:00,10,train
5582,2011-08-25T11:00,11,train
5583,2011-08-25T12:00,12,train
5584,2011-08-25T13:00,13,train
5585,2011-08-25T14:00,14,train
5586,2011-08-25T15:00,15,train
5587,2011-08-25T16:00,16,train
5588,2011-08-25T17:00,17,train
5589,2011-08-25T18:00,18,train
5590,2011-08-25T19:00,19,train
5591,2011-08-25T20:00,20,train
5592,2011-08-25T21:00,21,train
5593,2011-08-25T22:00,22,train
5594,2011-08-25T23:00,23,train
5595,2011-08-26T00:00,0,train
5596,2011-08-26T01:00,1,train
5597,2011-08-26T02:00,2,train
5598,2011-08-26T03:00,3,train
5599,2011-08-26T04:00,4,train
5600,2011-08-26T05:00,5,train
5601,2011-08-26T06:00,6,train
5602,2011-08-26T07:00,7,train
5603,2011-08-26T08:00,8,train
5604,2011-08-26T09:00,9,train
5605,2011-08-26T10:00,10,train
5606,2011-08-26T11:00,11,train
5607,2011-08-26T12:00,12,train
5608,2011-08-26T13:00,13,train
5609,2011-08-26T14:00,14,train
5610,2011-08-26T15:00,15,train
5611,2011-08-26T16:00,16,train
5612,2011-08-26T17:00,17,train
5613,2011-08-26T18:00,18,train
5614,2011-08-26T19:00,19,train
5615,2011-08-26T20:00,20,train
5616,2011-08-26T21:00,21,train
5617,2011-08-26T22:00,22,train
5618,2011-08-26T23:00,23,train
5619,2011-08-27T00:00,0,train
5620,2011-08-27T01:00,1,train
5621,2011-08-27T02:00,2,train
5622,2011-08-27T03:00,3,train
5623,2011-08-27T04:00,4,train
5624,2011-08-27T05:00,5,train
5625,2011-08-27T06:00,6,train
5626,2011-08-27T07:00,7,train
5627,2011-08-27T08:00,8,train
5628,2011-08-27T09:00,9,train
5629,2011-08-27T10:00,10,train
5630,2011-08-27T11:00,11,train
5631,2011-08-27T12:00,12,train
5632,2011-08-27T13:00,13,train
5633,2011-08-27T14:00,14,train
5634,2011-08-27T15:00,15,train
5635,2011-08-27T16:00,16,train
5636,2011-08-27T17:00,17,train
5637,2011-08-28T07:00,7,train
5638,2011-08-28T08:00,8,train
5639,2011-08-28T09:00,9,train
5640,2011-08-28T10:00,10,train
5641,2011-08-28T11:00,11,train
5642,2011-08-28T12:00,12,train
5643,2011-08-28T13:00,13,train
5644,2011-08-28T14:00,14,train
5645,2011-08-28T15:00,15,train
5646,2011-08-28T16:00,16,train
5647,2011-08-28T17:00,17,train
5648,2011-08-28T18:00,18,train
5649,2011-08-28T19:00,19,train
5650,2011-08-28T20:00,20,train
5651,2011-08-28T21:00,21,train
5652,2011-08-28T22:00,22,train
5653,2011-08-28T23:00,23,train
5654,2011-08-29T00:00,0,train
5655,2011-08-29T01:00,1,train
5656,2011-08-29T02:00,2,train
5657,2011-08-29T03:00,3,train
5658,2011-08-29T04:00,4,train
5659,2011-08-29T05:00,5,train
5660,2011-08-29T06:00,6,train
5661,2011-08-29T07:00,7,train
5662,2011-08-29T08:00,8,train
5663,2011-08-29T09:00,9,train
5664,2011-08-29T10:00,10,train
5665,2011-08-29T11:00,11,train
5666,2011-08-29T12:00,12,train
5667,2011-08-29T13:00,13,train
5668,2011-08-29T14:00,14,train
5669,2011-08-29T15:00,15,train
5670,2011-08-29T16:00,16,train
5671,2011-08-29T17:00,17,train
5672,2011-08-29T18:00,18,train
5673,2011-08-29T19:00,19,train
5674,2011-08-29T20:00,20,train
5675,2011-08-29T21:00,21,train
5676,2011-08-29T22:00,22,train
5677,2011-08-29T23:00,23,train
5678,2011-08-30T00:00,0,train
5679,2011-08-30T01:00,1,train
5680,2011-08-30T02:00,2,train
5681,2011-08-30T03:00,3,train
5682,2011-08-30T04:00,4,train
5683,2011-08-30T05:00,5,train
5684,2011-08-30T06:00,6,train
5685,2011-08-30T07:00,7,train
5686,2011-08-30T08:00,8,train
5687,2011-08-30T09:00,9,train
5688,2011-08-30T10:00,10,train
5689,2011-08-30T11:00,11,train
5690,2011-08-30T12:00,12,train
5691,2011-08-30T13:00,13,train
5692,2011-08-30T14:00,14,train
5693,2011-08-30T15:00,15,train
5694,2011-08-30T16:00,16,train
5695,2011-08-30T17:00,17,train
5696,2011-08-30T18:00,18,train
5697,2011-08-30T19:00,19,train
5698,2011-08-30T20:00,20,train
5699,2011-08-30T21:00,21,train
5700,2011-08-30T22:00,22,train
5701,2011-08-30T23:00,23,train
5702,2011-08-31T00:00,0,train
5703,2011-08-31T01:00,1,train
5704,2011-08-31T02:00,2,train
5705,2011-08-31T03:00,3,train
5706,2011-08-31T04:00,4,train
5707,2011-08-31T05:00,5,train
5708,2011-08-31T06:00,6,train
5709,2011-08-31T07:00,7,train
5710,2011-08-31T08:00,8,train
5711,2011-08-31T09:00,9,train
5712,2011-08-31T10:00,10,train
5713,2011-08-31T11:00,11,train
5714,2011-08-31T12:00,12,train
5715,2011-08-31T13:00,13,train
5716,2011-08-31T14:00,14,train
5717,2011-08-31T15:00,15,train
5718,2011-08-31T16:00,16,train
5719,2011-08-31T17:00,17,train
5720,2011-08-31T18:00,18,train
5721,2011-08-31T19:00,19,train
5722,2011-08-31T20:00,20,train
5723,2011-08-31T21:00,21,train
5724,2011-08-31T22:00,22,train
5725,2011-08-31T23:00,23,train
5726,2011-09-01T00:00,0,train
5727,2011-09-01T01:00,1,train
5728,2011-09-01T02:00,2,train
5729,2011-09-01T03:00,3,train
5730,2011-09-01T04:00,4,train
5731,2011-09-01T05:00,5,train
5732,2011-09-01T06:00,6,train
5733,2011-09-01T07:00,7,train
5734,2011-09-01T08:00,8,train
5735,2011-09-01T09:00,9,train
5736,2011-09-01T10:00,10,train
5737,2011-09-01T11:00,11,train
5738,2011-09-01T12:00,12,train
5739,2011-09-01T13:00,13,train
5740,2011-09-01T14:00,14,train
5741,2011-09-01T15:00,15,train
5742,2011-09-01T16:00,16,train
5743,2011-09-01T17:00,17,train
5744,2011-09-01T18:00,18,train
5745,2011-09-01T19:00,19,train
5746,2011-09-01T20:00,20,train
5747,2011-09-01T21:00,21,train
5748,2011-09-01T22:00,22,train
5749,2011-09-01T23:00,23,train
5750,2011-09-02T00:00,0,train
5751,2011-09-02T01:00,1,train
5752,2011-09-02T02:00,2,train
5753,2011-09-02T03:00,3,train
5754,2011-09-02T04:00,4,train
5755,2011-09-02T05:00,5,train
5756,2011-09-02T06:00,6,train
5757,2011-09-02T07:00,7,train
5758,2011-09-02T08:00,8,train
5759,2011-09-02T09:00,9,train
5760,2011-09-02T10:00,10,train
5761,2011-09-02T11:00,11,train
5762,2011-09-02T12:00,12,train
5763,2011-09-02T13:00,13,train
5764,2011-09-02T14:00,14,train
5765,2011-09-02T15:00,15,train
5766,2011-09-02T16:00,16,train
5767,2011-09-02T17:00,17,train
5768,2011-09-02T18:00,18,train
5769,2011-09-02T19:00,19,train
5770,2011-09-02T20:00,20,train
5771,2011-09-02T21:00,21,train
5772,2011-09-02T22:00,22,train
5773,2011-09-02T23:00,23,train
5774,2011-09-03T00:00,0,train
5775,2011-09-03T01:00,1,train
5776,2011-09-03T02:00,2,train
5777,2011-09-03T03:00,3,train
5778,2011-09-03T04:00,4,train
5779,2011-09-03T05:00,5,train
5780,2011-09-03T06:00,6,train
5781,2011-09-03T07:00,7,train
5782,2011-09-03T08:00,8,train
5783,2011-09-03T09:00,9,train
5784,2011-09-03T10:00,10,train
5785,2011-09-03T11:00,11,train
5786,2011-09-03T12:00,12,train
5787,2011-09-03T13:00,13,train
5788,2011-09-03T14:00,14,train
5789,2011-09-03T15:00,15,train
5790,2011-09-03T16:00,16,train
5791,2011-09-03T17:00,17,train
5792,2011-09-03T18:00,18,train
5793,2011-09-03T19:00,19,train
5794,2011-09-03T20:00,20,train
5795,2011-09-03T21:00,21,train
5796,2011-09-03T22:00,22,train
5797,2011-09-03T23:00,23,train
5798,2011-09-04T00:00,0,train
5799,2011-09-04T01:00,1,train
5800,2011-09-04T02:00,2,train
5801,2011-09-04T03:00,3,train
5802,2011-09-04T04:00,4,train
5803,2011-09-04T05:00,5,train
5804,2011-09-04T06:00,6,train
5805,2011-09-04T07:00,7,train
5806,2011-09-04T08:00,8,train
5807,2011-09-04T09:00,9,train
5808,2011-09-04T10:00,10,train
5809,2011-09-04T11:00,11,train
5810,2011-09-04T12:00,12,train
5811,2011-09-04T13:00,13,train
5812,2011-09-04T14:00,14,train
5813,2011-09-04T15:00,15,train
5814,2011-09-04T16:00,16,train
5815,2011-09-04T17:00,17,train
5816,2011-09-04T18:00,18,train
5817,2011-09-04T19:00,19,train
5818,2011-09-04T20:00,20,train
5819,2011-09-04T21:00,21,train
5820,2011-09-04T22:00,22,train
5821,2011-09-04T23:00,23,train
5822,2011-09-05T00:00,0,train
5823,2011-09-05T01:00,1,train
5824,2011-09-05T02:00,2,train
5825,2011-09-05T03:00,3,train
5826,2011-09-05T04:00,4,train
5827,2011-09-05T05:00,5,train
5828,2011-09-05T06:00,6,train
5829,2011-09-05T07:00,7,train
5830,2011-09-05T08:00,8,train
5831,2011-09-05T09:00,9,train
5832,2011-09-05T10:00,10,train
5833,2011-09-05T11:00,11,train
5834,2011-09-05T12:00,12,train
5835,2011-09-05T13:00,13,train
5836,2011-09-05T14:00,14,train
5837,2011-09-05T15:00,15,train
5838,2011-09-05T16:00,16,train
5839,2011-09-05T17:00,17,train
5840,2011-09-05T18:00,18,train
5841,2011-09-05T19:00,19,train
5842,2011-09-05T20:00,20,train
5843,2011-09-05T21:00,21,train
5844,2011-09-05T22:00,22,train
5845,2011-09-05T23:00,23,train
5846,2011-09-06T00:00,0,train
5847,2011-09-06T02:00,2,train
5848,2011-09-06T03:00,3,train
5849,2011-09-06T04:00,4,train
5850,2011-09-06T05:00,5,train
5851,2011-09-06T06:00,6,train
5852,2011-09-06T07:00,7,train
5853,2011-09-06T08:00,8,train
5854,2011-09-06T09:00,9,train
5855,2011-09-06T10:00,10,train
5856,2011-09-06T11:00,11,train
5857,2011-09-06T12:00,12,train
5858,2011-09-06T13:00,13,train
5859,2011-09-06T14:00,14,train
5860,2011-09-06T15:00,15,train
5861,2011-09-06T16:00,16,train
5862,2011-09-06T17:00,17,train
5863,2011-09-06T18:00,18,train
5864,2011-09-06T19:00,19,train
5865,2011-09-06T20:00,20,train
5866,2011-09-06T21:00,21,train
5867,2011-09-06T22:00,22,train
5868,2011-09-06T23:00,23,train
5869,2011-09-07T00:00,0,train
5870,2011-09-07T01:00,1,train
5871,2011-09-07T02:00,2,train
5872,2011-09-07T03:00,3,train
5873,2011-09-07T04:00,4,train
5874,2011-09-07T05:00,5,train
5875,2011-09-07T06:00,6,train
5876,2011-09-07T07:00,7,train
5877,2011-09-07T08:00,8,train
5878,2011-09-07T09:00,9,train
5879,2011-09-07T10:00,10,train
5880,2011-09-07T11:00,11,train
5881,2011-09-07T12:00,12,train
5882,2011-09-07T13:00,13,train
5883,2011-09-07T14:00,14,train
5884,2011-09-07T15:00,15,train
5885,2011-09-07T16:00,16,train
5886,2011-09-07T17:00,17,train
5887,2011-09-07T18:00,18,train
5888,2011-09-07T19:00,19,train
5889,2011-09-07T20:00,20,train
5890,2011-09-07T21:00,21,train
5891,2011-09-07T22:00,22,train
5892,2011-09-07T23:00,23,train
5893,2011-09-08T00:00,0,train
5894,2011-09-08T01:00,1,train
5895,2011-09-08T03:00,3,train
5896,2011-09-08T04:00,4,train
5897,2011-09-08T05:00,5,train
5898,2011-09-08T06:00,6,train
5899,2011-09-08T07:00,7,train
5900,2011-09-08T08:00,8,train
5901,2011-09-08T09:00,9,train
5902,2011-09-08T10:00,10,train
5903,2011-09-08T11:00,11,train
5904,2011-09-08T12:00,12,train
5905,2011-09-08T13:00,13,train
5906,2011-09-08T14:00,14,train
5907,2011-09-08T15:00,15,train
5908,2011-09-08T16:00,16,train
5909,2011-09-08T17:00,17,train
5910,2011-09-08T18:00,18,train
5911,2011-09-08T19:00,19,train
5912,2011-09-08T20:00,20,train
5913,2011-09-08T21:00,21,train
5914,2011-09-08T22:00,22,train
5915,2011-09-08T23:00,23,train
5916,2011-09-09T00:00,0,train
5917,2011-09-09T01:00,1,train
5918,2011-09-09T02:00,2,train
5919,2011-09-09T03:00,3,train
5920,2011-09-09T04:00,4,train
5921,2011-09-09T05:00,5,train
5922,2011-09-09T06:00,6,train
5923,2011-09-09T07:00,7,train
5924,2011-09-09T08:00,8,train
5925,2011-09-09T09:00,9,train
5926,2011-09-09T10:00,10,train
5927,2011-09-09T11:00,11,train
5928,2011-09-09T12:00,12,train
5929,2011-09-09T13:00,13,train
5930,2011-09-09T14:00,14,train
5931,2011-09-09T15:00,15,train
5932,2011-09-09T16:00,16,train
5933,2011-09-09T17:00,17,train
5934,2011-09-09T18:00,18,train
5935,2011-09-09T19:00,19,train
5936,2011-09-09T20:00,20,train
5937,2011-09-09T21:00,21,train
5938,2011-09-09T22:00,22,train
5939,2011-09-09T23:00,23,train
5940,2011-09-10T00:00,0,train
5941,2011-09-10T01:00,1,train
5942,2011-09-10T02:00,2,train
5943,2011-09-10T03:00,3,train
5944,2011-09-10T04:00,4,train
5945,2011-09-10T05:00,5,train
5946,2011-09-10T06:00,6,train
5947,2011-09-10T07:00,7,train
5948,2011-09-10T08:00,8,train
5949,2011-09-10T09:00,9,train
5950,2011-09-10T10:00,10,train
5951,2011-09-10T11:00,11,train
5952,2011-09-10T12:00,12,train
5953,2011-09-10T13:00,13,train
5954,2011-09-10T14:00,14,train
5955,2011-09-10T15:00,15,train
5956,2011-09-10T16:00,16,train
5957,2011-09-10T17:00,17,train
5958,2011-09-10T18:00,18,train
5959,2011-09-10T19:00,19,train
5960,2011-09-10T20:00,20,train
5961,2011-09-10T21:00,21,train
5962,2011-09-10T22:00,22,train
5963,2011-09-10T23:00,23,train
5964,2011-09-11T00:00,0,train
5965,2011-09-11T01:00,1,train
5966,2011-09-11T02:00,2,train
5967,2011-09-11T03:00,3,train
5968,2011-09-11T04:00,4,train
5969,2011-09-11T05:00,5,train
5970,2011-09-11T06:00,6,train
5971,2011-09-11T07:00,7,train
5972,2011-09-11T08:00,8,train
5973,2011-09-11T09:00,9,train
5974,2011-09-11T10:00,10,train
5975,2011-09-11T11:00,11,train
5976,2011-09-11T12:00,12,train
5977,2011-09-11T13:00,13,train
5978,2011-09-11T14:00,14,train
5979,2011-09-11T15:00,15,train
5980,2011-09-11T16:00,16,train
5981,2011-09-11T17:00,17,train
5982,2011-09-11T18:00,18,train
5983,2011-09-11T19:00,19,train
5984,2011-09-11T20:00,20,train
5985,2011-09-11T21:00,21,train
5986,2011-09-11T22:00,22,train
5987,2011-09-11T23:00,23,train
5988,2011-09-12T00:00,0,train
5989,2011-09-12T01:00,1,train
5990,2011-09-12T02:00,2,train
5991,2011-09-12T04:00,4,train
5992,2011-09-12T05:00,5,train
5993,2011-09-12T06:00,6,train
5994,2011-09-12T07:00,7,train
5995,2011-09-12T08:00,8,train
5996,2011-09-12T09:00,9,train
5997,2011-09-12T10:00,10,train
5998,2011-09-12T11:00,11,train
5999,2011-09-12T12:00,12,train
6000,2011-09-12T13:00,13,train
6001,2011-09-12T14:00,14,train
6002,2011-09-12T15:00,15,train
6003,2011-09-12T16:00,16,train
6004,2011-09-12T17:00,17,train
6005,2011-09-12T18:00,18,train
6006,2011-09-12T19:00,19,train
6007,2011-09-12T20:00,20,train
6008,2011-09-12T21:00,21,train
6009,2011-09-12T22:00,22,train
6010,2011-09-12T23:00,23,train
6011,2011-09-13T00:00,0,train
6012,2011-09-13T01:00,1,train
6013,2011-09-13T02:00,2,train
6014,2011-09-13T03:00,3,train
6015,2011-09-13T04:00,4,train
6016,2011-09-13T05:00,5,train
6017,2011-09-13T06:00,6,train
6018,2011-09-13T07:00,7,train
6019,2011-09-13T08:00,8,train
6020,2011-09-13T09:00,9,train
6021,2011-09-13T10:00,10,train
6022,2011-09-13T11:00,11,train
6023,2011-09-13T12:00,12,train
6024,2011-09-13T13:00,13,train
6025,2011-09-13T14:00,14,train
6026,2011-09-13T15:00,15,train
6027,2011-09-13T16:00,16,train
6028,2011-09-13T17:00,17,train
6029,2011-09-13T18:00,18,train
6030,2011-09-13T19:00,19,train
6031,2011-09-13T20:00,20,train
6032,2011-09-13T21:00,21,train
6033,2011-09-13T22:00,22,train
6034,2011-09-13T23:00,23,train
6035,2011-09-14T00:00,0,train
6036,2011-09-14T01:00,1,train
6037,2011-09-14T02:00,2,train
6038,2011-09-14T03:00,3,train
6039,2011-09-14T04:00,4,train
6040,2011-09-14T05:00,5,train
6041,2011-09-14T06:00,6,train
6042,2011-09-14T07:00,7,train
6043,2011-09-14T08:00,8,train
6044,2011-09-14T09:00,9,train
6045,2011-09-14T10:00,10,train
6046,2011-09-14T11:00,11,train
6047,2011-09-14T12:00,12,train
6048,2011-09-14T13:00,13,train
6049,2011-09-14T14:00,14,train
6050,2011-09-14T15:00,15,train
6051,2011-09-14T16:00,16,train
6052,2011-09-14T17:00,17,train
6053,2011-09-14T18:00,18,train
6054,2011-09-14T19:00,19,train
6055,2011-09-14T20:00,20,train
6056,2011-09-14T21:00,21,train
6057,2011-09-14T22:00,22,train
6058,2011-09-14T23:00,23,train
6059,2011-09-15T00:00,0,train
6060,2011-09-15T01:00,1,train
6061,2011-09-15T02:00,2,train
6062,2011-09-15T03:00,3,train
6063,2011-09-15T04:00,4,train
6064,2011-09-15T05:00,5,train
6065,2011-09-15T06:00,6,train
6066,2011-09-15T07:00,7,train
6067,2011-09-15T08:00,8,train
6068,2011-09-15T09:00,9,train
6069,2011-09-15T10:00,10,train
6070,2011-09-15T11:00,11,train
6071,2011-09-15T12:00,12,train
6072,2011-09-15T13:00,13,train
6073,2011-09-15T14:00,14,train
6074,2011-09-15T15:00,15,train
6075,2011-09-15T16:00,16,train
6076,2011-09-15T17:00,17,train
6077,2011-09-15T18:00,18,train
6078,2011-09-15T19:00,19,train
6079,2011-09-15T20:00,20,train
6080,2011-09-15T21:00,21,train
6081,2011-09-15T22:00,22,train
6082,2011-09-15T23:00,23,train
6083,2011-09-16T00:00,0,train
6084,2011-09-16T01:00,1,train
6085,2011-09-16T02:00,2,train
6086,2011-09-16T03:00,3,train
6087,2011-09-16T04:00,4,train
6088,2011-09-16T05:00,5,train
6089,2011-09-16T06:00,6,train
6090,2011-09-16T07:00,7,train
6091,2011-09-16T08:00,8,train
6092,2011-09-16T09:00,9,train
6093,2011-09-16T10:00,10,train
6094,2011-09-16T11:00,11,train
6095,2011-09-16T12:00,12,train
6096,2011-09-16T13:00,13,train
6097,2011-09-16T14:00,14,train
6098,2011-09-16T15:00,15,train
6099,2011-09-16T16:00,16,train
6100,2011-09-16T17:00,17,train
6101,2011-09-16T18:00,18,train
6102,2011-09-16T19:00,19,train
6103,2011-09-16T20:00,20,train
6104,2011-09-16T21:00,21,train
6105,2011-09-16T22:00,22,train
6106,2011-09-16T23:00,23,train
6107,2011-09-17T00:00,0,train
6108,2011-09-17T01:00,1,train
6109,2011-09-17T02:00,2,train
6110,2011-09-17T03:00,3,train
6111,2011-09-17T04:00,4,train
6112,2011-09-17T05:00,5,train
6113,2011-09-17T06:00,6,train
6114,2011-09-17T07:00,7,train
6115,2011-09-17T08:00,8,train
6116,2011-09-17T09:00,9,train
6117,2011-09-17T10:00,10,train
6118,2011-09-17T11:00,11,train
6119,2011-09-17T12:00,12,train
6120,2011-09-17T13:00,13,train
6121,2011-09-17T14:00,14,train
6122,2011-09-17T15:00,15,train
6123,2011-09-17T16:00,16,train
6124,2011-09-17T17:00,17,train
6125,2011-09-17T18:00,18,train
6126,2011-09-17T19:00,19,train
6127,2011-09-17T20:00,20,train
6128,2011-09-17T21:00,21,train
6129,2011-09-17T22:00,22,train
6130,2011-09-17T23:00,23,train
6131,2011-09-18T00:00,0,train
6132,2011-09-18T01:00,1,train
6133,2011-09-18T02:00,2,train
6134,2011-09-18T03:00,3,train
6135,2011-09-18T04:00,4,train
6136,2011-09-18T05:00,5,train
6137,2011-09-18T06:00,6,train
6138,2011-09-18T07:00,7,train
6139,2011-09-18T08:00,8,train
6140,2011-09-18T09:00,9,train
6141,2011-09-18T10:00,10,train
6142,2011-09-18T11:00,11,train
6143,2011-09-18T12:00,12,train
6144,2011-09-18T13:00,13,train
6145,2011-09-18T14:00,14,train
6146,2011-09-18T15:00,15,train
6147,2011-09-18T16:00,16,train
6148,2011-09-18T17:00,17,train
6149,2011-09-18T18:00,18,train
6150,2011-09-18T19:00,19,train
6151,2011-09-18T20:00,20,train
6152,2011-09-18T21:00,21,train
6153,2011-09-18T22:00,22,train
6154,2011-09-18T23:00,23,train
6155,2011-09-19T00:00,0,train
6156,2011-09-19T01:00,1,train
6157,2011-09-19T02:00,2,train
6158,2011-09-19T03:00,3,train
6159,2011-09-19T04:00,4,train
6160,2011-09-19T05:00,5,train
6161,2011-09-19T06:00,6,train
6162,2011-09-19T07:00,7,train
6163,2011-09-19T08:00,8,train
6164,2011-09-19T09:00,9,train
6165,2011-09-19T10:00,10,train
6166,2011-09-19T11:00,11,train
6167,2011-09-19T12:00,12,train
6168,2011-09-19T13:00,13,train
6169,2011-09-19T14:00,14,train
6170,2011-09-19T15:00,15,train
6171,2011-09-19T16:00,16,train
6172,2011-09-19T17:00,17,train
6173,2011-09-19T18:00,18,train
6174,2011-09-19T19:00,19,train
6175,2011-09-19T20:00,20,train
6176,2011-09-19T21:00,21,train
6177,2011-09-19T22:00,22,train
6178,2011-09-19T23:00,23,train
6179,2011-09-20T00:00,0,train
6180,2011-09-20T01:00,1,train
6181,2011-09-20T02:00,2,train
6182,2011-09-20T03:00,3,train
6183,2011-09-20T04:00,4,train
6184,2011-09-20T05:00,5,train
6185,2011-09-20T06:00,6,train
6186,2011-09-20T07:00,7,train
6187,2011-09-20T08:00,8,train
6188,2011-09-20T09:00,9,train
6189,2011-09-20T10:00,10,train
6190,2011-09-20T11:00,11,train
6191,2011-09-20T12:00,12,train
6192,2011-09-20T13:00,13,train
6193,2011-09-20T14:00,14,train
6194,2011-09-20T15:00,15,train
6195,2011-09-20T16:00,16,train
6196,2011-09-20T17:00,17,train
6197,2011-09-20T18:00,18,train
6198,2011-09-20T19:00,19,train
6199,2011-09-20T20:00,20,train
6200,2011-09-20T21:00,21,train
6201,2011-09-20T22:00,22,train
6202,2011-09-20T23:00,23,train
6203,2011-09-21T00:00,0,train
6204,2011-09-21T01:00,1,train
6205,2011-09-21T02:00,2,train
6206,2011-09-21T03:00,3,train
6207,2011-09-21T04:00,4,train
6208,2011-09-21T05:00,5,train
6209,2011-09-21T06:00,6,train
6210,2011-09-21T07:00,7,train
6211,2011-09-21T08:00,8,train
6212,2011-09-21T09:00,9,train
6213,2011-09-21T10:00,10,train
6214,2011-09-21T11:00,11,train
6215,2011-09-21T12:00,12,train
6216,2011-09-21T13:00,13,train
6217,2011-09-21T14:00,14,train
6218,2011-09-21T15:00,15,train
6219,2011-09-21T16:00,16,train
6220,2011-09-21T17:00,17,train
6221,2011-09-21T18:00,18,train
6222,2011-09-21T19:00,19,train
6223,2011-09-21T20:00,20,train
6224,2011-09-21T21:00,21,train
6225,2011-09-21T22:00,22,train
6226,2011-09-21T23:00,23,train
6227,2011-09-22T00:00,0,train
6228,2011-09-22T01:00,1,train
6229,2011-09-22T02:00,2,train
6230,2011-09-22T03:00,3,train
6231,2011-09-22T04:00,4,train
6232,2011-09-22T05:00,5,train
6233,2011-09-22T06:00,6,train
6234,2011-09-22T07:00,7,train
6235,2011-09-22T08:00,8,train
6236,2011-09-22T09:00,9,train
6237,2011-09-22T10:00,10,train
6238,2011-09-22T11:00,11,train
6239,2011-09-22T12:00,12,train
6240,2011-09-22T13:00,13,train
6241,2011-09-22T14:00,14,train
6242,2011-09-22T15:00,15,train
6243,2011-09-22T16:00,16,train
6244,2011-09-22T17:00,17,train
6245,2011-09-22T18:00,18,train
6246,2011-09-22T19:00,19,train
6247,2011-09-22T20:00,20,train
6248,2011-09-22T21:00,21,train
6249,2011-09-22T22:00,22,train
6250,2011-09-22T23:00,23,train
6251,2011-09-23T00:00,0,train
6252,2011-09-23T01:00,1,train
6253,2011-09-23T02:00,2,train
6254,2011-09-23T03:00,3,train
6255,2011-09-23T04:00,4,train
6256,2011-09-23T05:00,5,train
6257,2011-09-23T06:00,6,train
6258,2011-09-23T07:00,7,train
6259,2011-09-23T08:00,8,train
6260,2011-09-23T09:00,9,train
6261,2011-09-23T10:00,10,train
6262,2011-09-23T11:00,11,train
6263,2011-09-23T12:00,12,train
6264,2011-09-23T13:00,13,train
6265,2011-09-23T14:00,14,train
6266,2011-09-23T15:00,15,train
6267,2011-09-23T16:00,16,train
6268,2011-09-23T17:00,17,train
6269,2011-09-23T18:00,18,train
6270,2011-09-23T19:00,19,train
6271,2011-09-23T20:00,20,train
6272,2011-09-23T21:00,21,train
6273,2011-09-23T22:00,22,train
6274,2011-09-23T23:00,23,train
6275,2011-09-24T00:00,0,train
6276,2011-09-24T01:00,1,train
6277,2011-09-24T02:00,2,train
6278,2011-09-24T03:00,3,train
6279,2011-09-24T04:00,4,train
6280,2011-09-24T05:00,5,train
6281,2011-09-24T06:00,6,train
6282,2011-09-24T07:00,7,train
6283,2011-09-24T08:00,8,train
6284,2011-09-24T09:00,9,train
6285,2011-09-24T10:00,10,train
6286,2011-09-24T11:00,11,train
6287,2011-09-24T12:00,12,train
6288,2011-09-24T13:00,13,train
6289,2011-09-24T14:00,14,train
6290,2011-09-24T15:00,15,train
6291,2011-09-24T16:00,16,train
6292,2011-09-24T17:00,17,train
6293,2011-09-24T18:00,18,train
6294,2011-09-24T19:00,19,train
6295,2011-09-24T20:00,20,train
6296,2011-09-24T21:00,21,train
6297,2011-09-24T22:00,22,train
6298,2011-09-24T23:00,23,train
6299,2011-09-25T00:00,0,train
6300,2011-09-25T01:00,1,train
6301,2011-09-25T02:00,2,train
6302,2011-09-25T03:00,3,train
6303,2011-09-25T04:00,4,train
6304,2011-09-25T05:00,5,train
6305,2011-09-25T06:00,6,train
6306,2011-09-25T07:00,7,train
6307,2011-09-25T08:00,8,train
6308,2011-09-25T09:00,9,train
6309,2011-09-25T10:00,10,train
6310,2011-09-25T11:00,11,train
6311,2011-09-25T12:00,12,train
6312,2011-09-25T13:00,13,train
6313,2011-09-25T14:00,14,train
6314,2011-09-25T15:00,15,train
6315,2011-09-25T16:00,16,train
6316,2011-09-25T17:00,17,train
6317,2011-09-25T18:00,18,train
6318,2011-09-25T19:00,19,train
6319,2011-09-25T20:00,20,train
6320,2011-09-25T21:00,21,train
6321,2011-09-25T22:00,22,train
6322,2011-09-25T23:00,23,train
6323,2011-09-26T00:00,0,train
6324,2011-09-26T01:00,1,train
6325,2011-09-26T02:00,2,train
6326,2011-09-26T03:00,3,train
6327,2011-09-26T04:00,4,train
6328,2011-09-26T05:00,5,train
6329,2011-09-26T06:00,6,train
6330,2011-09-26T07:00,7,train
6331,2011-09-26T08:00,8,train
6332,2011-09-26T09:00,9,train
6333,2011-09-26T10:00,10,train
6334,2011-09-26T11:00,11,train
6335,2011-09-26T12:00,12,train
6336,2011-09-26T13:00,13,train
6337,2011-09-26T14:00,14,train
6338,2011-09-26T15:00,15,train
6339,2011-09-26T16:00,16,train
6340,2011-09-26T17:00,17,train
6341,2011-09-26T18:00,18,train
6342,2011-09-26T19:00,19,train
6343,2011-09-26T20:00,20,train
6344,2011-09-26T21:00,21,train
6345,2011-09-26T22:00,22,train
6346,2011-09-26T23:00,23,train
6347,2011-09-27T00:00,0,train
6348,2011-09-27T01:00,1,train
6349,2011-09-27T02:00,2,train
6350,2011-09-27T03:00,3,train
6351,2011-09-27T04:00,4,train
6352,2011-09-27T05:00,5,train
6353,2011-09-27T06:00,6,train
6354,2011-09-27T07:00,7,train
6355,2011-09-27T08:00,8,train
6356,2011-09-27T09:00,9,train
6357,2011-09-27T10:00,10,train
6358,2011-09-27T11:00,11,train
6359,2011-09-27T12:00,12,train
6360,2011-09-27T13:00,13,train
6361,2011-09-27T14:00,14,train
6362,2011-09-27T15:00,15,train
6363,2011-09-27T16:00,16,train
6364,2011-09-27T17:00,17,train
6365,2011-09-27T18:00,18,train
6366,2011-09-27T19:00,19,train
6367,2011-09-27T20:00,20,train
6368,2011-09-27T21:00,21,train
6369,2011-09-27T22:00,22,train
6370,2011-09-27T23:00,23,train
6371,2011-09-28T00:00,0,train
6372,2011-09-28T01:00,1,train
6373,2011-09-28T02:00,2,train
6374,2011-09-28T03:00,3,train
6375,2011-09-28T04:00,4,train
6376,2011-09-28T05:00,5,train
6377,2011-09-28T06:00,6,train
6378,2011-09-28T07:00,7,train
6379,2011-09-28T08:00,8,train
6380,2011-09-28T09:00,9,train
6381,2011-09-28T10:00,10,train
6382,2011-09-28T11:00,11,train
6383,2011-09-28T12:00,12,train
6384,2011-09-28T13:00,13,train
6385,2011-09-28T14:00,14,train
6386,2011-09-28T15:00,15,train
6387,2011-09-28T16:00,16,train
6388,2011-09-28T17:00,17,train
6389,2011-09-28T18:00,18,train
6390,2011-09-28T19:00,19,train
6391,2011-09-28T20:00,20,train
6392,2011-09-28T21:00,21,train
6393,2011-09-28T22:00,22,train
6394,2011-09-28T23:00,23,train
6395,2011-09-29T00:00,0,train
6396,2011-09-29T01:00,1,train
6397,2011-09-29T02:00,2,train
6398,2011-09-29T03:00,3,train
6399,2011-09-29T04:00,4,train
6400,2011-09-29T05:00,5,train
6401,2011-09-29T06:00,6,train
6402,2011-09-29T07:00,7,train
6403,2011-09-29T08:00,8,train
6404,2011-09-29T09:00,9,train
6405,2011-09-29T10:00,10,train
6406,2011-09-29T11:00,11,train
6407,2011-09-29T12:00,12,train
6408,2011-09-29T13:00,13,train
6409,2011-09-29T14:00,14,train
6410,2011-09-29T15:00,15,train
6411,2011-09-29T16:00,16,train
6412,2011-09-29T17:00,17,train
6413,2011-09-29T18:00,18,train
6414,2011-09-29T19:00,19,train
6415,2011-09-29T20:00,20,train
6416,2011-09-29T21:00,21,train
6417,2011-09-29T22:00,22,train
6418,2011-09-29T23:00,23,train
6419,2011-09-30T00:00,0,train
6420,2011-09-30T01:00,1,train
6421,2011-09-30T02:00,2,train
6422,2011-09-30T03:00,3,train
6423,2011-09-30T04:00,4,train
6424,2011-09-30T05:00,5,train
6425,2011-09-30T06:00,6,train
6426,2011-09-30T07:00,7,train
6427,2011-09-30T08:00,8,train
6428,2011-09-30T09:00,9,train
6429,2011-09-30T10:00,10,train
6430,2011-09-30T11:00,11,train
6431,2011-09-30T12:00,12,train
6432,2011-09-30T13:00,13,train
6433,2011-09-30T14:00,14,train
6434,2011-09-30T15:00,15,train
6435,2011-09-30T16:00,16,train
6436,2011-09-30T17:00,17,train
6437,2011-09-30T18:00,18,train
6438,2011-09-30T19:00,19,train
6439,2011-09-30T20:00,20,train
6440,2011-09-30T21:00,21,train
6441,2011-09-30T22:00,22,train
6442,2011-09-30T23:00,23,train
6443,2011-10-01T00:00,0,train
6444,2011-10-01T01:00,1,train
6445,2011-10-01T02:00,2,train
6446,2011-10-01T03:00,3,train
6447,2011-10-01T04:00,4,train
6448,2011-10-01T05:00,5,train
6449,2011-10-01T06:00,6,train
6450,2011-10-01T07:00,7,train
6451,2011-10-01T08:00,8,train
6452,2011-10-01T09:00,9,train
6453,2011-10-01T10:00,10,train
6454,2011-10-01T11:00,11,train
6455,2011-10-01T12:00,12,train
6456,2011-10-01T13:00,13,train
6457,2011-10-01T14:00,14,train
6458,2011-10-01T15:00,15,train
6459,2011-10-01T16:00,16,train
6460,2011-10-01T17:00,17,train
6461,2011-10-01T18:00,18,train
6462,2011-10-01T19:00,19,train
6463,2011-10-01T20:00,20,train
6464,2011-10-01T21:00,21,train
6465,2011-10-01T22:00,22,train
6466,2011-10-01T23:00,23,train
6467,2011-10-02T00:00,0,train
6468,2011-10-02T01:00,1,train
6469,2011-10-02T02:00,2,train
6470,2011-10-02T03:00,3,train
6471,2011-10-02T04:00,4,train
6472,2011-10-02T05:00,5,train
6473,2011-10-02T06:00,6,train
6474,2011-10-02T07:00,7,train
6475,2011-10-02T08:00,8,train
6476,2011-10-02T09:00,9,train
6477,2011-10-02T10:00,10,train
6478,2011-10-02T11:00,11,train
6479,2011-10-02T12:00,12,train
6480,2011-10-02T13:00,13,train
6481,2011-10-02T14:00,14,train
6482,2011-10-02T15:00,15,train
6483,2011-10-02T16:00,16,train
6484,2011-10-02T17:00,17,train
6485,2011-10-02T18:00,18,train
6486,2011-10-02T19:00,19,train
6487,2011-10-02T20:00,20,train
6488,2011-10-02T21:00,21,train
6489,2011-10-02T22:00,22,train
6490,2011-10-02T23:00,23,train
6491,2011-10-03T00:00,0,train
6492,2011-10-03T01:00,1,train
6493,2011-10-03T02:00,2,train
6494,2011-10-03T03:00,3,train
6495,2011-10-03T04:00,4,train
6496,2011-10-03T05:00,5,train
6497,2011-10-03T06:00,6,train
6498,2011-10-03T07:00,7,train
6499,2011-10-03T08:00,8,train
6500,2011-10-03T09:00,9,train
6501,2011-10-03T10:00,10,train
6502,2011-10-03T11:00,11,train
6503,2011-10-03T12:00,12,train
6504,2011-10-03T13:00,13,train
6505,2011-10-03T14:00,14,train
6506,2011-10-03T15:00,15,train
6507,2011-10-03T16:00,16,train
6508,2011-10-03T17:00,17,train
6509,2011-10-03T18:00,18,train
6510,2011-10-03T19:00,19,train
6511,2011-10-03T20:00,20,train
6512,2011-10-03T21:00,21,train
6513,2011-10-03T22:00,22,train
6514,2011-10-03T23:00,23,train
6515,2011-10-04T00:00,0,train
6516,2011-10-04T01:00,1,train
6517,2011-10-04T02:00,2,train
6518,2011-10-04T03:00,3,train
6519,2011-10-04T04:00,4,train
6520,2011-10-04T05:00,5,train
6521,2011-10-04T06:00,6,train
6522,2011-10-04T07:00,7,train
6523,2011-10-04T08:00,8,train
6524,2011-10-04T09:00,9,train
6525,2011-10-04T10:00,10,train
6526,2011-10-04T11:00,11,train
6527,2011-10-04T12:00,12,train
6528,2011-10-04T13:00,13,train
6529,2011-10-04T14:00,14,train
6530,2011-10-04T15:00,15,train
6531,2011-10-04T16:00,16,train
6532,2011-10-04T17:00,17,train
6533,2011-10-04T18:00,18,train
6534,2011-10-04T19:00,19,train
6535,2011-10-04T20:00,20,train
6536,2011-10-04T21:00,21,train
6537,2011-10-04T22:00,22,train
6538,2011-10-04T23:00,23,train
6539,2011-10-05T00:00,0,train
6540,2011-10-05T01:00,1,train
6541,2011-10-05T02:00,2,train
6542,2011-10-05T03:00,3,train
6543,2011-10-05T04:00,4,train
6544,2011-10-05T05:00,5,train
6545,2011-10-05T06:00,6,train
6546,2011-10-05T07:00,7,train
6547,2011-10-05T08:00,8,train
6548,2011-10-05T09:00,9,train
6549,2011-10-05T10:00,10,train
6550,2011-10-05T11:00,11,train
6551,2011-10-05T12:00,12,train
6552,2011-10-05T13:00,13,train
6553,2011-10-05T14:00,14,train
6554,2011-10-05T15:00,15,train
6555,2011-10-05T16:00,16,train
6556,2011-10-05T17:00,17,train
6557,2011-10-05T18:00,18,train
6558,2011-10-05T19:00,19,train
6559,2011-10-05T20:00,20,train
6560,2011-10-05T21:00,21,train
6561,2011-10-05T22:00,22,train
6562,2011-10-05T23:00,23,train
6563,2011-10-06T00:00,0,train
6564,2011-10-06T01:00,1,train
6565,2011-10-06T02:00,2,train
6566,2011-10-06T03:00,3,train
6567,2011-10-06T04:00,4,train
6568,2011-10-06T05:00,5,train
6569,2011-10-06T06:00,6,train
6570,2011-10-06T07:00,7,train
6571,2011-10-06T08:00,8,train
6572,2011-10-06T09:00,9,train
6573,2011-10-06T10:00,10,train
6574,2011-10-06T11:00,11,train
6575,2011-10-06T12:00,12,train
6576,2011-10-06T13:00,13,train
6577,2011-10-06T14:00,14,train
6578,2011-10-06T15:00,15,train
6579,2011-10-06T16:00,16,train
6580,2011-10-06T17:00,17,train
6581,2011-10-06T18:00,18,train
6582,2011-10-06T19:00,19,train
6583,2011-10-06T20:00,20,train
6584,2011-10-06T21:00,21,train
6585,2011-10-06T22:00,22,train
6586,2011-10-06T23:00,23,train
6587,2011-10-07T00:00,0,train
6588,2011-10-07T01:00,1,train
6589,2011-10-07T02:00,2,train
6590,2011-10-07T03:00,3,train
6591,2011-10-07T04:00,4,train
6592,2011-10-07T05:00,5,train
6593,2011-10-07T06:00,6,train
6594,2011-10-07T07:00,7,train
6595,2011-10-07T08:00,8,train
6596,2011-10-07T09:00,9,train
6597,2011-10-07T10:00,10,train
6598,2011-10-07T11:00,11,train
6599,2011-10-07T12:00,12,train
6600,2011-10-07T13:00,13,train
6601,2011-10-07T14:00,14,train
6602,2011-10-07T15:00,15,train
6603,2011-10-07T16:00,16,train
6604,2011-10-07T17:00,17,train
6605,2011-10-07T18:00,18,train
6606,2011-10-07T19:00,19,train
6607,2011-10-07T20:00,20,train
6608,2011-10-07T21:00,21,train
6609,2011-10-07T22:00,22,train
6610,2011-10-07T23:00,23,train
6611,2011-10-08T00:00,0,train
6612,2011-10-08T01:00,1,train
6613,2011-10-08T02:00,2,train
6614,2011-10-08T03:00,3,train
6615,2011-10-08T04:00,4,train
6616,2011-10-08T05:00,5,train
6617,2011-10-08T06:00,6,train
6618,2011-10-08T07:00,7,train
6619,2011-10-08T08:00,8,train
6620,2011-10-08T09:00,9,train
6621,2011-10-08T10:00,10,train
6622,2011-10-08T11:00,11,train
6623,2011-10-08T12:00,12,train
6624,2011-10-08T13:00,13,train
6625,2011-10-08T14:00,14,train
6626,2011-10-08T15:00,15,train
6627,2011-10-08T16:00,16,train
6628,2011-10-08T17:00,17,train
6629,2011-10-08T18:00,18,train
6630,2011-10-08T19:00,19,train
6631,2011-10-08T20:00,20,train
6632,2011-10-08T21:00,21,train
6633,2011-10-08T22:00,22,train
6634,2011-10-08T23:00,23,train
6635,2011-10-09T00:00,0,train
6636,2011-10-09T01:00,1,train
6637,2011-10-09T02:00,2,train
6638,2011-10-09T03:00,3,train
6639,2011-10-09T04:00,4,train
6640,2011-10-09T05:00,5,train
6641,2011-10-09T06:00,6,train
6642,2011-10-09T07:00,7,train
6643,2011-10-09T08:00,8,train
6644,2011-10-09T09:00,9,train
6645,2011-10-09T10:00,10,train
6646,2011-10-09T11:00,11,train
6647,2011-10-09T12:00,12,train
6648,2011-10-09T13:00,13,train
6649,2011-10-09T14:00,14,train
6650,2011-10-09T15:00,15,train
6651,2011-10-09T16:00,16,train
6652,2011-10-09T17:00,17,train
6653,2011-10-09T18:00,18,train
6654,2011-10-09T19:00,19,train
6655,2011-10-09T20:00,20,train
6656,2011-10-09T21:00,21,train
6657,2011-10-09T22:00,22,train
6658,2011-10-09T23:00,23,train
6659,2011-10-10T00:00,0,train
6660,2011-10-10T01:00,1,train
6661,2011-10-10T02:00,2,train
6662,2011-10-10T03:00,3,train
6663,2011-10-10T04:00,4,train
6664,2011-10-10T05:00,5,train
6665,2011-10-10T06:00,6,train
6666,2011-10-10T07:00,7,train
6667,2011-10-10T08:00,8,train
6668,2011-10-10T09:00,9,train
6669,2011-10-10T10:00,10,train
6670,2011-10-10T11:00,11,train
6671,2011-10-10T12:00,12,train
6672,2011-10-10T13:00,13,train
6673,2011-10-10T14:00,14,train
6674,2011-10-10T15:00,15,train
6675,2011-10-10T16:00,16,train
6676,2011-10-10T17:00,17,train
6677,2011-10-10T18:00,18,train
6678,2011-10-10T19:00,19,train
6679,2011-10-10T20:00,20,train
6680,2011-10-10T21:00,21,train
6681,2011-10-10T22:00,22,train
6682,2011-10-10T23:00,23,train
6683,2011-10-11T00:00,0,train
6684,2011-10-11T01:00,1,train
6685,2011-10-11T02:00,2,train
6686,2011-10-11T03:00,3,train
6687,2011-10-11T04:00,4,train
6688,2011-10-11T05:00,5,train
6689,2011-10-11T06:00,6,train
6690,2011-10-11T07:00,7,train
6691,2011-10-11T08:00,8,train
6692,2011-10-11T09:00,9,train
6693,2011-10-11T10:00,10,train
6694,2011-10-11T11:00,11,train
6695,2011-10-11T12:00,12,train
6696,2011-10-11T13:00,13,train
6697,2011-10-11T14:00,14,train
6698,2011-10-11T15:00,15,train
6699,2011-10-11T16:00,16,train
6700,2011-10-11T17:00,17,train
6701,2011-10-11T18:00,18,train
6702,2011-10-11T19:00,19,train
6703,2011-10-11T20:00,20,train
6704,2011-10-11T21:00,21,train
6705,2011-10-11T22:00,22,train
6706,2011-10-11T23:00,23,train
6707,2011-10-12T00:00,0,train
6708,2011-10-12T01:00,1,train
6709,2011-10-12T02:00,2,train
6710,2011-10-12T03:00,3,train
6711,2011-10-12T04:00,4,train
6712,2011-10-12T05:00,5,train
6713,2011-10-12T06:00,6,train
6714,2011-10-12T07:00,7,train
6715,2011-10-12T08:00,8,train
6716,2011-10-12T09:00,9,train
6717,2011-10-12T10:00,10,train
6718,2011-10-12T11:00,11,train
6719,2011-10-12T12:00,12,train
6720,2011-10-12T13:00,13,train
6721,2011-10-12T14:00,14,train
6722,2011-10-12T15:00,15,train
6723,2011-10-12T16:00,16,train
6724,2011-10-12T17:00,17,train
6725,2011-10-12T18:00,18,train
6726,2011-10-12T19:00,19,train
6727,2011-10-12T20:00,20,train
6728,2011-10-12T21:00,21,train
6729,2011-10-12T22:00,22,train
6730,2011-10-12T23:00,23,train
6731,2011-10-13T00:00,0,train
6732,2011-10-13T01:00,1,train
6733,2011-10-13T02:00,2,train
6734,2011-10-13T03:00,3,train
6735,2011-10-13T04:00,4,train
6736,2011-10-13T05:00,5,train
6737,2011-10-13T06:00,6,train
6738,2011-10-13T07:00,7,train
6739,2011-10-13T08:00,8,train
6740,2011-10-13T09:00,9,train
6741,2011-10-13T10:00,10,train
6742,2011-10-13T11:00,11,train
6743,2011-10-13T12:00,12,train
6744,2011-10-13T13:00,13,train
6745,2011-10-13T14:00,14,train
6746,2011-10-13T15:00,15,train
6747,2011-10-13T16:00,16,train
6748,2011-10-13T17:00,17,train
6749,2011-10-13T18:00,18,train
6750,2011-10-13T19:00,19,train
6751,2011-10-13T20:00,20,train
6752,2011-10-13T21:00,21,train
6753,2011-10-13T22:00,22,train
6754,2011-10-13T23:00,23,train
6755,2011-10-14T00:00,0,train
6756,2011-10-14T01:00,1,train
6757,2011-10-14T02:00,2,train
6758,2011-10-14T03:00,3,train
6759,2011-10-14T04:00,4,train
6760,2011-10-14T05:00,5,train
6761,2011-10-14T06:00,6,train
6762,2011-10-14T07:00,7,train
6763,2011-10-14T08:00,8,train
6764,2011-10-14T09:00,9,train
6765,2011-10-14T10:00,10,train
6766,2011-10-14T11:00,11,train
6767,2011-10-14T12:00,12,train
6768,2011-10-14T13:00,13,train
6769,2011-10-14T14:00,14,train
6770,2011-10-14T15:00,15,train
6771,2011-10-14T16:00,16,train
6772,2011-10-14T17:00,17,train
6773,2011-10-14T18:00,18,train
6774,2011-10-14T19:00,19,train
6775,2011-10-14T20:00,20,train
6776,2011-10-14T21:00,21,train
6777,2011-10-14T22:00,22,train
6778,2011-10-14T23:00,23,train
6779,2011-10-15T00:00,0,train
6780,2011-10-15T01:00,1,train
6781,2011-10-15T02:00,2,train
6782,2011-10-15T03:00,3,train
6783,2011-10-15T04:00,4,train
6784,2011-10-15T05:00,5,train
6785,2011-10-15T06:00,6,train
6786,2011-10-15T07:00,7,train
6787,2011-10-15T08:00,8,train
6788,2011-10-15T09:00,9,train
6789,2011-10-15T10:00,10,train
6790,2011-10-15T11:00,11,train
6791,2011-10-15T12:00,12,train
6792,2011-10-15T13:00,13,train
6793,2011-10-15T14:00,14,train
6794,2011-10-15T15:00,15,train
6795,2011-10-15T16:00,16,train
6796,2011-10-15T17:00,17,train
6797,2011-10-15T18:00,18,train
6798,2011-10-15T19:00,19,train
6799,2011-10-15T20:00,20,train
6800,2011-10-15T21:00,21,train
6801,2011-10-15T22:00,22,train
6802,2011-10-15T23:00,23,train
6803,2011-10-16T00:00,0,train
6804,2011-10-16T01:00,1,train
6805,2011-10-16T02:00,2,train
6806,2011-10-16T03:00,3,train
6807,2011-10-16T04:00,4,train
6808,2011-10-16T05:00,5,train
6809,2011-10-16T06:00,6,train
6810,2011-10-16T07:00,7,train
6811,2011-10-16T08:00,8,train
6812,2011-10-16T09:00,9,train
6813,2011-10-16T10:00,10,train
6814,2011-10-16T11:00,11,train
6815,2011-10-16T12:00,12,train
6816,2011-10-16T13:00,13,train
6817,2011-10-16T14:00,14,train
6818,2011-10-16T15:00,15,train
6819,2011-10-16T16:00,16,train
6820,2011-10-16T17:00,17,train
6821,2011-10-16T18:00,18,train
6822,2011-10-16T19:00,19,train
6823,2011-10-16T20:00,20,train
6824,2011-10-16T21:00,21,train
6825,2011-10-16T22:00,22,train
6826,2011-10-16T23:00,23,train
6827,2011-10-17T00:00,0,train
6828,2011-10-17T01:00,1,train
6829,2011-10-17T02:00,2,train
6830,2011-10-17T03:00,3,train
6831,2011-10-17T04:00,4,train
6832,2011-10-17T05:00,5,train
6833,2011-10-17T06:00,6,train
6834,2011-10-17T07:00,7,train
6835,2011-10-17T08:00,8,train
6836,2011-10-17T09:00,9,train
6837,2011-10-17T10:00,10,train
6838,2011-10-17T11:00,11,train
6839,2011-10-17T12:00,12,train
6840,2011-10-17T13:00,13,train
6841,2011-10-17T14:00,14,train
6842,2011-10-17T15:00,15,train
6843,2011-10-17T16:00,16,train
6844,2011-10-17T17:00,17,train
6845,2011-10-17T18:00,18,train
6846,2011-10-17T19:00,19,train
6847,2011-10-17T20:00,20,train
6848,2011-10-17T21:00,21,train
6849,2011-10-17T22:00,22,train
6850,2011-10-17T23:00,23,train
6851,2011-10-18T00:00,0,train
6852,2011-10-18T01:00,1,train
6853,2011-10-18T02:00,2,train
6854,2011-10-18T03:00,3,train
6855,2011-10-18T04:00,4,train
6856,2011-10-18T05:00,5,train
6857,2011-10-18T06:00,6,train
6858,2011-10-18T07:00,7,train
6859,2011-10-18T08:00,8,train
6860,2011-10-18T09:00,9,train
6861,2011-10-18T10:00,10,train
6862,2011-10-18T11:00,11,train
6863,2011-10-18T12:00,12,train
6864,2011-10-18T13:00,13,train
6865,2011-10-18T14:00,14,train
6866,2011-10-18T15:00,15,train
6867,2011-10-18T16:00,16,train
6868,2011-10-18T17:00,17,train
6869,2011-10-18T18:00,18,train
6870,2011-10-18T19:00,19,train
6871,2011-10-18T20:00,20,train
6872,2011-10-18T21:00,21,train
6873,2011-10-18T22:00,22,train
6874,2011-10-18T23:00,23,train
6875,2011-10-19T00:00,0,train
6876,2011-10-19T01:00,1,train
6877,2011-10-19T02:00,2,train
6878,2011-10-19T04:00,4,train
6879,2011-10-19T05:00,5,train
6880,2011-10-19T06:00,6,train
6881,2011-10-19T07:00,7,train
6882,2011-10-19T08:00,8,train
6883,2011-10-19T09:00,9,train
6884,2011-10-19T10:00,10,train
6885,2011-10-19T11:00,11,train
6886,2011-10-19T12:00,12,train
6887,2011-10-19T13:00,13,train
6888,2011-10-19T14:00,14,train
6889,2011-10-19T15:00,15,train
6890,2011-10-19T16:00,16,train
6891,2011-10-19T17:00,17,train
6892,2011-10-19T18:00,18,train
6893,2011-10-19T19:00,19,train
6894,2011-10-19T20:00,20,train
6895,2011-10-19T21:00,21,train
6896,2011-10-19T22:00,22,train
6897,2011-10-19T23:00,23,train
6898,2011-10-20T00:00,0,train
6899,2011-10-20T01:00,1,train
6900,2011-10-20T02:00,2,train
6901,2011-10-20T03:00,3,train
6902,2011-10-20T04:00,4,train
6903,2011-10-20T05:00,5,train
6904,2011-10-20T06:00,6,train
6905,2011-10-20T07:00,7,train
6906,2011-10-20T08:00,8,train
6907,2011-10-20T09:00,9,train
6908,2011-10-20T10:00,10,train
6909,2011-10-20T11:00,11,train
6910,2011-10-20T12:00,12,train
6911,2011-10-20T13:00,13,train
6912,2011-10-20T14:00,14,train
6913,2011-10-20T15:00,15,train
6914,2011-10-20T16:00,16,train
6915,2011-10-20T17:00,17,train
6916,2011-10-20T18:00,18,train
6917,2011-10-20T19:00,19,train
6918,2011-10-20T20:00,20,train
6919,2011-10-20T21:00,21,train
6920,2011-10-20T22:00,22,train
6921,2011-10-20T23:00,23,train
6922,2011-10-21T00:00,0,train
6923,2011-10-21T01:00,1,train
6924,2011-10-21T02:00,2,train
6925,2011-10-21T03:00,3,train
6926,2011-10-21T04:00,4,train
6927,2011-10-21T05:00,5,train
6928,2011-10-21T06:00,6,train
6929,2011-10-21T07:00,7,train
6930,2011-10-21T08:00,8,train
6931,2011-10-21T09:00,9,train
6932,2011-10-21T10:00,10,train
6933,2011-10-21T11:00,11,train
6934,2011-10-21T12:00,12,train
6935,2011-10-21T13:00,13,train
6936,2011-10-21T14:00,14,train
6937,2011-10-21T15:00,15,train
6938,2011-10-21T16:00,16,train
6939,2011-10-21T17:00,17,train
6940,2011-10-21T18:00,18,train
6941,2011-10-21T19:00,19,train
6942,2011-10-21T20:00,20,train
6943,2011-10-21T21:00,21,train
6944,2011-10-21T22:00,22,train
6945,2011-10-21T23:00,23,train
6946,2011-10-22T00:00,0,train
6947,2011-10-22T01:00,1,train
6948,2011-10-22T02:00,2,train
6949,2011-10-22T03:00,3,train
6950,2011-10-22T04:00,4,train
6951,2011-10-22T05:00,5,train
6952,2011-10-22T06:00,6,train
6953,2011-10-22T07:00,7,train
6954,2011-10-22T08:00,8,train
6955,2011-10-22T09:00,9,train
6956,2011-10-22T10:00,10,train
6957,2011-10-22T11:00,11,train
6958,2011-10-22T12:00,12,train
6959,2011-10-22T13:00,13,train
6960,2011-10-22T14:00,14,train
6961,2011-10-22T15:00,15,train
6962,2011-10-22T16:00,16,train
6963,2011-10-22T17:00,17,train
6964,2011-10-22T18:00,18,train
6965,2011-10-22T19:00,19,train
6966,2011-10-22T20:00,20,train
6967,2011-10-22T21:00,21,train
6968,2011-10-22T22:00,22,train
6969,2011-10-22T23:00,23,train
6970,2011-10-23T00:00,0,train
6971,2011-10-23T01:00,1,train
6972,2011-10-23T02:00,2,train
6973,2011-10-23T03:00,3,train
6974,2011-10-23T04:00,4,train
6975,2011-10-23T05:00,5,train
6976,2011-10-23T06:00,6,train
6977,2011-10-23T07:00,7,train
6978,2011-10-23T08:00,8,train
6979,2011-10-23T09:00,9,train
6980,2011-10-23T10:00,10,train
6981,2011-10-23T11:00,11,train
6982,2011-10-23T12:00,12,train
6983,2011-10-23T13:00,13,train
6984,2011-10-23T14:00,14,train
6985,2011-10-23T15:00,15,train
6986,2011-10-23T16:00,16,train
6987,2011-10-23T17:00,17,train
6988,2011-10-23T18:00,18,train
6989,2011-10-23T19:00,19,train
6990,2011-10-23T20:00,20,train
6991,2011-10-23T21:00,21,train
6992,2011-10-23T22:00,22,train
6993,2011-10-23T23:00,23,train
6994,2011-10-24T00:00,0,train
6995,2011-10-24T01:00,1,train
6996,2011-10-24T02:00,2,train
6997,2011-10-24T03:00,3,train
6998,2011-10-24T04:00,4,train
6999,2011-10-24T05:00,5,train
7000,2011-10-24T06:00,6,train
7001,2011-10-24T07:00,7,train
7002,2011-10-24T08:00,8,train
7003,2011-10-24T09:00,9,train
7004,2011-10-24T10:00,10,train
7005,2011-10-24T11:00,11,train
7006,2011-10-24T12:00,12,train
7007,2011-10-24T13:00,13,train
7008,2011-10-24T14:00,14,train
7009,2011-10-24T15:00,15,train
7010,2011-10-24T16:00,16,train
7011,2011-10-24T17:00,17,train
7012,2011-10-24T18:00,18,train
7013,2011-10-24T19:00,19,train
7014,2011-10-24T20:00,20,train
7015,2011-10-24T21:00,21,train
7016,2011-10-24T22:00,22,train
7017,2011-10-24T23:00,23,train
7018,2011-10-25T00:00,0,train
7019,2011-10-25T01:00,1,train
7020,2011-10-25T02:00,2,train
7021,2011-10-25T03:00,3,train
7022,2011-10-25T04:00,4,train
7023,2011-10-25T05:00,5,train
7024,2011-10-25T06:00,6,train
7025,2011-10-25T07:00,7,train
7026,2011-10-25T08:00,8,train
7027,2011-10-25T09:00,9,train
7028,2011-10-25T10:00,10,train
7029,2011-10-25T11:00,11,train
7030,2011-10-25T12:00,12,train
7031,2011-10-25T13:00,13,train
7032,2011-10-25T14:00,14,train
7033,2011-10-25T15:00,15,train
7034,2011-10-25T16:00,16,train
7035,2011-10-25T17:00,17,train
7036,2011-10-25T18:00,18,train
7037,2011-10-25T19:00,19,train
7038,2011-10-25T20:00,20,train
7039,2011-10-25T21:00,21,train
7040,2011-10-25T22:00,22,train
7041,2011-10-25T23:00,23,train
7042,2011-10-26T00:00,0,train
7043,2011-10-26T01:00,1,train
7044,2011-10-26T02:00,2,train
7045,2011-10-26T03:00,3,train
7046,2011-10-26T04:00,4,train
7047,2011-10-26T05:00,5,train
7048,2011-10-26T06:00,6,train
7049,2011-10-26T07:00,7,train
7050,2011-10-26T08:00,8,train
7051,2011-10-26T09:00,9,train
7052,2011-10-26T10:00,10,train
7053,2011-10-26T11:00,11,train
7054,2011-10-26T12:00,12,train
7055,2011-10-26T13:00,13,train
7056,2011-10-26T14:00,14,train
7057,2011-10-26T15:00,15,train
7058,2011-10-26T16:00,16,train
7059,2011-10-26T17:00,17,train
7060,2011-10-26T18:00,18,train
7061,2011-10-26T19:00,19,train
7062,2011-10-26T20:00,20,train
7063,2011-10-26T21:00,21,train
7064,2011-10-26T22:00,22,train
7065,2011-10-26T23:00,23,train
7066,2011-10-27T00:00,0,train
7067,2011-10-27T01:00,1,train
7068,2011-10-27T02:00,2,train
7069,2011-10-27T03:00,3,train
7070,2011-10-27T04:00,4,train
7071,2011-10-27T05:00,5,train
7072,2011-10-27T06:00,6,train
7073,2011-10-27T07:00,7,train
7074,2011-10-27T08:00,8,train
7075,2011-10-27T09:00,9,train
7076,2011-10-27T10:00,10,train
7077,2011-10-27T11:00,11,train
7078,2011-10-27T12:00,12,train
7079,2011-10-27T13:00,13,train
7080,2011-10-27T14:00,14,train
7081,2011-10-27T15:00,15,train
7082,2011-10-27T16:00,16,train
7083,2011-10-27T17:00,17,train
7084,2011-10-27T18:00,18,train
7085,2011-10-27T19:00,19,train
7086,2011-10-27T20:00,20,train
7087,2011-10-27T21:00,21,train
7088,2011-10-27T22:00,22,train
7089,2011-10-27T23:00,23,train
7090,2011-10-28T00:00,0,train
7091,2011-10-28T01:00,1,train
7092,2011-10-28T02:00,2,train
7093,2011-10-28T03:00,3,train
7094,2011-10-28T04:00,4,train
7095,2011-10-28T05:00,5,train
7096,2011-10-28T06:00,6,train
7097,2011-10-28T07:00,7,train
7098,2011-10-28T08:00,8,train
7099,2011-10-28T09:00,9,train
7100,2011-10-28T10:00,10,train
7101,2011-10-28T11:00,11,train
7102,2011-10-28T12:00,12,train
7103,2011-10-28T13:00,13,train
7104,2011-10-28T14:00,14,train
7105,2011-10-28T15:00,15,train
7106,2011-10-28T16:00,16,train
7107,2011-10-28T17:00,17,train
7108,2011-10-28T18:00,18,train
7109,2011-10-28T19:00,19,train
7110,2011-10-28T20:00,20,train
7111,2011-10-28T21:00,21,train
7112,2011-10-28T22:00,22,train
7113,2011-10-28T23:00,23,train
7114,2011-10-29T00:00,0,train
7115,2011-10-29T01:00,1,train
7116,2011-10-29T02:00,2,train
7117,2011-10-29T03:00,3,train
7118,2011-10-29T04:00,4,train
7119,2011-10-29T05:00,5,train
7120,2011-10-29T06:00,6,train
7121,2011-10-29T07:00,7,train
7122,2011-10-29T08:00,8,train
7123,2011-10-29T09:00,9,train
7124,2011-10-29T10:00,10,train
7125,2011-10-29T11:00,11,train
7126,2011-10-29T12:00,12,train
7127,2011-10-29T13:00,13,train
7128,2011-10-29T14:00,14,train
7129,2011-10-29T15:00,15,train
7130,2011-10-29T16:00,16,train
7131,2011-10-29T17:00,17,train
7132,2011-10-29T18:00,18,train
7133,2011-10-29T19:00,19,train
7134,2011-10-29T20:00,20,train
7135,2011-10-29T21:00,21,train
7136,2011-10-29T22:00,22,train
7137,2011-10-29T23:00,23,train
7138,2011-10-30T00:00,0,train
7139,2011-10-30T01:00,1,train
7140,2011-10-30T02:00,2,train
7141,2011-10-30T03:00,3,train
7142,2011-10-30T04:00,4,train
7143,2011-10-30T05:00,5,train
7144,2011-10-30T06:00,6,train
7145,2011-10-30T07:00,7,train
7146,2011-10-30T08:00,8,train
7147,2011-10-30T09:00,9,train
7148,2011-10-30T10:00,10,train
7149,2011-10-30T11:00,11,train
7150,2011-10-30T12:00,12,train
7151,2011-10-30T13:00,13,train
7152,2011-10-30T14:00,14,train
7153,2011-10-30T15:00,15,train
7154,2011-10-30T16:00,16,train
7155,2011-10-30T17:00,17,train
7156,2011-10-30T18:00,18,train
7157,2011-10-30T19:00,19,train
7158,2011-10-30T20:00,20,train
7159,2011-10-30T21:00,21,train
7160,2011-10-30T22:00,22,train
7161,2011-10-30T23:00,23,train
7162,2011-10-31T00:00,0,train
7163,2011-10-31T01:00,1,train
7164,2011-10-31T02:00,2,train
7165,2011-10-31T03:00,3,train
7166,2011-10-31T04:00,4,train
7167,2011-10-31T05:00,5,train
7168,2011-10-31T06:00,6,train
7169,2011-10-31T07:00,7,train
7170,2011-10-31T08:00,8,train
7171,2011-10-31T09:00,9,train
7172,2011-10-31T10:00,10,train
7173,2011-10-31T11:00,11,train
7174,2011-10-31T12:00,12,train
7175,2011-10-31T13:00,13,train
7176,2011-10-31T14:00,14,train
7177,2011-10-31T15:00,15,train
7178,2011-10-31T16:00,16,train
7179,2011-10-31T17:00,17,train
7180,2011-10-31T18:00,18,train
7181,2011-10-31T19:00,19,train
7182,2011-10-31T20:00,20,train
7183,2011-10-31T21:00,21,train
7184,2011-10-31T22:00,22,train
7185,2011-10-31T23:00,23,train
7186,2011-11-01T00:00,0,train
7187,2011-11-01T01:00,1,train
7188,2011-11-01T02:00,2,train
7189,2011-11-01T03:00,3,train
7190,2011-11-01T04:00,4,train
7191,2011-11-01T05:00,5,train
7192,2011-11-01T06:00,6,train
7193,2011-11-01T07:00,7,train
7194,2011-11-01T08:00,8,train
7195,2011-11-01T09:00,9,train
7196,2011-11-01T10:00,10,train
7197,2011-11-01T11:00,11,train
7198,2011-11-01T12:00,12,train
7199,2011-11-01T13:00,13,train
7200,2011-11-01T14:00,14,train
7201,2011-11-01T15:00,15,train
7202,2011-11-01T16:00,16,train
7203,2011-11-01T17:00,17,train
7204,2011-11-01T18:00,18,train
7205,2011-11-01T19:00,19,train
7206,2011-11-01T20:00,20,train
7207,2011-11-01T21:00,21,train
7208,2011-11-01T22:00,22,train
7209,2011-11-01T23:00,23,train
7210,2011-11-02T00:00,0,train
7211,2011-11-02T01:00,1,train
7212,2011-11-02T02:00,2,train
7213,2011-11-02T03:00,3,train
7214,2011-11-02T04:00,4,train
7215,2011-11-02T05:00,5,train
7216,2011-11-02T06:00,6,train
7217,2011-11-02T07:00,7,train
7218,2011-11-02T08:00,8,train
7219,2011-11-02T09:00,9,train
7220,2011-11-02T10:00,10,train
7221,2011-11-02T11:00,11,train
7222,2011-11-02T12:00,12,train
7223,2011-11-02T13:00,13,train
7224,2011-11-02T14:00,14,train
7225,2011-11-02T15:00,15,train
7226,2011-11-02T16:00,16,train
7227,2011-11-02T17:00,17,train
7228,2011-11-02T18:00,18,train
7229,2011-11-02T19:00,19,train
7230,2011-11-02T20:00,20,train
7231,2011-11-02T21:00,21,train
7232,2011-11-02T22:00,22,train
7233,2011-11-02T23:00,23,train
7234,2011-11-03T00:00,0,train
7235,2011-11-03T01:00,1,train
7236,2011-11-03T02:00,2,train
7237,2011-11-03T03:00,3,train
7238,2011-11-03T04:00,4,train
7239,2011-11-03T05:00,5,train
7240,2011-11-03T06:00,6,train
7241,2011-11-03T07:00,7,train
7242,2011-11-03T08:00,8,train
7243,2011-11-03T09:00,9,train
7244,2011-11-03T10:00,10,train
7245,2011-11-03T11:00,11,train
7246,2011-11-03T12:00,12,train
7247,2011-11-03T13:00,13,train
7248,2011-11-03T14:00,14,train
7249,2011-11-03T15:00,15,train
7250,2011-11-03T16:00,16,train
7251,2011-11-03T17:00,17,train
7252,2011-11-03T18:00,18,train
7253,2011-11-03T19:00,19,train
7254,2011-11-03T20:00,20,train
7255,2011-11-03T21:00,21,train
7256,2011-11-03T22:00,22,train
7257,2011-11-03T23:00,23,train
7258,2011-11-04T00:00,0,train
7259,2011-11-04T01:00,1,train
7260,2011-11-04T02:00,2,train
7261,2011-11-04T03:00,3,train
7262,2011-11-04T04:00,4,train
7263,2011-11-04T05:00,5,train
7264,2011-11-04T06:00,6,train
7265,2011-11-04T07:00,7,train
7266,2011-11-04T08:00,8,train
7267,2011-11-04T09:00,9,train
7268,2011-11-04T10:00,10,train
7269,2011-11-04T11:00,11,train
7270,2011-11-04T12:00,12,train
7271,2011-11-04T13:00,13,train
7272,2011-11-04T14:00,14,train
7273,2011-11-04T15:00,15,train
7274,2011-11-04T16:00,16,train
7275,2011-11-04T17:00,17,train
7276,2011-11-04T18:00,18,train
7277,2011-11-04T19:00,19,train
7278,2011-11-04T20:00,20,train
7279,2011-11-04T21:00,21,train
7280,2011-11-04T22:00,22,train
7281,2011-11-04T23:00,23,train
7282,2011-11-05T00:00,0,train
7283,2011-11-05T01:00,1,train
7284,2011-11-05T02:00,2,train
7285,2011-11-05T03:00,3,train
7286,2011-11-05T04:00,4,train
7287,2011-11-05T05:00,5,train
7288,2011-11-05T06:00,6,train
7289,2011-11-05T07:00,7,train
7290,2011-11-05T08:00,8,train
7291,2011-11-05T09:00,9,train
7292,2011-11-05T10:00,10,train
7293,2011-11-05T11:00,11,train
7294,2011-11-05T12:00,12,train
7295,2011-11-05T13:00,13,train
7296,2011-11-05T14:00,14,train
7297,2011-11-05T15:00,15,train
7298,2011-11-05T16:00,16,train
7299,2011-11-05T17:00,17,train
7300,2011-11-05T18:00,18,train
7301,2011-11-05T19:00,19,train
7302,2011-11-05T20:00,20,train
7303,2011-11-05T21:00,21,train
7304,2011-11-05T22:00,22,train
7305,2011-11-05T23:00,23,train
7306,2011-11-06T00:00,0,train
7307,2011-11-06T01:00,1,train
7308,2011-11-06T02:00,2,train
7309,2011-11-06T03:00,3,train
7310,2011-11-06T04:00,4,train
7311,2011-11-06T05:00,5,train
7312,2011-11-06T06:00,6,train
7313,2011-11-06T07:00,7,train
7314,2011-11-06T08:00,8,train
7315,2011-11-06T09:00,9,train
7316,2011-11-06T10:00,10,train
7317,2011-11-06T11:00,11,train
7318,2011-11-06T12:00,12,train
7319,2011-11-06T13:00,13,train
7320,2011-11-06T14:00,14,train
7321,2011-11-06T15:00,15,train
7322,2011-11-06T16:00,16,train
7323,2011-11-06T17:00,17,train
7324,2011-11-06T18:00,18,train
7325,2011-11-06T19:00,19,train
7326,2011-11-06T20:00,20,train
7327,2011-11-06T21:00,21,train
7328,2011-11-06T22:00,22,train
7329,2011-11-06T23:00,23,train
7330,2011-11-07T00:00,0,train
7331,2011-11-07T01:00,1,train
7332,2011-11-07T02:00,2,train
7333,2011-11-07T03:00,3,train
7334,2011-11-07T04:00,4,train
7335,2011-11-07T05:00,5,train
7336,2011-11-07T06:00,6,train
7337,2011-11-07T07:00,7,train
7338,2011-11-07T08:00,8,train
7339,2011-11-07T09:00,9,train
7340,2011-11-07T10:00,10,train
7341,2011-11-07T11:00,11,train
7342,2011-11-07T12:00,12,train
7343,2011-11-07T13:00,13,train
7344,2011-11-07T14:00,14,train
7345,2011-11-07T15:00,15,train
7346,2011-11-07T16:00,16,train
7347,2011-11-07T17:00,17,train
7348,2011-11-07T18:00,18,train
7349,2011-11-07T19:00,19,train
7350,2011-11-07T20:00,20,train
7351,2011-11-07T21:00,21,train
7352,2011-11-07T22:00,22,train
7353,2011-11-07T23:00,23,train
7354,2011-11-08T00:00,0,train
7355,2011-11-08T01:00,1,train
7356,2011-11-08T02:00,2,train
7357,2011-11-08T03:00,3,train
7358,2011-11-08T04:00,4,train
7359,2011-11-08T05:00,5,train
7360,2011-11-08T06:00,6,train
7361,2011-11-08T07:00,7,train
7362,2011-11-08T08:00,8,train
7363,2011-11-08T09:00,9,train
7364,2011-11-08T10:00,10,train
7365,2011-11-08T11:00,11,train
7366,2011-11-08T12:00,12,train
7367,2011-11-08T13:00,13,train
7368,2011-11-08T14:00,14,train
7369,2011-11-08T15:00,15,train
7370,2011-11-08T16:00,16,train
7371,2011-11-08T17:00,17,train
7372,2011-11-08T18:00,18,train
7373,2011-11-08T19:00,19,train
7374,2011-11-08T20:00,20,train
7375,2011-11-08T21:00,21,train
7376,2011-11-08T22:00,22,train
7377,2011-11-08T23:00,23,train
7378,2011-11-09T00:00,0,train
7379,2011-11-09T01:00,1,train
7380,2011-11-09T02:00,2,train
7381,2011-11-09T03:00,3,train
7382,2011-11-09T04:00,4,train
7383,2011-11-09T05:00,5,train
7384,2011-11-09T06:00,6,train
7385,2011-11-09T07:00,7,train
7386,2011-11-09T08:00,8,train
7387,2011-11-09T09:00,9,train
7388,2011-11-09T10:00,10,train
7389,2011-11-09T11:00,11,train
7390,2011-11-09T12:00,12,train
7391,2011-11-09T13:00,13,train
7392,2011-11-09T14:00,14,train
7393,2011-11-09T15:00,15,train
7394,2011-11-09T16:00,16,train
7395,2011-11-09T17:00,17,train
7396,2011-11-09T18:00,18,train
7397,2011-11-09T19:00,19,train
7398,2011-11-09T20:00,20,train
7399,2011-11-09T21:00,21,train
7400,2011-11-09T22:00,22,train
7401,2011-11-09T23:00,23,train
7402,2011-11-10T00:00,0,train
7403,2011-11-10T01:00,1,train
7404,2011-11-10T02:00,2,train
7405,2011-11-10T03:00,3,train
7406,2011-11-10T04:00,4,train
7407,2011-11-10T05:00,5,train
7408,2011-11-10T06:00,6,train
7409,2011-11-10T07:00,7,train
7410,2011-11-10T08:00,8,train
7411,2011-11-10T09:00,9,train
7412,2011-11-10T10:00,10,train
7413,2011-11-10T11:00,11,train
7414,2011-11-10T12:00,12,train
7415,2011-11-10T13:00,13,train
7416,2011-11-10T14:00,14,train
7417,2011-11-10T15:00,15,train
7418,2011-11-10T16:00,16,train
7419,2011-11-10T17:00,17,train
7420,2011-11-10T18:00,18,train
7421,2011-11-10T19:00,19,train
7422,2011-11-10T20:00,20,train
7423,2011-11-10T21:00,21,train
7424,2011-11-10T22:00,22,train
7425,2011-11-10T23:00,23,train
7426,2011-11-11T00:00,0,train
7427,2011-11-11T01:00,1,train
7428,2011-11-11T02:00,2,train
7429,2011-11-11T03:00,3,train
7430,2011-11-11T04:00,4,train
7431,2011-11-11T05:00,5,train
7432,2011-11-11T06:00,6,train
7433,2011-11-11T07:00,7,train
7434,2011-11-11T08:00,8,train
7435,2011-11-11T09:00,9,train
7436,2011-11-11T10:00,10,train
7437,2011-11-11T11:00,11,train
7438,2011-11-11T12:00,12,train
7439,2011-11-11T13:00,13,train
7440,2011-11-11T14:00,14,train
7441,2011-11-11T15:00,15,train
7442,2011-11-11T16:00,16,train
7443,2011-11-11T17:00,17,train
7444,2011-11-11T18:00,18,train
7445,2011-11-11T19:00,19,train
7446,2011-11-11T20:00,20,train
7447,2011-11-11T21:00,21,train
7448,2011-11-11T22:00,22,train
7449,2011-11-11T23:00,23,train
7450,2011-11-12T00:00,0,train
7451,2011-11-12T01:00,1,train
7452,2011-11-12T02:00,2,train
7453,2011-11-12T03:00,3,train
7454,2011-11-12T04:00,4,train
7455,2011-11-12T05:00,5,train
7456,2011-11-12T06:00,6,train
7457,2011-11-12T07:00,7,train
7458,2011-11-12T08:00,8,train
7459,2011-11-12T09:00,9,train
7460,2011-11-12T10:00,10,train
7461,2011-11-12T11:00,11,train
7462,2011-11-12T12:00,12,train
7463,2011-11-12T13:00,13,train
7464,2011-11-12T14:00,14,train
7465,2011-11-12T15:00,15,train
7466,2011-11-12T16:00,16,train
7467,2011-11-12T17:00,17,train
7468,2011-11-12T18:00,18,train
7469,2011-11-12T19:00,19,train
7470,2011-11-12T20:00,20,train
7471,2011-11-12T21:00,21,train
7472,2011-11-12T22:00,22,train
7473,2011-11-12T23:00,23,train
7474,2011-11-13T00:00,0,train
7475,2011-11-13T01:00,1,train
7476,2011-11-13T02:00,2,train
7477,2011-11-13T03:00,3,train
7478,2011-11-13T04:00,4,train
7479,2011-11-13T05:00,5,train
7480,2011-11-13T06:00,6,train
7481,2011-11-13T07:00,7,train
7482,2011-11-13T08:00,8,train
7483,2011-11-13T09:00,9,train
7484,2011-11-13T10:00,10,train
7485,2011-11-13T11:00,11,train
7486,2011-11-13T12:00,12,train
7487,2011-11-13T13:00,13,train
7488,2011-11-13T14:00,14,train
7489,2011-11-13T15:00,15,train
7490,2011-11-13T16:00,16,train
7491,2011-11-13T17:00,17,train
7492,2011-11-13T18:00,18,train
7493,2011-11-13T19:00,19,train
7494,2011-11-13T20:00,20,train
7495,2011-11-13T21:00,21,train
7496,2011-11-13T22:00,22,train
7497,2011-11-13T23:00,23,train
7498,2011-11-14T00:00,0,train
7499,2011-11-14T01:00,1,train
7500,2011-11-14T02:00,2,train
7501,2011-11-14T03:00,3,train
7502,2011-11-14T04:00,4,train
7503,2011-11-14T05:00,5,train
7504,2011-11-14T06:00,6,train
7505,2011-11-14T07:00,7,train
7506,2011-11-14T08:00,8,train
7507,2011-11-14T09:00,9,train
7508,2011-11-14T10:00,10,train
7509,2011-11-14T11:00,11,train
7510,2011-11-14T12:00,12,train
7511,2011-11-14T13:00,13,train
7512,2011-11-14T14:00,14,train
7513,2011-11-14T15:00,15,train
7514,2011-11-14T16:00,16,train
7515,2011-11-14T17:00,17,train
7516,2011-11-14T18:00,18,train
7517,2011-11-14T19:00,19,train
7518,2011-11-14T20:00,20,train
7519,2011-11-14T21:00,21,train
7520,2011-11-14T22:00,22,train
7521,2011-11-14T23:00,23,train
7522,2011-11-15T00:00,0,train
7523,2011-11-15T01:00,1,train
7524,2011-11-15T02:00,2,train
7525,2011-11-15T03:00,3,train
7526,2011-11-15T04:00,4,train
7527,2011-11-15T05:00,5,train
7528,2011-11-15T06:00,6,train
7529,2011-11-15T07:00,7,train
7530,2011-11-15T08:00,8,train
7531,2011-11-15T09:00,9,train
7532,2011-11-15T10:00,10,train
7533,2011-11-15T11:00,11,train
7534,2011-11-15T12:00,12,train
7535,2011-11-15T13:00,13,train
7536,2011-11-15T14:00,14,train
7537,2011-11-15T15:00,15,train
7538,2011-11-15T16:00,16,train
7539,2011-11-15T17:00,17,train
7540,2011-11-15T18:00,18,train
7541,2011-11-15T19:00,19,train
7542,2011-11-15T20:00,20,train
7543,2011-11-15T21:00,21,train
7544,2011-11-15T22:00,22,train
7545,2011-11-15T23:00,23,train
7546,2011-11-16T00:00,0,train
7547,2011-11-16T01:00,1,train
7548,2011-11-16T02:00,2,train
7549,2011-11-16T03:00,3,train
7550,2011-11-16T04:00,4,train
7551,2011-11-16T05:00,5,train
7552,2011-11-16T06:00,6,train
7553,2011-11-16T07:00,7,train
7554,2011-11-16T08:00,8,train
7555,2011-11-16T09:00,9,train
7556,2011-11-16T10:00,10,train
7557,2011-11-16T11:00,11,train
7558,2011-11-16T12:00,12,train
7559,2011-11-16T13:00,13,train
7560,2011-11-16T14:00,14,train
7561,2011-11-16T15:00,15,train
7562,2011-11-16T16:00,16,train
7563,2011-11-16T17:00,17,train
7564,2011-11-16T18:00,18,train
7565,2011-11-16T19:00,19,train
7566,2011-11-16T20:00,20,train
7567,2011-11-16T21:00,21,train
7568,2011-11-16T22:00,22,train
7569,2011-11-16T23:00,23,train
7570,2011-11-17T00:00,0,train
7571,2011-11-17T01:00,1,train
7572,2011-11-17T02:00,2,train
7573,2011-11-17T03:00,3,train
7574,2011-11-17T04:00,4,train
7575,2011-11-17T05:00,5,train
7576,2011-11-17T06:00,6,train
7577,2011-11-17T07:00,7,train
7578,2011-11-17T08:00,8,train
7579,2011-11-17T09:00,9,train
7580,2011-11-17T10:00,10,train
7581,2011-11-17T11:00,11,train
7582,2011-11-17T12:00,12,train
7583,2011-11-17T13:00,13,train
7584,2011-11-17T14:00,14,train
7585,2011-11-17T15:00,15,train
7586,2011-11-17T16:00,16,train
7587,2011-11-17T17:00,17,train
7588,2011-11-17T18:00,18,train
7589,2011-11-17T19:00,19,train
7590,2011-11-17T20:00,20,train
7591,2011-11-17T21:00,21,train
7592,2011-11-17T22:00,22,train
7593,2011-11-17T23:00,23,train
7594,2011-11-18T00:00,0,train
7595,2011-11-18T01:00,1,train
7596,2011-11-18T02:00,2,train
7597,2011-11-18T03:00,3,train
7598,2011-11-18T04:00,4,train
7599,2011-11-18T05:00,5,train
7600,2011-11-18T06:00,6,train
7601,2011-11-18T07:00,7,train
7602,2011-11-18T08:00,8,train
7603,2011-11-18T09:00,9,train
7604,2011-11-18T10:00,10,train
7605,2011-11-18T11:00,11,train
7606,2011-11-18T12:00,12,train
7607,2011-11-18T13:00,13,train
7608,2011-11-18T14:00,14,train
7609,2011-11-18T15:00,15,train
7610,2011-11-18T16:00,16,train
7611,2011-11-18T17:00,17,train
7612,2011-11-18T18:00,18,train
7613,2011-11-18T19:00,19,train
7614,2011-11-18T20:00,20,train
7615,2011-11-18T21:00,21,train
7616,2011-11-18T22:00,22,train
7617,2011-11-18T23:00,23,train
7618,2011-11-19T00:00,0,train
7619,2011-11-19T01:00,1,train
7620,2011-11-19T02:00,2,train
7621,2011-11-19T03:00,3,train
7622,2011-11-19T04:00,4,train
7623,2011-11-19T05:00,5,train
7624,2011-11-19T06:00,6,train
7625,2011-11-19T07:00,7,train
7626,2011-11-19T08:00,8,train
7627,2011-11-19T09:00,9,train
7628,2011-11-19T10:00,10,train
7629,2011-11-19T11:00,11,train
7630,2011-11-19T12:00,12,train
7631,2011-11-19T13:00,13,train
7632,2011-11-19T14:00,14,train
7633,2011-11-19T15:00,15,train
7634,2011-11-19T16:00,16,train
7635,2011-11-19T17:00,17,train
7636,2011-11-19T18:00,18,train
7637,2011-11-19T19:00,19,train
7638,2011-11-19T20:00,20,train
7639,2011-11-19T21:00,21,train
7640,2011-11-19T22:00,22,train
7641,2011-11-19T23:00,23,train
7642,2011-11-20T00:00,0,train
7643,2011-11-20T01:00,1,train
7644,2011-11-20T02:00,2,train
7645,2011-11-20T03:00,3,train
7646,2011-11-20T04:00,4,train
7647,2011-11-20T05:00,5,train
7648,2011-11-20T06:00,6,train
7649,2011-11-20T07:00,7,train
7650,2011-11-20T08:00,8,train
7651,2011-11-20T09:00,9,train
7652,2011-11-20T10:00,10,train
7653,2011-11-20T11:00,11,train
7654,2011-11-20T12:00,12,train
7655,2011-11-20T13:00,13,train
7656,2011-11-20T14:00,14,train
7657,2011-11-20T15:00,15,train
7658,2011-11-20T16:00,16,train
7659,2011-11-20T17:00,17,train
7660,2011-11-20T18:00,18,train
7661,2011-11-20T19:00,19,train
7662,2011-11-20T20:00,20,train
7663,2011-11-20T21:00,21,train
7664,2011-11-20T22:00,22,train
7665,2011-11-20T23:00,23,train
7666,2011-11-21T00:00,0,train
7667,2011-11-21T01:00,1,train
7668,2011-11-21T02:00,2,train
7669,2011-11-21T03:00,3,train
7670,2011-11-21T04:00,4,train
7671,2011-11-21T05:00,5,train
7672,2011-11-21T06:00,6,train
7673,2011-11-21T07:00,7,train
7674,2011-11-21T08:00,8,train
7675,2011-11-21T09:00,9,train
7676,2011-11-21T10:00,10,train
7677,2011-11-21T11:00,11,train
7678,2011-11-21T12:00,12,train
7679,2011-11-21T13:00,13,train
7680,2011-11-21T14:00,14,train
7681,2011-11-21T15:00,15,train
7682,2011-11-21T16:00,16,train
7683,2011-11-21T17:00,17,train
7684,2011-11-21T18:00,18,train
7685,2011-11-21T19:00,19,train
7686,2011-11-21T20:00,20,train
7687,2011-11-21T21:00,21,train
7688,2011-11-21T22:00,22,train
7689,2011-11-21T23:00,23,train
7690,2011-11-22T00:00,0,train
7691,2011-11-22T01:00,1,train
7692,2011-11-22T02:00,2,train
7693,2011-11-22T03:00,3,train
7694,2011-11-22T04:00,4,train
7695,2011-11-22T05:00,5,train
7696,2011-11-22T06:00,6,train
7697,2011-11-22T07:00,7,train
7698,2011-11-22T08:00,8,train
7699,2011-11-22T09:00,9,train
7700,2011-11-22T10:00,10,train
7701,2011-11-22T11:00,11,train
7702,2011-11-22T12:00,12,train
7703,2011-11-22T13:00,13,train
7704,2011-11-22T14:00,14,train
7705,2011-11-22T15:00,15,train
7706,2011-11-22T16:00,16,train
7707,2011-11-22T17:00,17,train
7708,2011-11-22T18:00,18,train
7709,2011-11-22T19:00,19,train
7710,2011-11-22T20:00,20,train
7711,2011-11-22T21:00,21,train
7712,2011-11-22T22:00,22,train
7713,2011-11-22T23:00,23,train
7714,2011-11-23T00:00,0,train
7715,2011-11-23T01:00,1,train
7716,2011-11-23T02:00,2,train
7717,2011-11-23T03:00,3,train
7718,2011-11-23T04:00,4,train
7719,2011-11-23T05:00,5,train
7720,2011-11-23T06:00,6,train
7721,2011-11-23T07:00,7,train
7722,2011-11-23T08:00,8,train
7723,2011-11-23T09:00,9,train
7724,2011-11-23T10:00,10,train
7725,2011-11-23T11:00,11,train
7726,2011-11-23T12:00,12,train
7727,2011-11-23T13:00,13,train
7728,2011-11-23T14:00,14,train
7729,2011-11-23T15:00,15,train
7730,2011-11-23T16:00,16,train
7731,2011-11-23T17:00,17,train
7732,2011-11-23T18:00,18,train
7733,2011-11-23T19:00,19,train
7734,2011-11-23T20:00,20,train
7735,2011-11-23T21:00,21,train
7736,2011-11-23T22:00,22,train
7737,2011-11-23T23:00,23,train
7738,2011-11-24T00:00,0,train
7739,2011-11-24T01:00,1,train
7740,2011-11-24T02:00,2,train
7741,2011-11-24T03:00,3,train
7742,2011-11-24T04:00,4,train
7743,2011-11-24T05:00,5,train
7744,2011-11-24T06:00,6,train
7745,2011-11-24T07:00,7,train
7746,2011-11-24T08:00,8,train
7747,2011-11-24T09:00,9,train
7748,2011-11-24T10:00,10,train
7749,2011-11-24T11:00,11,train
7750,2011-11-24T12:00,12,train
7751,2011-11-24T13:00,13,train
7752,2011-11-24T14:00,14,train
7753,2011-11-24T15:00,15,train
7754,2011-11-24T16:00,16,train
7755,2011-11-24T17:00,17,train
7756,2011-11-24T18:00,18,train
7757,2011-11-24T19:00,19,train
7758,2011-11-24T20:00,20,train
7759,2011-11-24T21:00,21,train
7760,2011-11-24T22:00,22,train
7761,2011-11-24T23:00,23,train
7762,2011-11-25T00:00,0,train
7763,2011-11-25T01:00,1,train
7764,2011-11-25T02:00,2,train
7765,2011-11-25T03:00,3,train
7766,2011-11-25T04:00,4,train
7767,2011-11-25T05:00,5,train
7768,2011-11-25T06:00,6,train
7769,2011-11-25T07:00,7,train
7770,2011-11-25T08:00,8,train
7771,2011-11-25T09:00,9,train
7772,2011-11-25T10:00,10,train
7773,2011-11-25T11:00,11,train
7774,2011-11-25T12:00,12,train
7775,2011-11-25T13:00,13,train
7776,2011-11-25T14:00,14,train
7777,2011-11-25T15:00,15,train
7778,2011-11-25T16:00,16,train
7779,2011-11-25T17:00,17,train
7780,2011-11-25T18:00,18,train
7781,2011-11-25T19:00,19,train
7782,2011-11-25T20:00,20,train
7783,2011-11-25T21:00,21,train
7784,2011-11-25T22:00,22,train
7785,2011-11-25T23:00,23,train
7786,2011-11-26T00:00,0,train
7787,2011-11-26T01:00,1,train
7788,2011-11-26T02:00,2,train
7789,2011-11-26T03:00,3,train
7790,2011-11-26T04:00,4,train
7791,2011-11-26T05:00,5,train
7792,2011-11-26T06:00,6,train
7793,2011-11-26T07:00,7,train
7794,2011-11-26T08:00,8,train
7795,2011-11-26T09:00,9,train
7796,2011-11-26T10:00,10,train
7797,2011-11-26T11:00,11,train
7798,2011-11-26T12:00,12,train
7799,2011-11-26T13:00,13,train
7800,2011-11-26T14:00,14,train
7801,2011-11-26T15:00,15,train
7802,2011-11-26T16:00,16,train
7803,2011-11-26T17:00,17,train
7804,2011-11-26T18:00,18,train
7805,2011-11-26T19:00,19,train
7806,2011-11-26T20:00,20,train
7807,2011-11-26T21:00,21,train
7808,2011-11-26T22:00,22,train
7809,2011-11-26T23:00,23,train
7810,2011-11-27T00:00,0,train
7811,2011-11-27T01:00,1,train
7812,2011-11-27T02:00,2,train
7813,2011-11-27T03:00,3,train
7814,2011-11-27T04:00,4,train
7815,2011-11-27T05:00,5,train
7816,2011-11-27T06:00,6,train
7817,2011-11-27T07:00,7,train
7818,2011-11-27T08:00,8,train
7819,2011-11-27T09:00,9,train
7820,2011-11-27T10:00,10,train
7821,2011-11-27T11:00,11,train
7822,2011-11-27T12:00,12,train
7823,2011-11-27T13:00,13,train
7824,2011-11-27T14:00,14,train
7825,2011-11-27T15:00,15,train
7826,2011-11-27T16:00,16,train
7827,2011-11-27T17:00,17,train
7828,2011-11-27T18:00,18,train
7829,2011-11-27T19:00,19,train
7830,2011-11-27T20:00,20,train
7831,2011-11-27T21:00,21,train
7832,2011-11-27T22:00,22,train
7833,2011-11-27T23:00,23,train
7834,2011-11-28T00:00,0,train
7835,2011-11-28T01:00,1,train
7836,2011-11-28T03:00,3,train
7837,2011-11-28T04:00,4,train
7838,2011-11-28T05:00,5,train
7839,2011-11-28T06:00,6,train
7840,2011-11-28T07:00,7,train
7841,2011-11-28T08:00,8,train
7842,2011-11-28T09:00,9,train
7843,2011-11-28T10:00,10,train
7844,2011-11-28T11:00,11,train
7845,2011-11-28T12:00,12,train
7846,2011-11-28T13:00,13,train
7847,2011-11-28T14:00,14,train
7848,2011-11-28T15:00,15,train
7849,2011-11-28T16:00,16,train
7850,2011-11-28T17:00,17,train
7851,2011-11-28T18:00,18,train
7852,2011-11-28T19:00,19,train
7853,2011-11-28T20:00,20,train
7854,2011-11-28T21:00,21,train
7855,2011-11-28T22:00,22,train
7856,2011-11-28T23:00,23,train
7857,2011-11-29T00:00,0,train
7858,2011-11-29T01:00,1,train
7859,2011-11-29T02:00,2,train
7860,2011-11-29T03:00,3,train
7861,2011-11-29T04:00,4,train
7862,2011-11-29T05:00,5,train
7863,2011-11-29T06:00,6,train
7864,2011-11-29T07:00,7,train
7865,2011-11-29T08:00,8,train
7866,2011-11-29T09:00,9,train
7867,2011-11-29T10:00,10,train
7868,2011-11-29T11:00,11,train
7869,2011-11-29T12:00,12,train
7870,2011-11-29T13:00,13,train
7871,2011-11-29T14:00,14,train
7872,2011-11-29T15:00,15,train
7873,2011-11-29T16:00,16,train
7874,2011-11-29T17:00,17,train
7875,2011-11-29T18:00,18,train
7876,2011-11-29T19:00,19,train
7877,2011-11-29T20:00,20,train
7878,2011-11-29T21:00,21,train
7879,2011-11-29T22:00,22,train
7880,2011-11-29T23:00,23,train
7881,2011-11-30T00:00,0,train
7882,2011-11-30T01:00,1,train
7883,2011-11-30T02:00,2,train
7884,2011-11-30T03:00,3,train
7885,2011-11-30T04:00,4,train
7886,2011-11-30T05:00,5,train
7887,2011-11-30T06:00,6,train
7888,2011-11-30T07:00,7,train
7889,2011-11-30T08:00,8,train
7890,2011-11-30T09:00,9,train
7891,2011-11-30T10:00,10,train
7892,2011-11-30T11:00,11,train
7893,2011-11-30T12:00,12,train
7894,2011-11-30T13:00,13,train
7895,2011-11-30T14:00,14,train
7896,2011-11-30T15:00,15,train
7897,2011-11-30T16:00,16,train
7898,2011-11-30T17:00,17,train
7899,2011-11-30T18:00,18,train
7900,2011-11-30T19:00,19,train
7901,2011-11-30T20:00,20,train
7902,2011-11-30T21:00,21,train
7903,2011-11-30T22:00,22,train
7904,2011-11-30T23:00,23,train
7905,2011-12-01T00:00,0,train
7906,2011-12-01T01:00,1,train
7907,2011-12-01T02:00,2,train
7908,2011-12-01T03:00,3,train
7909,2011-12-01T04:00,4,train
7910,2011-12-01T05:00,5,train
7911,2011-12-01T06:00,6,train
7912,2011-12-01T07:00,7,train
7913,2011-12-01T08:00,8,train
7914,2011-12-01T09:00,9,train
7915,2011-12-01T10:00,10,train
7916,2011-12-01T11:00,11,train
7917,2011-12-01T12:00,12,train
7918,2011-12-01T13:00,13,train
7919,2011-12-01T14:00,14,train
7920,2011-12-01T15:00,15,train
7921,2011-12-01T16:00,16,train
7922,2011-12-01T17:00,17,train
7923,2011-12-01T18:00,18,train
7924,2011-12-01T19:00,19,train
7925,2011-12-01T20:00,20,train
7926,2011-12-01T21:00,21,train
7927,2011-12-01T22:00,22,train
7928,2011-12-01T23:00,23,train
7929,2011-12-02T00:00,0,train
7930,2011-12-02T01:00,1,train
7931,2011-12-02T02:00,2,train
7932,2011-12-02T03:00,3,train
7933,2011-12-02T04:00,4,train
7934,2011-12-02T05:00,5,train
7935,2011-12-02T06:00,6,train
7936,2011-12-02T07:00,7,train
7937,2011-12-02T08:00,8,train
7938,2011-12-02T09:00,9,train
7939,2011-12-02T10:00,10,train
7940,2011-12-02T11:00,11,train
7941,2011-12-02T12:00,12,train
7942,2011-12-02T13:00,13,train
7943,2011-12-02T14:00,14,train
7944,2011-12-02T15:00,15,train
7945,2011-12-02T16:00,16,train
7946,2011-12-02T17:00,17,train
7947,2011-12-02T18:00,18,train
7948,2011-12-02T19:00,19,train
7949,2011-12-02T20:00,20,train
7950,2011-12-02T21:00,21,train
7951,2011-12-02T22:00,22,train
7952,2011-12-02T23:00,23,train
7953,2011-12-03T00:00,0,train
7954,2011-12-03T01:00,1,train
7955,2011-12-03T02:00,2,train
7956,2011-12-03T03:00,3,train
7957,2011-12-03T04:00,4,train
7958,2011-12-03T05:00,5,train
7959,2011-12-03T06:00,6,train
7960,2011-12-03T07:00,7,train
7961,2011-12-03T08:00,8,train
7962,2011-12-03T09:00,9,train
7963,2011-12-03T10:00,10,train
7964,2011-12-03T11:00,11,train
7965,2011-12-03T12:00,12,train
7966,2011-12-03T13:00,13,train
7967,2011-12-03T14:00,14,train
7968,2011-12-03T15:00,15,train
7969,2011-12-03T16:00,16,train
7970,2011-12-03T17:00,17,train
7971,2011-12-03T18:00,18,train
7972,2011-12-03T19:00,19,train
7973,2011-12-03T20:00,20,train
7974,2011-12-03T21:00,21,train
7975,2011-12-03T22:00,22,train
7976,2011-12-03T23:00,23,train
7977,2011-12-04T00:00,0,train
7978,2011-12-04T01:00,1,train
7979,2011-12-04T02:00,2,train
7980,2011-12-04T03:00,3,train
7981,2011-12-04T04:00,4,train
7982,2011-12-04T05:00,5,train
7983,2011-12-04T06:00,6,train
7984,2011-12-04T07:00,7,train
7985,2011-12-04T08:00,8,train
7986,2011-12-04T09:00,9,train
7987,2011-12-04T10:00,10,train
7988,2011-12-04T11:00,11,train
7989,2011-12-04T12:00,12,train
7990,2011-12-04T13:00,13,train
7991,2011-12-04T14:00,14,train
7992,2011-12-04T15:00,15,train
7993,2011-12-04T16:00,16,train
7994,2011-12-04T17:00,17,train
7995,2011-12-04T18:00,18,train
7996,2011-12-04T19:00,19,train
7997,2011-12-04T20:00,20,train
7998,2011-12-04T21:00,21,train
7999,2011-12-04T22:00,22,train
8000,2011-12-04T23:00,23,train
8001,2011-12-05T00:00,0,train
8002,2011-12-05T01:00,1,train
8003,2011-12-05T02:00,2,train
8004,2011-12-05T03:00,3,train
8005,2011-12-05T04:00,4,train
8006,2011-12-05T05:00,5,train
8007,2011-12-05T06:00,6,train
8008,2011-12-05T07:00,7,train
8009,2011-12-05T08:00,8,train
8010,2011-12-05T09:00,9,train
8011,2011-12-05T10:00,10,train
8012,2011-12-05T11:00,11,train
8013,2011-12-05T12:00,12,train
8014,2011-12-05T13:00,13,train
8015,2011-12-05T14:00,14,train
8016,2011-12-05T15:00,15,train
8017,2011-12-05T16:00,16,train
8018,2011-12-05T17:00,17,train
8019,2011-12-05T18:00,18,train
8020,2011-12-05T19:00,19,train
8021,2011-12-05T20:00,20,train
8022,2011-12-05T21:00,21,train
8023,2011-12-05T22:00,22,train
8024,2011-12-05T23:00,23,train
8025,2011-12-06T00:00,0,train
8026,2011-12-06T01:00,1,train
8027,2011-12-06T02:00,2,train
8028,2011-12-06T03:00,3,train
8029,2011-12-06T04:00,4,train
8030,2011-12-06T05:00,5,train
8031,2011-12-06T06:00,6,train
8032,2011-12-06T07:00,7,train
8033,2011-12-06T08:00,8,train
8034,2011-12-06T09:00,9,train
8035,2011-12-06T10:00,10,train
8036,2011-12-06T11:00,11,train
8037,2011-12-06T12:00,12,train
8038,2011-12-06T13:00,13,train
8039,2011-12-06T14:00,14,train
8040,2011-12-06T15:00,15,train
8041,2011-12-06T16:00,16,train
8042,2011-12-06T17:00,17,train
8043,2011-12-06T18:00,18,train
8044,2011-12-06T19:00,19,train
8045,2011-12-06T20:00,20,train
8046,2011-12-06T21:00,21,train
8047,2011-12-06T22:00,22,train
8048,2011-12-06T23:00,23,train
8049,2011-12-07T00:00,0,train
8050,2011-12-07T01:00,1,train
8051,2011-12-07T02:00,2,train
8052,2011-12-07T03:00,3,train
8053,2011-12-07T04:00,4,train
8054,2011-12-07T05:00,5,train
8055,2011-12-07T06:00,6,train
8056,2011-12-07T07:00,7,train
8057,2011-12-07T08:00,8,train
8058,2011-12-07T09:00,9,train
8059,2011-12-07T10:00,10,train
8060,2011-12-07T11:00,11,train
8061,2011-12-07T12:00,12,train
8062,2011-12-07T13:00,13,train
8063,2011-12-07T14:00,14,train
8064,2011-12-07T15:00,15,train
8065,2011-12-07T16:00,16,train
8066,2011-12-07T17:00,17,train
8067,2011-12-07T18:00,18,train
8068,2011-12-07T19:00,19,train
8069,2011-12-07T20:00,20,train
8070,2011-12-07T21:00,21,train
8071,2011-12-07T22:00,22,train
8072,2011-12-07T23:00,23,train
8073,2011-12-08T00:00,0,train
8074,2011-12-08T01:00,1,train
8075,2011-12-08T02:00,2,train
8076,2011-12-08T03:00,3,train
8077,2011-12-08T04:00,4,train
8078,2011-12-08T05:00,5,train
8079,2011-12-08T06:00,6,train
8080,2011-12-08T07:00,7,train
8081,2011-12-08T08:00,8,train
8082,2011-12-08T09:00,9,train
8083,2011-12-08T10:00,10,train
8084,2011-12-08T11:00,11,train
8085,2011-12-08T12:00,12,train
8086,2011-12-08T13:00,13,train
8087,2011-12-08T14:00,14,train
8088,2011-12-08T15:00,15,train
8089,2011-12-08T16:00,16,train
8090,2011-12-08T17:00,17,train
8091,2011-12-08T18:00,18,train
8092,2011-12-08T19:00,19,train
8093,2011-12-08T20:00,20,train
8094,2011-12-08T21:00,21,train
8095,2011-12-08T22:00,22,train
8096,2011-12-08T23:00,23,train
8097,2011-12-09T00:00,0,train
8098,2011-12-09T01:00,1,train
8099,2011-12-09T02:00,2,train
8100,2011-12-09T03:00,3,train
8101,2011-12-09T04:00,4,train
8102,2011-12-09T05:00,5,train
8103,2011-12-09T06:00,6,train
8104,2011-12-09T07:00,7,train
8105,2011-12-09T08:00,8,train
8106,2011-12-09T09:00,9,train
8107,2011-12-09T10:00,10,train
8108,2011-12-09T11:00,11,train
8109,2011-12-09T12:00,12,train
8110,2011-12-09T13:00,13,train
8111,2011-12-09T14:00,14,train
8112,2011-12-09T15:00,15,train
8113,2011-12-09T16:00,16,train
8114,2011-12-09T17:00,17,train
8115,2011-12-09T18:00,18,train
8116,2011-12-09T19:00,19,train
8117,2011-12-09T20:00,20,train
8118,2011-12-09T21:00,21,train
8119,2011-12-09T22:00,22,train
8120,2011-12-09T23:00,23,train
8121,2011-12-10T00:00,0,train
8122,2011-12-10T01:00,1,train
8123,2011-12-10T02:00,2,train
8124,2011-12-10T03:00,3,train
8125,2011-12-10T04:00,4,train
8126,2011-12-10T05:00,5,train
8127,2011-12-10T06:00,6,train
8128,2011-12-10T07:00,7,train
8129,2011-12-10T08:00,8,train
8130,2011-12-10T09:00,9,train
8131,2011-12-10T10:00,10,train
8132,2011-12-10T11:00,11,train
8133,2011-12-10T12:00,12,train
8134,2011-12-10T13:00,13,train
8135,2011-12-10T14:00,14,train
8136,2011-12-10T15:00,15,train
8137,2011-12-10T16:00,16,train
8138,2011-12-10T17:00,17,train
8139,2011-12-10T18:00,18,train
8140,2011-12-10T19:00,19,train
8141,2011-12-10T20:00,20,train
8142,2011-12-10T21:00,21,train
8143,2011-12-10T22:00,22,train
8144,2011-12-10T23:00,23,train
8145,2011-12-11T00:00,0,train
8146,2011-12-11T01:00,1,train
8147,2011-12-11T02:00,2,train
8148,2011-12-11T03:00,3,train
8149,2011-12-11T04:00,4,train
8150,2011-12-11T05:00,5,train
8151,2011-12-11T06:00,6,train
8152,2011-12-11T07:00,7,train
8153,2011-12-11T08:00,8,train
8154,2011-12-11T09:00,9,train
8155,2011-12-11T10:00,10,train
8156,2011-12-11T11:00,11,train
8157,2011-12-11T12:00,12,train
8158,2011-12-11T13:00,13,train
8159,2011-12-11T14:00,14,train
8160,2011-12-11T15:00,15,train
8161,2011-12-11T16:00,16,train
8162,2011-12-11T17:00,17,train
8163,2011-12-11T18:00,18,train
8164,2011-12-11T19:00,19,train
8165,2011-12-11T20:00,20,train
8166,2011-12-11T21:00,21,train
8167,2011-12-11T22:00,22,train
8168,2011-12-11T23:00,23,train
8169,2011-12-12T00:00,0,train
8170,2011-12-12T01:00,1,train
8171,2011-12-12T02:00,2,train
8172,2011-12-12T03:00,3,train
8173,2011-12-12T04:00,4,train
8174,2011-12-12T05:00,5,train
8175,2011-12-12T06:00,6,train
8176,2011-12-12T07:00,7,train
8177,2011-12-12T08:00,8,train
8178,2011-12-12T09:00,9,train
8179,2011-12-12T10:00,10,train
8180,2011-12-12T11:00,11,train
8181,2011-12-12T12:00,12,train
8182,2011-12-12T13:00,13,train
8183,2011-12-12T14:00,14,train
8184,2011-12-12T15:00,15,train
8185,2011-12-12T16:00,16,train
8186,2011-12-12T17:00,17,train
8187,2011-12-12T18:00,18,train
8188,2011-12-12T19:00,19,train
8189,2011-12-12T20:00,20,train
8190,2011-12-12T21:00,21,train
8191,2011-12-12T22:00,22,train
8192,2011-12-12T23:00,23,train
8193,2011-12-13T00:00,0,train
8194,2011-12-13T01:00,1,train
8195,2011-12-13T02:00,2,train
8196,2011-12-13T03:00,3,train
8197,2011-12-13T04:00,4,train
8198,2011-12-13T05:00,5,train
8199,2011-12-13T06:00,6,train
8200,2011-12-13T07:00,7,train
8201,2011-12-13T08:00,8,train
8202,2011-12-13T09:00,9,train
8203,2011-12-13T10:00,10,train
8204,2011-12-13T11:00,11,train
8205,2011-12-13T12:00,12,train
8206,2011-12-13T13:00,13,train
8207,2011-12-13T14:00,14,train
8208,2011-12-13T15:00,15,train
8209,2011-12-13T16:00,16,train
8210,2011-12-13T17:00,17,train
8211,2011-12-13T18:00,18,train
8212,2011-12-13T19:00,19,train
8213,2011-12-13T20:00,20,train
8214,2011-12-13T21:00,21,train
8215,2011-12-13T22:00,22,train
8216,2011-12-13T23:00,23,train
8217,2011-12-14T00:00,0,train
8218,2011-12-14T01:00,1,train
8219,2011-12-14T02:00,2,train
8220,2011-12-14T03:00,3,train
8221,2011-12-14T04:00,4,train
8222,2011-12-14T05:00,5,train
8223,2011-12-14T06:00,6,train
8224,2011-12-14T07:00,7,train
8225,2011-12-14T08:00,8,train
8226,2011-12-14T09:00,9,train
8227,2011-12-14T10:00,10,train
8228,2011-12-14T11:00,11,train
8229,2011-12-14T12:00,12,train
8230,2011-12-14T13:00,13,train
8231,2011-12-14T14:00,14,train
8232,2011-12-14T15:00,15,train
8233,2011-12-14T16:00,16,train
8234,2011-12-14T17:00,17,train
8235,2011-12-14T18:00,18,train
8236,2011-12-14T19:00,19,train
8237,2011-12-14T20:00,20,train
8238,2011-12-14T21:00,21,train
8239,2011-12-14T22:00,22,train
8240,2011-12-14T23:00,23,train
8241,2011-12-15T00:00,0,train
8242,2011-12-15T01:00,1,train
8243,2011-12-15T02:00,2,train
8244,2011-12-15T03:00,3,train
8245,2011-12-15T04:00,4,train
8246,2011-12-15T05:00,5,train
8247,2011-12-15T06:00,6,train
8248,2011-12-15T07:00,7,train
8249,2011-12-15T08:00,8,train
8250,2011-12-15T09:00,9,train
8251,2011-12-15T10:00,10,train
8252,2011-12-15T11:00,11,train
8253,2011-12-15T12:00,12,train
8254,2011-12-15T13:00,13,train
8255,2011-12-15T14:00,14,train
8256,2011-12-15T15:00,15,train
8257,2011-12-15T16:00,16,train
8258,2011-12-15T17:00,17,train
8259,2011-12-15T18:00,18,train
8260,2011-12-15T19:00,19,train
8261,2011-12-15T20:00,20,train
8262,2011-12-15T21:00,21,train
8263,2011-12-15T22:00,22,train
8264,2011-12-15T23:00,23,train
8265,2011-12-16T00:00,0,train
8266,2011-12-16T01:00,1,train
8267,2011-12-16T02:00,2,train
8268,2011-12-16T03:00,3,train
8269,2011-12-16T04:00,4,train
8270,2011-12-16T05:00,5,train
8271,2011-12-16T06:00,6,train
8272,2011-12-16T07:00,7,train
8273,2011-12-16T08:00,8,train
8274,2011-12-16T09:00,9,train
8275,2011-12-16T10:00,10,train
8276,2011-12-16T11:00,11,train
8277,2011-12-16T12:00,12,train
8278,2011-12-16T13:00,13,train
8279,2011-12-16T14:00,14,train
8280,2011-12-16T15:00,15,train
8281,2011-12-16T16:00,16,train
8282,2011-12-16T17:00,17,train
8283,2011-12-16T18:00,18,train
8284,2011-12-16T19:00,19,train
8285,2011-12-16T20:00,20,train
8286,2011-12-16T21:00,21,train
8287,2011-12-16T22:00,22,train
8288,2011-12-16T23:00,23,train
8289,2011-12-17T00:00,0,train
8290,2011-12-17T01:00,1,train
8291,2011-12-17T02:00,2,train
8292,2011-12-17T03:00,3,train
8293,2011-12-17T04:00,4,train
8294,2011-12-17T05:00,5,train
8295,2011-12-17T06:00,6,train
8296,2011-12-17T07:00,7,train
8297,2011-12-17T08:00,8,train
8298,2011-12-17T09:00,9,train
8299,2011-12-17T10:00,10,train
8300,2011-12-17T11:00,11,train
8301,2011-12-17T12:00,12,train
8302,2011-12-17T13:00,13,train
8303,2011-12-17T14:00,14,train
8304,2011-12-17T15:00,15,train
8305,2011-12-17T16:00,16,train
8306,2011-12-17T17:00,17,train
8307,2011-12-17T18:00,18,train
8308,2011-12-17T19:00,19,train
8309,2011-12-17T20:00,20,train
8310,2011-12-17T21:00,21,train
8311,2011-12-17T22:00,22,train
8312,2011-12-17T23:00,23,train
8313,2011-12-18T00:00,0,train
8314,2011-12-18T01:00,1,train
8315,2011-12-18T02:00,2,train
8316,2011-12-18T03:00,3,train
8317,2011-12-18T04:00,4,train
8318,2011-12-18T05:00,5,train
8319,2011-12-18T06:00,6,train
8320,2011-12-18T07:00,7,train
8321,2011-12-18T08:00,8,train
8322,2011-12-18T09:00,9,train
8323,2011-12-18T10:00,10,train
8324,2011-12-18T11:00,11,train
8325,2011-12-18T12:00,12,train
8326,2011-12-18T13:00,13,train
8327,2011-12-18T14:00,14,train
8328,2011-12-18T15:00,15,train
8329,2011-12-18T16:00,16,train
8330,2011-12-18T17:00,17,train
8331,2011-12-18T18:00,18,train
8332,2011-12-18T19:00,19,train
8333,2011-12-18T20:00,20,train
8334,2011-12-18T21:00,21,train
8335,2011-12-18T22:00,22,train
8336,2011-12-18T23:00,23,train
8337,2011-12-19T00:00,0,train
8338,2011-12-19T01:00,1,train
8339,2011-12-19T02:00,2,train
8340,2011-12-19T03:00,3,train
8341,2011-12-19T04:00,4,train
8342,2011-12-19T05:00,5,train
8343,2011-12-19T06:00,6,train
8344,2011-12-19T07:00,7,train
8345,2011-12-19T08:00,8,train
8346,2011-12-19T09:00,9,train
8347,2011-12-19T10:00,10,train
8348,2011-12-19T11:00,11,train
8349,2011-12-19T12:00,12,train
8350,2011-12-19T13:00,13,train
8351,2011-12-19T14:00,14,train
8352,2011-12-19T15:00,15,train
8353,2011-12-19T16:00,16,train
8354,2011-12-19T17:00,17,train
8355,2011-12-19T18:00,18,train
8356,2011-12-19T19:00,19,train
8357,2011-12-19T20:00,20,train
8358,2011-12-19T21:00,21,train
8359,2011-12-19T22:00,22,train
8360,2011-12-19T23:00,23,train
8361,2011-12-20T00:00,0,train
8362,2011-12-20T01:00,1,train
8363,2011-12-20T02:00,2,train
8364,2011-12-20T03:00,3,train
8365,2011-12-20T04:00,4,train
8366,2011-12-20T05:00,5,train
8367,2011-12-20T06:00,6,train
8368,2011-12-20T07:00,7,train
8369,2011-12-20T08:00,8,train
8370,2011-12-20T09:00,9,train
8371,2011-12-20T10:00,10,train
8372,2011-12-20T11:00,11,train
8373,2011-12-20T12:00,12,train
8374,2011-12-20T13:00,13,train
8375,2011-12-20T14:00,14,train
8376,2011-12-20T15:00,15,train
8377,2011-12-20T16:00,16,train
8378,2011-12-20T17:00,17,train
8379,2011-12-20T18:00,18,train
8380,2011-12-20T19:00,19,train
8381,2011-12-20T20:00,20,train
8382,2011-12-20T21:00,21,train
8383,2011-12-20T22:00,22,train
8384,2011-12-20T23:00,23,train
8385,2011-12-21T00:00,0,train
8386,2011-12-21T01:00,1,train
8387,2011-12-21T02:00,2,train
8388,2011-12-21T03:00,3,train
8389,2011-12-21T04:00,4,train
8390,2011-12-21T05:00,5,train
8391,2011-12-21T06:00,6,train
8392,2011-12-21T07:00,7,train
8393,2011-12-21T08:00,8,train
8394,2011-12-21T09:00,9,train
8395,2011-12-21T10:00,10,train
8396,2011-12-21T11:00,11,train
8397,2011-12-21T12:00,12,train
8398,2011-12-21T13:00,13,train
8399,2011-12-21T14:00,14,train
8400,2011-12-21T15:00,15,train
8401,2011-12-21T16:00,16,train
8402,2011-12-21T17:00,17,train
8403,2011-12-21T18:00,18,train
8404,2011-12-21T19:00,19,train
8405,2011-12-21T20:00,20,train
8406,2011-12-21T21:00,21,train
8407,2011-12-21T22:00,22,train
8408,2011-12-21T23:00,23,train
8409,2011-12-22T00:00,0,train
8410,2011-12-22T01:00,1,train
8411,2011-12-22T02:00,2,train
8412,2011-12-22T03:00,3,train
8413,2011-12-22T04:00,4,train
8414,2011-12-22T05:00,5,train
8415,2011-12-22T06:00,6,train
8416,2011-12-22T07:00,7,train
8417,2011-12-22T08:00,8,train
8418,2011-12-22T09:00,9,train
8419,2011-12-22T10:00,10,train
8420,2011-12-22T11:00,11,train
8421,2011-12-22T12:00,12,train
8422,2011-12-22T13:00,13,train
8423,2011-12-22T14:00,14,train
8424,2011-12-22T15:00,15,train
8425,2011-12-22T16:00,16,train
8426,2011-12-22T17:00,17,train
8427,2011-12-22T18:00,18,train
8428,2011-12-22T19:00,19,train
8429,2011-12-22T20:00,20,train
8430,2011-12-22T21:00,21,train
8431,2011-12-22T22:00,22,train
8432,2011-12-22T23:00,23,train
8433,2011-12-23T00:00,0,train
8434,2011-12-23T01:00,1,train
8435,2011-12-23T02:00,2,train
8436,2011-12-23T03:00,3,train
8437,2011-12-23T04:00,4,train
8438,2011-12-23T05:00,5,train
8439,2011-12-23T06:00,6,train
8440,2011-12-23T07:00,7,train
8441,2011-12-23T08:00,8,train
8442,2011-12-23T09:00,9,train
8443,2011-12-23T10:00,10,train
8444,2011-12-23T11:00,11,train
8445,2011-12-23T12:00,12,train
8446,2011-12-23T13:00,13,train
8447,2011-12-23T14:00,14,train
8448,2011-12-23T15:00,15,train
8449,2011-12-23T16:00,16,train
8450,2011-12-23T17:00,17,train
8451,2011-12-23T18:00,18,train
8452,2011-12-23T19:00,19,train
8453,2011-12-23T20:00,20,train
8454,2011-12-23T21:00,21,train
8455,2011-12-23T22:00,22,train
8456,2011-12-23T23:00,23,train
8457,2011-12-24T00:00,0,train
8458,2011-12-24T01:00,1,train
8459,2011-12-24T02:00,2,train
8460,2011-12-24T03:00,3,train
8461,2011-12-24T04:00,4,train
8462,2011-12-24T05:00,5,train
8463,2011-12-24T06:00,6,train
8464,2011-12-24T07:00,7,train
8465,2011-12-24T08:00,8,train
8466,2011-12-24T09:00,9,train
8467,2011-12-24T10:00,10,train
8468,2011-12-24T11:00,11,train
8469,2011-12-24T12:00,12,train
8470,2011-12-24T13:00,13,train
8471,2011-12-24T14:00,14,train
8472,2011-12-24T15:00,15,train
8473,2011-12-24T16:00,16,train
8474,2011-12-24T17:00,17,train
8475,2011-12-24T18:00,18,train
8476,2011-12-24T19:00,19,train
8477,2011-12-24T20:00,20,train
8478,2011-12-24T21:00,21,train
8479,2011-12-24T22:00,22,train
8480,2011-12-24T23:00,23,train
8481,2011-12-25T00:00,0,train
8482,2011-12-25T01:00,1,train
8483,2011-12-25T02:00,2,train
8484,2011-12-25T03:00,3,train
8485,2011-12-25T05:00,5,train
8486,2011-12-25T06:00,6,train
8487,2011-12-25T07:00,7,train
8488,2011-12-25T08:00,8,train
8489,2011-12-25T09:00,9,train
8490,2011-12-25T10:00,10,train
8491,2011-12-25T11:00,11,train
8492,2011-12-25T12:00,12,train
8493,2011-12-25T13:00,13,train
8494,2011-12-25T14:00,14,train
8495,2011-12-25T15:00,15,train
8496,2011-12-25T16:00,16,train
8497,2011-12-25T17:00,17,train
8498,2011-12-25T18:00,18,train
8499,2011-12-25T19:00,19,train
8500,2011-12-25T20:00,20,train
8501,2011-12-25T21:00,21,train
8502,2011-12-25T22:00,22,train
8503,2011-12-25T23:00,23,train
8504,2011-12-26T00:00,0,train
8505,2011-12-26T01:00,1,train
8506,2011-12-26T02:00,2,train
8507,2011-12-26T04:00,4,train
8508,2011-12-26T05:00,5,train
8509,2011-12-26T06:00,6,train
8510,2011-12-26T07:00,7,train
8511,2011-12-26T08:00,8,train
8512,2011-12-26T09:00,9,train
8513,2011-12-26T10:00,10,train
8514,2011-12-26T11:00,11,train
8515,2011-12-26T12:00,12,train
8516,2011-12-26T13:00,13,train
8517,2011-12-26T14:00,14,train
8518,2011-12-26T15:00,15,train
8519,2011-12-26T16:00,16,train
8520,2011-12-26T17:00,17,train
8521,2011-12-26T18:00,18,train
8522,2011-12-26T19:00,19,train
8523,2011-12-26T20:00,20,train
8524,2011-12-26T21:00,21,train
8525,2011-12-26T22:00,22,train
8526,2011-12-26T23:00,23,train
8527,2011-12-27T00:00,0,train
8528,2011-12-27T01:00,1,train
8529,2011-12-27T02:00,2,train
8530,2011-12-27T03:00,3,train
8531,2011-12-27T04:00,4,train
8532,2011-12-27T05:00,5,train
8533,2011-12-27T06:00,6,train
8534,2011-12-27T07:00,7,train
8535,2011-12-27T08:00,8,train
8536,2011-12-27T09:00,9,train
8537,2011-12-27T10:00,10,train
8538,2011-12-27T11:00,11,train
8539,2011-12-27T12:00,12,train
8540,2011-12-27T13:00,13,train
8541,2011-12-27T14:00,14,train
8542,2011-12-27T15:00,15,train
8543,2011-12-27T16:00,16,train
8544,2011-12-27T17:00,17,train
8545,2011-12-27T18:00,18,train
8546,2011-12-27T19:00,19,train
8547,2011-12-27T20:00,20,train
8548,2011-12-27T21:00,21,train
8549,2011-12-27T22:00,22,train
8550,2011-12-27T23:00,23,train
8551,2011-12-28T00:00,0,train
8552,2011-12-28T01:00,1,train
8553,2011-12-28T02:00,2,train
8554,2011-12-28T03:00,3,train
8555,2011-12-28T05:00,5,train
8556,2011-12-28T06:00,6,train
8557,2011-12-28T07:00,7,train
8558,2011-12-28T08:00,8,train
8559,2011-12-28T09:00,9,train
8560,2011-12-28T10:00,10,train
8561,2011-12-28T11:00,11,train
8562,2011-12-28T12:00,12,train
8563,2011-12-28T13:00,13,train
8564,2011-12-28T14:00,14,train
8565,2011-12-28T15:00,15,train
8566,2011-12-28T16:00,16,train
8567,2011-12-28T17:00,17,train
8568,2011-12-28T18:00,18,train
8569,2011-12-28T19:00,19,train
8570,2011-12-28T20:00,20,train
8571,2011-12-28T21:00,21,train
8572,2011-12-28T22:00,22,train
8573,2011-12-28T23:00,23,train
8574,2011-12-29T00:00,0,train
8575,2011-12-29T01:00,1,train
8576,2011-12-29T02:00,2,train
8577,2011-12-29T03:00,3,train
8578,2011-12-29T04:00,4,train
8579,2011-12-29T05:00,5,train
8580,2011-12-29T06:00,6,train
8581,2011-12-29T07:00,7,train
8582,2011-12-29T08:00,8,train
8583,2011-12-29T09:00,9,train
8584,2011-12-29T10:00,10,train
8585,2011-12-29T11:00,11,train
8586,2011-12-29T12:00,12,train
8587,2011-12-29T13:00,13,train
8588,2011-12-29T14:00,14,train
8589,2011-12-29T15:00,15,train
8590,2011-12-29T16:00,16,train
8591,2011-12-29T17:00,17,train
8592,2011-12-29T18:00,18,train
8593,2011-12-29T19:00,19,train
8594,2011-12-29T20:00,20,train
8595,2011-12-29T21:00,21,train
8596,2011-12-29T22:00,22,train
8597,2011-12-29T23:00,23,train
8598,2011-12-30T00:00,0,train
8599,2011-12-30T01:00,1,train
8600,2011-12-30T02:00,2,train
8601,2011-12-30T03:00,3,train
8602,2011-12-30T04:00,4,train
8603,2011-12-30T05:00,5,train
8604,2011-12-30T06:00,6,train
8605,2011-12-30T07:00,7,train
8606,2011-12-30T08:00,8,train
8607,2011-12-30T09:00,9,train
8608,2011-12-30T10:00,10,train
8609,2011-12-30T11:00,11,train
8610,2011-12-30T12:00,12,train
8611,2011-12-30T13:00,13,train
8612,2011-12-30T14:00,14,train
8613,2011-12-30T15:00,15,train
8614,2011-12-30T16:00,16,train
8615,2011-12-30T17:00,17,train
8616,2011-12-30T18:00,18,train
8617,2011-12-30T19:00,19,train
8618,2011-12-30T20:00,20,train
8619,2011-12-30T21:00,21,train
8620,2011-12-30T22:00,22,train
8621,2011-12-30T23:00,23,train
8622,2011-12-31T00:00,0,train
8623,2011-12-31T01:00,1,train
8624,2011-12-31T02:00,2,train
8625,2011-12-31T03:00,3,train
8626,2011-12-31T04:00,4,train
8627,2011-12-31T05:00,5,train
8628,2011-12-31T06:00,6,train
8629,2011-12-31T07:00,7,train
8630,2011-12-31T08:00,8,train
8631,2011-12-31T09:00,9,train
8632,2011-12-31T10:00,10,train
8633,2011-12-31T11:00,11,train
8634,2011-12-31T12:00,12,train
8635,2011-12-31T13:00,13,train
8636,2011-12-31T14:00,14,train
8637,2011-12-31T15:00,15,train
8638,2011-12-31T16:00,16,train
8639,2011-12-31T17:00,17,train
8640,2011-12-31T18:00,18,train
8641,2011-12-31T19:00,19,train
8642,2011-12-31T20:00,20,train
8643,2011-12-31T21:00,21,train
8644,2011-12-31T22:00,22,train
8645,2011-12-31T23:00,23,train
8646,2012-01-01T00:00,0,train
8647,2012-01-01T01:00,1,train
8648,2012-01-01T02:00,2,train
8649,2012-01-01T03:00,3,train
8650,2012-01-01T04:00,4,train
8651,2012-01-01T05:00,5,train
8652,2012-01-01T06:00,6,train
8653,2012-01-01T07:00,7,train
8654,2012-01-01T08:00,8,train
8655,2012-01-01T09:00,9,train
8656,2012-01-01T10:00,10,train
8657,2012-01-01T11:00,11,train
8658,2012-01-01T12:00,12,train
8659,2012-01-01T13:00,13,train
8660,2012-01-01T14:00,14,train
8661,2012-01-01T15:00,15,train
8662,2012-01-01T16:00,16,train
8663,2012-01-01T17:00,17,train
8664,2012-01-01T18:00,18,train
8665,2012-01-01T19:00,19,train
8666,2012-01-01T20:00,20,train
8667,2012-01-01T21:00,21,train
8668,2012-01-01T22:00,22,train
8669,2012-01-01T23:00,23,train
8670,2012-01-02T00:00,0,train
8671,2012-01-02T01:00,1,train
8672,2012-01-02T02:00,2,train
8673,2012-01-02T04:00,4,train
8674,2012-01-02T05:00,5,train
8675,2012-01-02T06:00,6,train
8676,2012-01-02T07:00,7,train
8677,2012-01-02T08:00,8,train
8678,2012-01-02T09:00,9,train
8679,2012-01-02T10:00,10,train
8680,2012-01-02T11:00,11,train
8681,2012-01-02T12:00,12,train
8682,2012-01-02T13:00,13,train
8683,2012-01-02T14:00,14,train
8684,2012-01-02T15:00,15,train
8685,2012-01-02T16:00,16,train
8686,2012-01-02T17:00,17,train
8687,2012-01-02T18:00,18,train
8688,2012-01-02T19:00,19,train
8689,2012-01-02T20:00,20,train
8690,2012-01-02T21:00,21,train
8691,2012-01-02T22:00,22,train
8692,2012-01-02T23:00,23,train
8693,2012-01-03T00:00,0,train
8694,2012-01-03T01:00,1,train
8695,2012-01-03T02:00,2,train
8696,2012-01-03T03:00,3,train
8697,2012-01-03T04:00,4,train
8698,2012-01-03T05:00,5,train
8699,2012-01-03T06:00,6,train
8700,2012-01-03T07:00,7,train
8701,2012-01-03T08:00,8,train
8702,2012-01-03T09:00,9,train
8703,2012-01-03T10:00,10,train
8704,2012-01-03T11:00,11,train
8705,2012-01-03T12:00,12,train
8706,2012-01-03T13:00,13,train
8707,2012-01-03T14:00,14,train
8708,2012-01-03T15:00,15,train
8709,2012-01-03T16:00,16,train
8710,2012-01-03T17:00,17,train
8711,2012-01-03T18:00,18,train
8712,2012-01-03T19:00,19,train
8713,2012-01-03T20:00,20,train
8714,2012-01-03T21:00,21,train
8715,2012-01-03T22:00,22,train
8716,2012-01-03T23:00,23,train
8717,2012-01-04T00:00,0,train
8718,2012-01-04T01:00,1,train
8719,2012-01-04T02:00,2,train
8720,2012-01-04T03:00,3,train
8721,2012-01-04T04:00,4,train
8722,2012-01-04T05:00,5,train
8723,2012-01-04T06:00,6,train
8724,2012-01-04T07:00,7,train
8725,2012-01-04T08:00,8,train
8726,2012-01-04T09:00,9,train
8727,2012-01-04T10:00,10,train
8728,2012-01-04T11:00,11,train
8729,2012-01-04T12:00,12,train
8730,2012-01-04T13:00,13,train
8731,2012-01-04T14:00,14,train
8732,2012-01-04T15:00,15,train
8733,2012-01-04T16:00,16,train
8734,2012-01-04T17:00,17,train
8735,2012-01-04T18:00,18,train
8736,2012-01-04T19:00,19,train
8737,2012-01-04T20:00,20,train
8738,2012-01-04T21:00,21,train
8739,2012-01-04T22:00,22,train
8740,2012-01-04T23:00,23,train
8741,2012-01-05T00:00,0,train
8742,2012-01-05T01:00,1,train
8743,2012-01-05T02:00,2,train
8744,2012-01-05T03:00,3,train
8745,2012-01-05T04:00,4,train
8746,2012-01-05T05:00,5,train
8747,2012-01-05T06:00,6,train
8748,2012-01-05T07:00,7,train
8749,2012-01-05T08:00,8,train
8750,2012-01-05T09:00,9,train
8751,2012-01-05T10:00,10,train
8752,2012-01-05T11:00,11,train
8753,2012-01-05T12:00,12,train
8754,2012-01-05T13:00,13,train
8755,2012-01-05T14:00,14,train
8756,2012-01-05T15:00,15,train
8757,2012-01-05T16:00,16,train
8758,2012-01-05T17:00,17,train
8759,2012-01-05T18:00,18,train
8760,2012-01-05T19:00,19,train
8761,2012-01-05T20:00,20,train
8762,2012-01-05T21:00,21,train
8763,2012-01-05T22:00,22,train
8764,2012-01-05T23:00,23,train
8765,2012-01-06T00:00,0,train
8766,2012-01-06T01:00,1,train
8767,2012-01-06T02:00,2,train
8768,2012-01-06T03:00,3,train
8769,2012-01-06T04:00,4,train
8770,2012-01-06T05:00,5,train
8771,2012-01-06T06:00,6,train
8772,2012-01-06T07:00,7,train
8773,2012-01-06T08:00,8,train
8774,2012-01-06T09:00,9,train
8775,2012-01-06T10:00,10,train
8776,2012-01-06T11:00,11,train
8777,2012-01-06T12:00,12,train
8778,2012-01-06T13:00,13,train
8779,2012-01-06T14:00,14,train
8780,2012-01-06T15:00,15,train
8781,2012-01-06T16:00,16,train
8782,2012-01-06T17:00,17,train
8783,2012-01-06T18:00,18,train
8784,2012-01-06T19:00,19,train
8785,2012-01-06T20:00,20,train
8786,2012-01-06T21:00,21,train
8787,2012-01-06T22:00,22,train
8788,2012-01-06T23:00,23,train
8789,2012-01-07T00:00,0,train
8790,2012-01-07T01:00,1,train
8791,2012-01-07T02:00,2,train
8792,2012-01-07T03:00,3,train
8793,2012-01-07T04:00,4,train
8794,2012-01-07T05:00,5,train
8795,2012-01-07T06:00,6,train
8796,2012-01-07T07:00,7,train
8797,2012-01-07T08:00,8,train
8798,2012-01-07T09:00,9,train
8799,2012-01-07T10:00,10,train
8800,2012-01-07T11:00,11,train
8801,2012-01-07T12:00,12,train
8802,2012-01-07T13:00,13,train
8803,2012-01-07T14:00,14,train
8804,2012-01-07T15:00,15,train
8805,2012-01-07T16:00,16,train
8806,2012-01-07T17:00,17,train
8807,2012-01-07T18:00,18,train
8808,2012-01-07T19:00,19,train
8809,2012-01-07T20:00,20,train
8810,2012-01-07T21:00,21,train
8811,2012-01-07T22:00,22,train
8812,2012-01-07T23:00,23,train
8813,2012-01-08T00:00,0,train
8814,2012-01-08T01:00,1,train
8815,2012-01-08T02:00,2,train
8816,2012-01-08T03:00,3,train
8817,2012-01-08T04:00,4,train
8818,2012-01-08T05:00,5,train
8819,2012-01-08T06:00,6,train
8820,2012-01-08T07:00,7,train
8821,2012-01-08T08:00,8,train
8822,2012-01-08T09:00,9,train
8823,2012-01-08T10:00,10,train
8824,2012-01-08T11:00,11,train
8825,2012-01-08T12:00,12,train
8826,2012-01-08T13:00,13,train
8827,2012-01-08T14:00,14,train
8828,2012-01-08T15:00,15,train
8829,2012-01-08T16:00,16,train
8830,2012-01-08T17:00,17,train
8831,2012-01-08T18:00,18,train
8832,2012-01-08T19:00,19,train
8833,2012-01-08T20:00,20,train
8834,2012-01-08T21:00,21,train
8835,2012-01-08T22:00,22,train
8836,2012-01-08T23:00,23,train
8837,2012-01-09T00:00,0,train
8838,2012-01-09T01:00,1,train
8839,2012-01-09T02:00,2,train
8840,2012-01-09T03:00,3,train
8841,2012-01-09T04:00,4,train
8842,2012-01-09T05:00,5,train
8843,2012-01-09T06:00,6,train
8844,2012-01-09T07:00,7,train
8845,2012-01-09T08:00,8,train
8846,2012-01-09T09:00,9,train
8847,2012-01-09T10:00,10,train
8848,2012-01-09T11:00,11,train
8849,2012-01-09T12:00,12,train
8850,2012-01-09T13:00,13,train
8851,2012-01-09T14:00,14,train
8852,2012-01-09T15:00,15,train
8853,2012-01-09T16:00,16,train
8854,2012-01-09T17:00,17,train
8855,2012-01-09T18:00,18,train
8856,2012-01-09T19:00,19,train
8857,2012-01-09T20:00,20,train
8858,2012-01-09T21:00,21,train
8859,2012-01-09T22:00,22,train
8860,2012-01-09T23:00,23,train
8861,2012-01-10T00:00,0,train
8862,2012-01-10T01:00,1,train
8863,2012-01-10T02:00,2,train
8864,2012-01-10T04:00,4,train
8865,2012-01-10T05:00,5,train
8866,2012-01-10T06:00,6,train
8867,2012-01-10T07:00,7,train
8868,2012-01-10T08:00,8,train
8869,2012-01-10T09:00,9,train
8870,2012-01-10T10:00,10,train
8871,2012-01-10T11:00,11,train
8872,2012-01-10T12:00,12,train
8873,2012-01-10T13:00,13,train
8874,2012-01-10T14:00,14,train
8875,2012-01-10T15:00,15,train
8876,2012-01-10T16:00,16,train
8877,2012-01-10T17:00,17,train
8878,2012-01-10T18:00,18,train
8879,2012-01-10T19:00,19,train
8880,2012-01-10T20:00,20,train
8881,2012-01-10T21:00,21,train
8882,2012-01-10T22:00,22,train
8883,2012-01-10T23:00,23,train
8884,2012-01-11T00:00,0,train
8885,2012-01-11T01:00,1,train
8886,2012-01-11T02:00,2,train
8887,2012-01-11T03:00,3,train
8888,2012-01-11T04:00,4,train
8889,2012-01-11T05:00,5,train
8890,2012-01-11T06:00,6,train
8891,2012-01-11T07:00,7,train
8892,2012-01-11T08:00,8,train
8893,2012-01-11T09:00,9,train
8894,2012-01-11T10:00,10,train
8895,2012-01-11T11:00,11,train
8896,2012-01-11T12:00,12,train
8897,2012-01-11T13:00,13,train
8898,2012-01-11T14:00,14,train
8899,2012-01-11T15:00,15,train
8900,2012-01-11T16:00,16,train
8901,2012-01-11T17:00,17,train
8902,2012-01-11T18:00,18,train
8903,2012-01-11T19:00,19,train
8904,2012-01-11T20:00,20,train
8905,2012-01-11T21:00,21,train
8906,2012-01-11T22:00,22,train
8907,2012-01-11T23:00,23,train
8908,2012-01-12T00:00,0,train
8909,2012-01-12T01:00,1,train
8910,2012-01-12T02:00,2,train
8911,2012-01-12T03:00,3,train
8912,2012-01-12T04:00,4,train
8913,2012-01-12T05:00,5,train
8914,2012-01-12T06:00,6,train
8915,2012-01-12T07:00,7,train
8916,2012-01-12T08:00,8,train
8917,2012-01-12T09:00,9,train
8918,2012-01-12T10:00,10,train
8919,2012-01-12T11:00,11,train
8920,2012-01-12T12:00,12,train
8921,2012-01-12T13:00,13,train
8922,2012-01-12T14:00,14,train
8923,2012-01-12T15:00,15,train
8924,2012-01-12T16:00,16,train
8925,2012-01-12T17:00,17,train
8926,2012-01-12T18:00,18,train
8927,2012-01-12T19:00,19,train
8928,2012-01-12T20:00,20,train
8929,2012-01-12T21:00,21,train
8930,2012-01-12T22:00,22,train
8931,2012-01-12T23:00,23,train
8932,2012-01-13T00:00,0,train
8933,2012-01-13T01:00,1,train
8934,2012-01-13T02:00,2,train
8935,2012-01-13T03:00,3,train
8936,2012-01-13T04:00,4,train
8937,2012-01-13T05:00,5,train
8938,2012-01-13T06:00,6,train
8939,2012-01-13T07:00,7,train
8940,2012-01-13T08:00,8,train
8941,2012-01-13T09:00,9,train
8942,2012-01-13T10:00,10,train
8943,2012-01-13T11:00,11,train
8944,2012-01-13T12:00,12,train
8945,2012-01-13T13:00,13,train
8946,2012-01-13T14:00,14,train
8947,2012-01-13T15:00,15,train
8948,2012-01-13T16:00,16,train
8949,2012-01-13T17:00,17,train
8950,2012-01-13T18:00,18,train
8951,2012-01-13T19:00,19,train
8952,2012-01-13T20:00,20,train
8953,2012-01-13T21:00,21,train
8954,2012-01-13T22:00,22,train
8955,2012-01-13T23:00,23,train
8956,2012-01-14T00:00,0,train
8957,2012-01-14T01:00,1,train
8958,2012-01-14T02:00,2,train
8959,2012-01-14T03:00,3,train
8960,2012-01-14T04:00,4,train
8961,2012-01-14T05:00,5,train
8962,2012-01-14T06:00,6,train
8963,2012-01-14T07:00,7,train
8964,2012-01-14T08:00,8,train
8965,2012-01-14T09:00,9,train
8966,2012-01-14T10:00,10,train
8967,2012-01-14T11:00,11,train
8968,2012-01-14T12:00,12,train
8969,2012-01-14T13:00,13,train
8970,2012-01-14T14:00,14,train
8971,2012-01-14T15:00,15,train
8972,2012-01-14T16:00,16,train
8973,2012-01-14T17:00,17,train
8974,2012-01-14T18:00,18,train
8975,2012-01-14T19:00,19,train
8976,2012-01-14T20:00,20,train
8977,2012-01-14T21:00,21,train
8978,2012-01-14T22:00,22,train
8979,2012-01-14T23:00,23,train
8980,2012-01-15T00:00,0,train
8981,2012-01-15T01:00,1,train
8982,2012-01-15T02:00,2,train
8983,2012-01-15T03:00,3,train
8984,2012-01-15T04:00,4,train
8985,2012-01-15T05:00,5,train
8986,2012-01-15T06:00,6,train
8987,2012-01-15T07:00,7,train
8988,2012-01-15T08:00,8,train
8989,2012-01-15T09:00,9,train
8990,2012-01-15T10:00,10,train
8991,2012-01-15T11:00,11,train
8992,2012-01-15T12:00,12,train
8993,2012-01-15T13:00,13,train
8994,2012-01-15T14:00,14,train
8995,2012-01-15T15:00,15,train
8996,2012-01-15T16:00,16,train
8997,2012-01-15T17:00,17,train
8998,2012-01-15T18:00,18,train
8999,2012-01-15T19:00,19,train
9000,2012-01-15T20:00,20,train
9001,2012-01-15T21:00,21,train
9002,2012-01-15T22:00,22,train
9003,2012-01-15T23:00,23,train
9004,2012-01-16T00:00,0,train
9005,2012-01-16T01:00,1,train
9006,2012-01-16T02:00,2,train
9007,2012-01-16T03:00,3,train
9008,2012-01-16T04:00,4,train
9009,2012-01-16T05:00,5,train
9010,2012-01-16T06:00,6,train
9011,2012-01-16T07:00,7,train
9012,2012-01-16T08:00,8,train
9013,2012-01-16T09:00,9,train
9014,2012-01-16T10:00,10,train
9015,2012-01-16T11:00,11,train
9016,2012-01-16T12:00,12,train
9017,2012-01-16T13:00,13,train
9018,2012-01-16T14:00,14,train
9019,2012-01-16T15:00,15,train
9020,2012-01-16T16:00,16,train
9021,2012-01-16T17:00,17,train
9022,2012-01-16T18:00,18,train
9023,2012-01-16T19:00,19,train
9024,2012-01-16T20:00,20,train
9025,2012-01-16T21:00,21,train
9026,2012-01-16T22:00,22,train
9027,2012-01-16T23:00,23,train
9028,2012-01-17T00:00,0,train
9029,2012-01-17T01:00,1,train
9030,2012-01-17T02:00,2,train
9031,2012-01-17T04:00,4,train
9032,2012-01-17T05:00,5,train
9033,2012-01-17T06:00,6,train
9034,2012-01-17T07:00,7,train
9035,2012-01-17T08:00,8,train
9036,2012-01-17T09:00,9,train
9037,2012-01-17T10:00,10,train
9038,2012-01-17T11:00,11,train
9039,2012-01-17T12:00,12,train
9040,2012-01-17T13:00,13,train
9041,2012-01-17T14:00,14,train
9042,2012-01-17T15:00,15,train
9043,2012-01-17T16:00,16,train
9044,2012-01-17T17:00,17,train
9045,2012-01-17T18:00,18,train
9046,2012-01-17T19:00,19,train
9047,2012-01-17T20:00,20,train
9048,2012-01-17T21:00,21,train
9049,2012-01-17T22:00,22,train
9050,2012-01-17T23:00,23,train
9051,2012-01-18T00:00,0,train
9052,2012-01-18T01:00,1,train
9053,2012-01-18T02:00,2,train
9054,2012-01-18T03:00,3,train
9055,2012-01-18T04:00,4,train
9056,2012-01-18T05:00,5,train
9057,2012-01-18T06:00,6,train
9058,2012-01-18T07:00,7,train
9059,2012-01-18T08:00,8,train
9060,2012-01-18T09:00,9,train
9061,2012-01-18T10:00,10,train
9062,2012-01-18T11:00,11,train
9063,2012-01-18T12:00,12,train
9064,2012-01-18T13:00,13,train
9065,2012-01-18T14:00,14,train
9066,2012-01-18T15:00,15,train
9067,2012-01-18T16:00,16,train
9068,2012-01-18T17:00,17,train
9069,2012-01-18T18:00,18,train
9070,2012-01-18T19:00,19,train
9071,2012-01-18T20:00,20,train
9072,2012-01-18T21:00,21,train
9073,2012-01-18T22:00,22,train
9074,2012-01-18T23:00,23,train
9075,2012-01-19T00:00,0,train
9076,2012-01-19T01:00,1,train
9077,2012-01-19T02:00,2,train
9078,2012-01-19T03:00,3,train
9079,2012-01-19T04:00,4,train
9080,2012-01-19T05:00,5,train
9081,2012-01-19T06:00,6,train
9082,2012-01-19T07:00,7,train
9083,2012-01-19T08:00,8,train
9084,2012-01-19T09:00,9,train
9085,2012-01-19T10:00,10,train
9086,2012-01-19T11:00,11,train
9087,2012-01-19T12:00,12,train
9088,2012-01-19T13:00,13,train
9089,2012-01-19T14:00,14,train
9090,2012-01-19T15:00,15,train
9091,2012-01-19T16:00,16,train
9092,2012-01-19T17:00,17,train
9093,2012-01-19T18:00,18,train
9094,2012-01-19T19:00,19,train
9095,2012-01-19T20:00,20,train
9096,2012-01-19T21:00,21,train
9097,2012-01-19T22:00,22,train
9098,2012-01-19T23:00,23,train
9099,2012-01-20T00:00,0,train
9100,2012-01-20T01:00,1,train
9101,2012-01-20T02:00,2,train
9102,2012-01-20T03:00,3,train
9103,2012-01-20T04:00,4,train
9104,2012-01-20T05:00,5,train
9105,2012-01-20T06:00,6,train
9106,2012-01-20T07:00,7,train
9107,2012-01-20T08:00,8,train
9108,2012-01-20T09:00,9,train
9109,2012-01-20T10:00,10,train
9110,2012-01-20T11:00,11,train
9111,2012-01-20T12:00,12,train
9112,2012-01-20T13:00,13,train
9113,2012-01-20T14:00,14,train
9114,2012-01-20T15:00,15,train
9115,2012-01-20T16:00,16,train
9116,2012-01-20T17:00,17,train
9117,2012-01-20T18:00,18,train
9118,2012-01-20T19:00,19,train
9119,2012-01-20T20:00,20,train
9120,2012-01-20T21:00,21,train
9121,2012-01-20T22:00,22,train
9122,2012-01-20T23:00,23,train
9123,2012-01-21T00:00,0,train
9124,2012-01-21T01:00,1,train
9125,2012-01-21T02:00,2,train
9126,2012-01-21T03:00,3,train
9127,2012-01-21T04:00,4,train
9128,2012-01-21T05:00,5,train
9129,2012-01-21T06:00,6,train
9130,2012-01-21T07:00,7,train
9131,2012-01-21T08:00,8,train
9132,2012-01-21T09:00,9,train
9133,2012-01-21T10:00,10,train
9134,2012-01-21T11:00,11,train
9135,2012-01-21T12:00,12,train
9136,2012-01-21T13:00,13,train
9137,2012-01-21T14:00,14,train
9138,2012-01-21T15:00,15,train
9139,2012-01-21T16:00,16,train
9140,2012-01-21T17:00,17,train
9141,2012-01-21T18:00,18,train
9142,2012-01-21T19:00,19,train
9143,2012-01-21T20:00,20,train
9144,2012-01-21T21:00,21,train
9145,2012-01-21T22:00,22,train
9146,2012-01-21T23:00,23,train
9147,2012-01-22T00:00,0,train
9148,2012-01-22T01:00,1,train
9149,2012-01-22T02:00,2,train
9150,2012-01-22T03:00,3,train
9151,2012-01-22T04:00,4,train
9152,2012-01-22T05:00,5,train
9153,2012-01-22T06:00,6,train
9154,2012-01-22T07:00,7,train
9155,2012-01-22T08:00,8,train
9156,2012-01-22T09:00,9,train
9157,2012-01-22T10:00,10,train
9158,2012-01-22T11:00,11,train
9159,2012-01-22T12:00,12,train
9160,2012-01-22T13:00,13,train
9161,2012-01-22T14:00,14,train
9162,2012-01-22T15:00,15,train
9163,2012-01-22T16:00,16,train
9164,2012-01-22T17:00,17,train
9165,2012-01-22T18:00,18,train
9166,2012-01-22T19:00,19,train
9167,2012-01-22T20:00,20,train
9168,2012-01-22T21:00,21,train
9169,2012-01-22T22:00,22,train
9170,2012-01-22T23:00,23,train
9171,2012-01-23T00:00,0,train
9172,2012-01-23T01:00,1,train
9173,2012-01-23T02:00,2,train
9174,2012-01-23T03:00,3,train
9175,2012-01-23T04:00,4,train
9176,2012-01-23T05:00,5,train
9177,2012-01-23T06:00,6,train
9178,2012-01-23T07:00,7,train
9179,2012-01-23T08:00,8,train
9180,2012-01-23T09:00,9,train
9181,2012-01-23T10:00,10,train
9182,2012-01-23T11:00,11,train
9183,2012-01-23T12:00,12,train
9184,2012-01-23T13:00,13,train
9185,2012-01-23T14:00,14,train
9186,2012-01-23T15:00,15,train
9187,2012-01-23T16:00,16,train
9188,2012-01-23T17:00,17,train
9189,2012-01-23T18:00,18,train
9190,2012-01-23T19:00,19,train
9191,2012-01-23T20:00,20,train
9192,2012-01-23T21:00,21,train
9193,2012-01-23T22:00,22,train
9194,2012-01-23T23:00,23,train
9195,2012-01-24T00:00,0,train
9196,2012-01-24T01:00,1,train
9197,2012-01-24T02:00,2,train
9198,2012-01-24T03:00,3,train
9199,2012-01-24T04:00,4,train
9200,2012-01-24T05:00,5,train
9201,2012-01-24T06:00,6,train
9202,2012-01-24T07:00,7,train
9203,2012-01-24T08:00,8,train
9204,2012-01-24T09:00,9,train
9205,2012-01-24T10:00,10,train
9206,2012-01-24T11:00,11,train
9207,2012-01-24T12:00,12,train
9208,2012-01-24T13:00,13,train
9209,2012-01-24T14:00,14,train
9210,2012-01-24T15:00,15,train
9211,2012-01-24T16:00,16,train
9212,2012-01-24T17:00,17,train
9213,2012-01-24T18:00,18,train
9214,2012-01-24T19:00,19,train
9215,2012-01-24T20:00,20,train
9216,2012-01-24T21:00,21,train
9217,2012-01-24T22:00,22,train
9218,2012-01-24T23:00,23,train
9219,2012-01-25T00:00,0,train
9220,2012-01-25T01:00,1,train
9221,2012-01-25T02:00,2,train
9222,2012-01-25T03:00,3,train
9223,2012-01-25T04:00,4,train
9224,2012-01-25T05:00,5,train
9225,2012-01-25T06:00,6,train
9226,2012-01-25T07:00,7,train
9227,2012-01-25T08:00,8,train
9228,2012-01-25T09:00,9,train
9229,2012-01-25T10:00,10,train
9230,2012-01-25T11:00,11,train
9231,2012-01-25T12:00,12,train
9232,2012-01-25T13:00,13,train
9233,2012-01-25T14:00,14,train
9234,2012-01-25T15:00,15,train
9235,2012-01-25T16:00,16,train
9236,2012-01-25T17:00,17,train
9237,2012-01-25T18:00,18,train
9238,2012-01-25T19:00,19,train
9239,2012-01-25T20:00,20,train
9240,2012-01-25T21:00,21,train
9241,2012-01-25T22:00,22,train
9242,2012-01-25T23:00,23,train
9243,2012-01-26T00:00,0,train
9244,2012-01-26T01:00,1,train
9245,2012-01-26T02:00,2,train
9246,2012-01-26T03:00,3,train
9247,2012-01-26T04:00,4,train
9248,2012-01-26T05:00,5,train
9249,2012-01-26T06:00,6,train
9250,2012-01-26T07:00,7,train
9251,2012-01-26T08:00,8,train
9252,2012-01-26T09:00,9,train
9253,2012-01-26T10:00,10,train
9254,2012-01-26T11:00,11,train
9255,2012-01-26T12:00,12,train
9256,2012-01-26T13:00,13,train
9257,2012-01-26T14:00,14,train
9258,2012-01-26T15:00,15,train
9259,2012-01-26T16:00,16,train
9260,2012-01-26T17:00,17,train
9261,2012-01-26T18:00,18,train
9262,2012-01-26T19:00,19,train
9263,2012-01-26T20:00,20,train
9264,2012-01-26T21:00,21,train
9265,2012-01-26T22:00,22,train
9266,2012-01-26T23:00,23,train
9267,2012-01-27T00:00,0,train
9268,2012-01-27T01:00,1,train
9269,2012-01-27T02:00,2,train
9270,2012-01-27T03:00,3,train
9271,2012-01-27T04:00,4,train
9272,2012-01-27T05:00,5,train
9273,2012-01-27T06:00,6,train
9274,2012-01-27T07:00,7,train
9275,2012-01-27T08:00,8,train
9276,2012-01-27T09:00,9,train
9277,2012-01-27T10:00,10,train
9278,2012-01-27T11:00,11,train
9279,2012-01-27T12:00,12,train
9280,2012-01-27T13:00,13,train
9281,2012-01-27T14:00,14,train
9282,2012-01-27T15:00,15,train
9283,2012-01-27T16:00,16,train
9284,2012-01-27T17:00,17,train
9285,2012-01-27T18:00,18,train
9286,2012-01-27T19:00,19,train
9287,2012-01-27T20:00,20,train
9288,2012-01-27T21:00,21,train
9289,2012-01-27T22:00,22,train
9290,2012-01-27T23:00,23,train
9291,2012-01-28T00:00,0,train
9292,2012-01-28T01:00,1,train
9293,2012-01-28T02:00,2,train
9294,2012-01-28T03:00,3,train
9295,2012-01-28T04:00,4,train
9296,2012-01-28T05:00,5,train
9297,2012-01-28T06:00,6,train
9298,2012-01-28T07:00,7,train
9299,2012-01-28T08:00,8,train
9300,2012-01-28T09:00,9,train
9301,2012-01-28T10:00,10,train
9302,2012-01-28T11:00,11,train
9303,2012-01-28T12:00,12,train
9304,2012-01-28T13:00,13,train
9305,2012-01-28T14:00,14,train
9306,2012-01-28T15:00,15,train
9307,2012-01-28T16:00,16,train
9308,2012-01-28T17:00,17,train
9309,2012-01-28T18:00,18,train
9310,2012-01-28T19:00,19,train
9311,2012-01-28T20:00,20,train
9312,2012-01-28T21:00,21,train
9313,2012-01-28T22:00,22,train
9314,2012-01-28T23:00,23,train
9315,2012-01-29T00:00,0,train
9316,2012-01-29T01:00,1,train
9317,2012-01-29T02:00,2,train
9318,2012-01-29T03:00,3,train
9319,2012-01-29T04:00,4,train
9320,2012-01-29T05:00,5,train
9321,2012-01-29T06:00,6,train
9322,2012-01-29T07:00,7,train
9323,2012-01-29T08:00,8,train
9324,2012-01-29T09:00,9,train
9325,2012-01-29T10:00,10,train
9326,2012-01-29T11:00,11,train
9327,2012-01-29T12:00,12,train
9328,2012-01-29T13:00,13,train
9329,2012-01-29T14:00,14,train
9330,2012-01-29T15:00,15,train
9331,2012-01-29T16:00,16,train
9332,2012-01-29T17:00,17,train
9333,2012-01-29T18:00,18,train
9334,2012-01-29T19:00,19,train
9335,2012-01-29T20:00,20,train
9336,2012-01-29T21:00,21,train
9337,2012-01-29T22:00,22,train
9338,2012-01-29T23:00,23,train
9339,2012-01-30T00:00,0,train
9340,2012-01-30T01:00,1,train
9341,2012-01-30T02:00,2,train
9342,2012-01-30T03:00,3,train
9343,2012-01-30T04:00,4,train
9344,2012-01-30T05:00,5,train
9345,2012-01-30T06:00,6,train
9346,2012-01-30T07:00,7,train
9347,2012-01-30T08:00,8,train
9348,2012-01-30T09:00,9,train
9349,2012-01-30T10:00,10,train
9350,2012-01-30T11:00,11,train
9351,2012-01-30T12:00,12,train
9352,2012-01-30T13:00,13,train
9353,2012-01-30T14:00,14,train
9354,2012-01-30T15:00,15,train
9355,2012-01-30T16:00,16,train
9356,2012-01-30T17:00,17,train
9357,2012-01-30T18:00,18,train
9358,2012-01-30T19:00,19,train
9359,2012-01-30T20:00,20,train
9360,2012-01-30T21:00,21,train
9361,2012-01-30T22:00,22,train
9362,2012-01-30T23:00,23,train
9363,2012-01-31T00:00,0,train
9364,2012-01-31T01:00,1,train
9365,2012-01-31T02:00,2,train
9366,2012-01-31T03:00,3,train
9367,2012-01-31T04:00,4,train
9368,2012-01-31T05:00,5,train
9369,2012-01-31T06:00,6,train
9370,2012-01-31T07:00,7,train
9371,2012-01-31T08:00,8,train
9372,2012-01-31T09:00,9,train
9373,2012-01-31T10:00,10,train
9374,2012-01-31T11:00,11,train
9375,2012-01-31T12:00,12,train
9376,2012-01-31T13:00,13,train
9377,2012-01-31T14:00,14,train
9378,2012-01-31T15:00,15,train
9379,2012-01-31T16:00,16,train
9380,2012-01-31T17:00,17,train
9381,2012-01-31T18:00,18,train
9382,2012-01-31T19:00,19,train
9383,2012-01-31T20:00,20,train
9384,2012-01-31T21:00,21,train
9385,2012-01-31T22:00,22,train
9386,2012-01-31T23:00,23,train
9387,2012-02-01T00:00,0,train
9388,2012-02-01T01:00,1,train
9389,2012-02-01T02:00,2,train
9390,2012-02-01T03:00,3,train
9391,2012-02-01T04:00,4,train
9392,2012-02-01T05:00,5,train
9393,2012-02-01T06:00,6,train
9394,2012-02-01T07:00,7,train
9395,2012-02-01T08:00,8,train
9396,2012-02-01T09:00,9,train
9397,2012-02-01T10:00,10,train
9398,2012-02-01T11:00,11,train
9399,2012-02-01T12:00,12,train
9400,2012-02-01T13:00,13,train
9401,2012-02-01T14:00,14,train
9402,2012-02-01T15:00,15,train
9403,2012-02-01T16:00,16,train
9404,2012-02-01T17:00,17,train
9405,2012-02-01T18:00,18,train
9406,2012-02-01T19:00,19,train
9407,2012-02-01T20:00,20,train
9408,2012-02-01T21:00,21,train
9409,2012-02-01T22:00,22,train
9410,2012-02-01T23:00,23,train
9411,2012-02-02T00:00,0,train
9412,2012-02-02T01:00,1,train
9413,2012-02-02T02:00,2,train
9414,2012-02-02T03:00,3,train
9415,2012-02-02T04:00,4,train
9416,2012-02-02T05:00,5,train
9417,2012-02-02T06:00,6,train
9418,2012-02-02T07:00,7,train
9419,2012-02-02T08:00,8,train
9420,2012-02-02T09:00,9,train
9421,2012-02-02T10:00,10,train
9422,2012-02-02T11:00,11,train
9423,2012-02-02T12:00,12,train
9424,2012-02-02T13:00,13,train
9425,2012-02-02T14:00,14,train
9426,2012-02-02T15:00,15,train
9427,2012-02-02T16:00,16,train
9428,2012-02-02T17:00,17,train
9429,2012-02-02T18:00,18,train
9430,2012-02-02T19:00,19,train
9431,2012-02-02T20:00,20,train
9432,2012-02-02T21:00,21,train
9433,2012-02-02T22:00,22,train
9434,2012-02-02T23:00,23,train
9435,2012-02-03T00:00,0,train
9436,2012-02-03T01:00,1,train
9437,2012-02-03T02:00,2,train
9438,2012-02-03T03:00,3,train
9439,2012-02-03T04:00,4,train
9440,2012-02-03T05:00,5,train
9441,2012-02-03T06:00,6,train
9442,2012-02-03T07:00,7,train
9443,2012-02-03T08:00,8,train
9444,2012-02-03T09:00,9,train
9445,2012-02-03T10:00,10,train
9446,2012-02-03T11:00,11,train
9447,2012-02-03T12:00,12,train
9448,2012-02-03T13:00,13,train
9449,2012-02-03T14:00,14,train
9450,2012-02-03T15:00,15,train
9451,2012-02-03T16:00,16,train
9452,2012-02-03T17:00,17,train
9453,2012-02-03T18:00,18,train
9454,2012-02-03T19:00,19,train
9455,2012-02-03T20:00,20,train
9456,2012-02-03T21:00,21,train
9457,2012-02-03T22:00,22,train
9458,2012-02-03T23:00,23,train
9459,2012-02-04T00:00,0,train
9460,2012-02-04T01:00,1,train
9461,2012-02-04T02:00,2,train
9462,2012-02-04T03:00,3,train
9463,2012-02-04T04:00,4,train
9464,2012-02-04T05:00,5,train
9465,2012-02-04T06:00,6,train
9466,2012-02-04T07:00,7,train
9467,2012-02-04T08:00,8,train
9468,2012-02-04T09:00,9,train
9469,2012-02-04T10:00,10,train
9470,2012-02-04T11:00,11,train
9471,2012-02-04T12:00,12,train
9472,2012-02-04T13:00,13,train
9473,2012-02-04T14:00,14,train
9474,2012-02-04T15:00,15,train
9475,2012-02-04T16:00,16,train
9476,2012-02-04T17:00,17,train
9477,2012-02-04T18:00,18,train
9478,2012-02-04T19:00,19,train
9479,2012-02-04T20:00,20,train
9480,2012-02-04T21:00,21,train
9481,2012-02-04T22:00,22,train
9482,2012-02-04T23:00,23,train
9483,2012-02-05T00:00,0,train
9484,2012-02-05T01:00,1,train
9485,2012-02-05T02:00,2,train
9486,2012-02-05T03:00,3,train
9487,2012-02-05T04:00,4,train
9488,2012-02-05T05:00,5,train
9489,2012-02-05T06:00,6,train
9490,2012-02-05T07:00,7,train
9491,2012-02-05T08:00,8,train
9492,2012-02-05T09:00,9,train
9493,2012-02-05T10:00,10,train
9494,2012-02-05T11:00,11,train
9495,2012-02-05T12:00,12,train
9496,2012-02-05T13:00,13,train
9497,2012-02-05T14:00,14,train
9498,2012-02-05T15:00,15,train
9499,2012-02-05T16:00,16,train
9500,2012-02-05T17:00,17,train
9501,2012-02-05T18:00,18,train
9502,2012-02-05T19:00,19,train
9503,2012-02-05T20:00,20,train
9504,2012-02-05T21:00,21,train
9505,2012-02-05T22:00,22,train
9506,2012-02-05T23:00,23,train
9507,2012-02-06T00:00,0,train
9508,2012-02-06T01:00,1,train
9509,2012-02-06T02:00,2,train
9510,2012-02-06T04:00,4,train
9511,2012-02-06T05:00,5,train
9512,2012-02-06T06:00,6,train
9513,2012-02-06T07:00,7,train
9514,2012-02-06T08:00,8,train
9515,2012-02-06T09:00,9,train
9516,2012-02-06T10:00,10,train
9517,2012-02-06T11:00,11,train
9518,2012-02-06T12:00,12,train
9519,2012-02-06T13:00,13,train
9520,2012-02-06T14:00,14,train
9521,2012-02-06T15:00,15,train
9522,2012-02-06T16:00,16,train
9523,2012-02-06T17:00,17,train
9524,2012-02-06T18:00,18,train
9525,2012-02-06T19:00,19,train
9526,2012-02-06T20:00,20,train
9527,2012-02-06T21:00,21,train
9528,2012-02-06T22:00,22,train
9529,2012-02-06T23:00,23,train
9530,2012-02-07T00:00,0,train
9531,2012-02-07T01:00,1,train
9532,2012-02-07T02:00,2,train
9533,2012-02-07T03:00,3,train
9534,2012-02-07T04:00,4,train
9535,2012-02-07T05:00,5,train
9536,2012-02-07T06:00,6,train
9537,2012-02-07T07:00,7,train
9538,2012-02-07T08:00,8,train
9539,2012-02-07T09:00,9,train
9540,2012-02-07T10:00,10,train
9541,2012-02-07T11:00,11,train
9542,2012-02-07T12:00,12,train
9543,2012-02-07T13:00,13,train
9544,2012-02-07T14:00,14,train
9545,2012-02-07T15:00,15,train
9546,2012-02-07T16:00,16,train
9547,2012-02-07T17:00,17,train
9548,2012-02-07T18:00,18,train
9549,2012-02-07T19:00,19,train
9550,2012-02-07T20:00,20,train
9551,2012-02-07T21:00,21,train
9552,2012-02-07T22:00,22,train
9553,2012-02-07T23:00,23,train
9554,2012-02-08T00:00,0,train
9555,2012-02-08T01:00,1,train
9556,2012-02-08T02:00,2,train
9557,2012-02-08T03:00,3,train
9558,2012-02-08T04:00,4,train
9559,2012-02-08T05:00,5,train
9560,2012-02-08T06:00,6,train
9561,2012-02-08T07:00,7,train
9562,2012-02-08T08:00,8,train
9563,2012-02-08T09:00,9,train
9564,2012-02-08T10:00,10,train
9565,2012-02-08T11:00,11,train
9566,2012-02-08T12:00,12,train
9567,2012-02-08T13:00,13,train
9568,2012-02-08T14:00,14,train
9569,2012-02-08T15:00,15,train
9570,2012-02-08T16:00,16,train
9571,2012-02-08T17:00,17,train
9572,2012-02-08T18:00,18,train
9573,2012-02-08T19:00,19,train
9574,2012-02-08T20:00,20,train
9575,2012-02-08T21:00,21,train
9576,2012-02-08T22:00,22,train
9577,2012-02-08T23:00,23,train
9578,2012-02-09T00:00,0,train
9579,2012-02-09T01:00,1,train
9580,2012-02-09T02:00,2,train
9581,2012-02-09T03:00,3,train
9582,2012-02-09T04:00,4,train
9583,2012-02-09T05:00,5,train
9584,2012-02-09T06:00,6,train
9585,2012-02-09T07:00,7,train
9586,2012-02-09T08:00,8,train
9587,2012-02-09T09:00,9,train
9588,2012-02-09T10:00,10,train
9589,2012-02-09T11:00,11,train
9590,2012-02-09T12:00,12,train
9591,2012-02-09T13:00,13,train
9592,2012-02-09T14:00,14,train
9593,2012-02-09T15:00,15,train
9594,2012-02-09T16:00,16,train
9595,2012-02-09T17:00,17,train
9596,2012-02-09T18:00,18,train
9597,2012-02-09T19:00,19,train
9598,2012-02-09T20:00,20,train
9599,2012-02-09T21:00,21,train
9600,2012-02-09T22:00,22,train
9601,2012-02-09T23:00,23,train
9602,2012-02-10T00:00,0,train
9603,2012-02-10T01:00,1,train
9604,2012-02-10T02:00,2,train
9605,2012-02-10T03:00,3,train
9606,2012-02-10T04:00,4,train
9607,2012-02-10T05:00,5,train
9608,2012-02-10T06:00,6,train
9609,2012-02-10T07:00,7,train
9610,2012-02-10T08:00,8,train
9611,2012-02-10T09:00,9,train
9612,2012-02-10T10:00,10,train
9613,2012-02-10T11:00,11,train
9614,2012-02-10T12:00,12,train
9615,2012-02-10T13:00,13,train
9616,2012-02-10T14:00,14,train
9617,2012-02-10T15:00,15,train
9618,2012-02-10T16:00,16,train
9619,2012-02-10T17:00,17,train
9620,2012-02-10T18:00,18,train
9621,2012-02-10T19:00,19,train
9622,2012-02-10T20:00,20,train
9623,2012-02-10T21:00,21,train
9624,2012-02-10T22:00,22,train
9625,2012-02-10T23:00,23,train
9626,2012-02-11T00:00,0,train
9627,2012-02-11T01:00,1,train
9628,2012-02-11T02:00,2,train
9629,2012-02-11T03:00,3,train
9630,2012-02-11T04:00,4,train
9631,2012-02-11T05:00,5,train
9632,2012-02-11T06:00,6,train
9633,2012-02-11T07:00,7,train
9634,2012-02-11T08:00,8,train
9635,2012-02-11T09:00,9,train
9636,2012-02-11T10:00,10,train
9637,2012-02-11T11:00,11,train
9638,2012-02-11T12:00,12,train
9639,2012-02-11T13:00,13,train
9640,2012-02-11T14:00,14,train
9641,2012-02-11T15:00,15,train
9642,2012-02-11T16:00,16,train
9643,2012-02-11T17:00,17,train
9644,2012-02-11T18:00,18,train
9645,2012-02-11T19:00,19,train
9646,2012-02-11T20:00,20,train
9647,2012-02-11T21:00,21,train
9648,2012-02-11T22:00,22,train
9649,2012-02-11T23:00,23,train
9650,2012-02-12T00:00,0,train
9651,2012-02-12T01:00,1,train
9652,2012-02-12T02:00,2,train
9653,2012-02-12T03:00,3,train
9654,2012-02-12T04:00,4,train
9655,2012-02-12T05:00,5,train
9656,2012-02-12T06:00,6,train
9657,2012-02-12T07:00,7,train
9658,2012-02-12T08:00,8,train
9659,2012-02-12T09:00,9,train
9660,2012-02-12T10:00,10,train
9661,2012-02-12T11:00,11,train
9662,2012-02-12T12:00,12,train
9663,2012-02-12T13:00,13,train
9664,2012-02-12T14:00,14,train
9665,2012-02-12T15:00,15,train
9666,2012-02-12T16:00,16,train
9667,2012-02-12T17:00,17,train
9668,2012-02-12T18:00,18,train
9669,2012-02-12T19:00,19,train
9670,2012-02-12T20:00,20,train
9671,2012-02-12T21:00,21,train
9672,2012-02-12T22:00,22,train
9673,2012-02-12T23:00,23,train
9674,2012-02-13T00:00,0,train
9675,2012-02-13T01:00,1,train
9676,2012-02-13T02:00,2,train
9677,2012-02-13T03:00,3,train
9678,2012-02-13T04:00,4,train
9679,2012-02-13T05:00,5,train
9680,2012-02-13T06:00,6,train
9681,2012-02-13T07:00,7,train
9682,2012-02-13T08:00,8,train
9683,2012-02-13T09:00,9,train
9684,2012-02-13T10:00,10,train
9685,2012-02-13T11:00,11,train
9686,2012-02-13T12:00,12,train
9687,2012-02-13T13:00,13,train
9688,2012-02-13T14:00,14,train
9689,2012-02-13T15:00,15,train
9690,2012-02-13T16:00,16,train
9691,2012-02-13T17:00,17,train
9692,2012-02-13T18:00,18,train
9693,2012-02-13T19:00,19,train
9694,2012-02-13T20:00,20,train
9695,2012-02-13T21:00,21,train
9696,2012-02-13T22:00,22,train
9697,2012-02-13T23:00,23,train
9698,2012-02-14T00:00,0,train
9699,2012-02-14T01:00,1,train
9700,2012-02-14T02:00,2,train
9701,2012-02-14T03:00,3,train
9702,2012-02-14T04:00,4,train
9703,2012-02-14T05:00,5,train
9704,2012-02-14T06:00,6,train
9705,2012-02-14T07:00,7,train
9706,2012-02-14T08:00,8,train
9707,2012-02-14T09:00,9,train
9708,2012-02-14T10:00,10,train
9709,2012-02-14T11:00,11,train
9710,2012-02-14T12:00,12,train
9711,2012-02-14T13:00,13,train
9712,2012-02-14T14:00,14,train
9713,2012-02-14T15:00,15,train
9714,2012-02-14T16:00,16,train
9715,2012-02-14T17:00,17,train
9716,2012-02-14T18:00,18,train
9717,2012-02-14T19:00,19,train
9718,2012-02-14T20:00,20,train
9719,2012-02-14T21:00,21,train
9720,2012-02-14T22:00,22,train
9721,2012-02-14T23:00,23,train
9722,2012-02-15T00:00,0,train
9723,2012-02-15T01:00,1,train
9724,2012-02-15T02:00,2,train
9725,2012-02-15T03:00,3,train
9726,2012-02-15T04:00,4,train
9727,2012-02-15T05:00,5,train
9728,2012-02-15T06:00,6,train
9729,2012-02-15T07:00,7,train
9730,2012-02-15T08:00,8,train
9731,2012-02-15T09:00,9,train
9732,2012-02-15T10:00,10,train
9733,2012-02-15T11:00,11,train
9734,2012-02-15T12:00,12,train
9735,2012-02-15T13:00,13,train
9736,2012-02-15T14:00,14,train
9737,2012-02-15T15:00,15,train
9738,2012-02-15T16:00,16,train
9739,2012-02-15T17:00,17,train
9740,2012-02-15T18:00,18,train
9741,2012-02-15T19:00,19,train
9742,2012-02-15T20:00,20,train
9743,2012-02-15T21:00,21,train
9744,2012-02-15T22:00,22,train
9745,2012-02-15T23:00,23,train
9746,2012-02-16T00:00,0,train
9747,2012-02-16T01:00,1,train
9748,2012-02-16T02:00,2,train
9749,2012-02-16T03:00,3,train
9750,2012-02-16T04:00,4,train
9751,2012-02-16T05:00,5,train
9752,2012-02-16T06:00,6,train
9753,2012-02-16T07:00,7,train
9754,2012-02-16T08:00,8,train
9755,2012-02-16T09:00,9,train
9756,2012-02-16T10:00,10,train
9757,2012-02-16T11:00,11,train
9758,2012-02-16T12:00,12,train
9759,2012-02-16T13:00,13,train
9760,2012-02-16T14:00,14,train
9761,2012-02-16T15:00,15,train
9762,2012-02-16T16:00,16,train
9763,2012-02-16T17:00,17,train
9764,2012-02-16T18:00,18,train
9765,2012-02-16T19:00,19,train
9766,2012-02-16T20:00,20,train
9767,2012-02-16T21:00,21,train
9768,2012-02-16T22:00,22,train
9769,2012-02-16T23:00,23,train
9770,2012-02-17T00:00,0,train
9771,2012-02-17T01:00,1,train
9772,2012-02-17T02:00,2,train
9773,2012-02-17T03:00,3,train
9774,2012-02-17T04:00,4,train
9775,2012-02-17T05:00,5,train
9776,2012-02-17T06:00,6,train
9777,2012-02-17T07:00,7,train
9778,2012-02-17T08:00,8,train
9779,2012-02-17T09:00,9,train
9780,2012-02-17T10:00,10,train
9781,2012-02-17T11:00,11,train
9782,2012-02-17T12:00,12,train
9783,2012-02-17T13:00,13,train
9784,2012-02-17T14:00,14,train
9785,2012-02-17T15:00,15,train
9786,2012-02-17T16:00,16,train
9787,2012-02-17T17:00,17,train
9788,2012-02-17T18:00,18,train
9789,2012-02-17T19:00,19,train
9790,2012-02-17T20:00,20,train
9791,2012-02-17T21:00,21,train
9792,2012-02-17T22:00,22,train
9793,2012-02-17T23:00,23,train
9794,2012-02-18T00:00,0,train
9795,2012-02-18T01:00,1,train
9796,2012-02-18T02:00,2,train
9797,2012-02-18T03:00,3,train
9798,2012-02-18T04:00,4,train
9799,2012-02-18T05:00,5,train
9800,2012-02-18T06:00,6,train
9801,2012-02-18T07:00,7,train
9802,2012-02-18T08:00,8,train
9803,2012-02-18T09:00,9,train
9804,2012-02-18T10:00,10,train
9805,2012-02-18T11:00,11,train
9806,2012-02-18T12:00,12,train
9807,2012-02-18T13:00,13,train
9808,2012-02-18T14:00,14,train
9809,2012-02-18T15:00,15,train
9810,2012-02-18T16:00,16,train
9811,2012-02-18T17:00,17,train
9812,2012-02-18T18:00,18,train
9813,2012-02-18T19:00,19,train
9814,2012-02-18T20:00,20,train
9815,2012-02-18T21:00,21,train
9816,2012-02-18T22:00,22,train
9817,2012-02-18T23:00,23,train
9818,2012-02-19T00:00,0,train
9819,2012-02-19T01:00,1,train
9820,2012-02-19T02:00,2,train
9821,2012-02-19T03:00,3,train
9822,2012-02-19T04:00,4,train
9823,2012-02-19T05:00,5,train
9824,2012-02-19T06:00,6,train
9825,2012-02-19T07:00,7,train
9826,2012-02-19T08:00,8,train
9827,2012-02-19T09:00,9,train
9828,2012-02-19T10:00,10,train
9829,2012-02-19T11:00,11,train
9830,2012-02-19T12:00,12,train
9831,2012-02-19T13:00,13,train
9832,2012-02-19T14:00,14,train
9833,2012-02-19T15:00,15,train
9834,2012-02-19T16:00,16,train
9835,2012-02-19T17:00,17,train
9836,2012-02-19T18:00,18,train
9837,2012-02-19T19:00,19,train
9838,2012-02-19T20:00,20,train
9839,2012-02-19T21:00,21,train
9840,2012-02-19T22:00,22,train
9841,2012-02-19T23:00,23,train
9842,2012-02-20T00:00,0,train
9843,2012-02-20T01:00,1,train
9844,2012-02-20T02:00,2,train
9845,2012-02-20T03:00,3,train
9846,2012-02-20T05:00,5,train
9847,2012-02-20T06:00,6,train
9848,2012-02-20T07:00,7,train
9849,2012-02-20T08:00,8,train
9850,2012-02-20T09:00,9,train
9851,2012-02-20T10:00,10,train
9852,2012-02-20T11:00,11,train
9853,2012-02-20T12:00,12,train
9854,2012-02-20T13:00,13,train
9855,2012-02-20T14:00,14,train
9856,2012-02-20T15:00,15,train
9857,2012-02-20T16:00,16,train
9858,2012-02-20T17:00,17,train
9859,2012-02-20T18:00,18,train
9860,2012-02-20T19:00,19,train
9861,2012-02-20T20:00,20,train
9862,2012-02-20T21:00,21,train
9863,2012-02-20T22:00,22,train
9864,2012-02-20T23:00,23,train
9865,2012-02-21T00:00,0,train
9866,2012-02-21T01:00,1,train
9867,2012-02-21T02:00,2,train
9868,2012-02-21T04:00,4,train
9869,2012-02-21T05:00,5,train
9870,2012-02-21T06:00,6,train
9871,2012-02-21T07:00,7,train
9872,2012-02-21T08:00,8,train
9873,2012-02-21T09:00,9,train
9874,2012-02-21T10:00,10,train
9875,2012-02-21T11:00,11,train
9876,2012-02-21T12:00,12,train
9877,2012-02-21T13:00,13,train
9878,2012-02-21T14:00,14,train
9879,2012-02-21T15:00,15,train
9880,2012-02-21T16:00,16,train
9881,2012-02-21T17:00,17,train
9882,2012-02-21T18:00,18,train
9883,2012-02-21T19:00,19,train
9884,2012-02-21T20:00,20,train
9885,2012-02-21T21:00,21,train
9886,2012-02-21T22:00,22,train
9887,2012-02-21T23:00,23,train
9888,2012-02-22T00:00,0,train
9889,2012-02-22T01:00,1,train
9890,2012-02-22T02:00,2,train
9891,2012-02-22T03:00,3,train
9892,2012-02-22T04:00,4,train
9893,2012-02-22T05:00,5,train
9894,2012-02-22T06:00,6,train
9895,2012-02-22T07:00,7,train
9896,2012-02-22T08:00,8,train
9897,2012-02-22T09:00,9,train
9898,2012-02-22T10:00,10,train
9899,2012-02-22T11:00,11,train
9900,2012-02-22T12:00,12,train
9901,2012-02-22T13:00,13,train
9902,2012-02-22T14:00,14,train
9903,2012-02-22T15:00,15,train
9904,2012-02-22T16:00,16,train
9905,2012-02-22T17:00,17,train
9906,2012-02-22T18:00,18,train
9907,2012-02-22T19:00,19,train
9908,2012-02-22T20:00,20,train
9909,2012-02-22T21:00,21,train
9910,2012-02-22T22:00,22,train
9911,2012-02-22T23:00,23,train
9912,2012-02-23T00:00,0,train
9913,2012-02-23T01:00,1,train
9914,2012-02-23T02:00,2,train
9915,2012-02-23T03:00,3,train
9916,2012-02-23T04:00,4,train
9917,2012-02-23T05:00,5,train
9918,2012-02-23T06:00,6,train
9919,2012-02-23T07:00,7,train
9920,2012-02-23T08:00,8,train
9921,2012-02-23T09:00,9,train
9922,2012-02-23T10:00,10,train
9923,2012-02-23T11:00,11,train
9924,2012-02-23T12:00,12,train
9925,2012-02-23T13:00,13,train
9926,2012-02-23T14:00,14,train
9927,2012-02-23T15:00,15,train
9928,2012-02-23T16:00,16,train
9929,2012-02-23T17:00,17,train
9930,2012-02-23T18:00,18,train
9931,2012-02-23T19:00,19,train
9932,2012-02-23T20:00,20,train
9933,2012-02-23T21:00,21,train
9934,2012-02-23T22:00,22,train
9935,2012-02-23T23:00,23,train
9936,2012-02-24T00:00,0,train
9937,2012-02-24T01:00,1,train
9938,2012-02-24T02:00,2,train
9939,2012-02-24T03:00,3,train
9940,2012-02-24T04:00,4,train
9941,2012-02-24T05:00,5,train
9942,2012-02-24T06:00,6,train
9943,2012-02-24T07:00,7,train
9944,2012-02-24T08:00,8,train
9945,2012-02-24T09:00,9,train
9946,2012-02-24T10:00,10,train
9947,2012-02-24T11:00,11,train
9948,2012-02-24T12:00,12,train
9949,2012-02-24T13:00,13,train
9950,2012-02-24T14:00,14,train
9951,2012-02-24T15:00,15,train
9952,2012-02-24T16:00,16,train
9953,2012-02-24T17:00,17,train
9954,2012-02-24T18:00,18,train
9955,2012-02-24T19:00,19,train
9956,2012-02-24T20:00,20,train
9957,2012-02-24T21:00,21,train
9958,2012-02-24T22:00,22,train
9959,2012-02-24T23:00,23,train
9960,2012-02-25T00:00,0,train
9961,2012-02-25T01:00,1,train
9962,2012-02-25T02:00,2,train
9963,2012-02-25T03:00,3,train
9964,2012-02-25T04:00,4,train
9965,2012-02-25T05:00,5,train
9966,2012-02-25T06:00,6,train
9967,2012-02-25T07:00,7,train
9968,2012-02-25T08:00,8,train
9969,2012-02-25T09:00,9,train
9970,2012-02-25T10:00,10,train
9971,2012-02-25T11:00,11,train
9972,2012-02-25T12:00,12,train
9973,2012-02-25T13:00,13,train
9974,2012-02-25T14:00,14,train
9975,2012-02-25T15:00,15,train
9976,2012-02-25T16:00,16,train
9977,2012-02-25T17:00,17,train
9978,2012-02-25T18:00,18,train
9979,2012-02-25T19:00,19,train
9980,2012-02-25T20:00,20,train
9981,2012-02-25T21:00,21,train
9982,2012-02-25T22:00,22,train
9983,2012-02-25T23:00,23,train
9984,2012-02-26T00:00,0,train
9985,2012-02-26T01:00,1,train
9986,2012-02-26T02:00,2,train
9987,2012-02-26T03:00,3,train
9988,2012-02-26T04:00,4,train
9989,2012-02-26T05:00,5,train
9990,2012-02-26T06:00,6,train
9991,2012-02-26T07:00,7,train
9992,2012-02-26T08:00,8,train
9993,2012-02-26T09:00,9,train
9994,2012-02-26T10:00,10,train
9995,2012-02-26T11:00,11,train
9996,2012-02-26T12:00,12,train
9997,2012-02-26T13:00,13,train
9998,2012-02-26T14:00,14,train
9999,2012-02-26T15:00,15,train
10000,2012-02-26T16:00,16,train
10001,2012-02-26T17:00,17,train
10002,2012-02-26T18:00,18,train
10003,2012-02-26T19:00,19,train
10004,2012-02-26T20:00,20,train
10005,2012-02-26T21:00,21,train
10006,2012-02-26T22:00,22,train
10007,2012-02-26T23:00,23,train
10008,2012-02-27T00:00,0,train
10009,2012-02-27T01:00,1,train
10010,2012-02-27T02:00,2,train
10011,2012-02-27T03:00,3,train
10012,2012-02-27T04:00,4,train
10013,2012-02-27T05:00,5,train
10014,2012-02-27T06:00,6,train
10015,2012-02-27T07:00,7,train
10016,2012-02-27T08:00,8,train
10017,2012-02-27T09:00,9,train
10018,2012-02-27T10:00,10,train
10019,2012-02-27T11:00,11,train
10020,2012-02-27T12:00,12,train
10021,2012-02-27T13:00,13,train
10022,2012-02-27T14:00,14,train
10023,2012-02-27T15:00,15,train
10024,2012-02-27T16:00,16,train
10025,2012-02-27T17:00,17,train
10026,2012-02-27T18:00,18,train
10027,2012-02-27T19:00,19,train
10028,2012-02-27T20:00,20,train
10029,2012-02-27T21:00,21,train
10030,2012-02-27T22:00,22,train
10031,2012-02-27T23:00,23,train
10032,2012-02-28T00:00,0,train
10033,2012-02-28T01:00,1,train
10034,2012-02-28T02:00,2,train
10035,2012-02-28T03:00,3,train
10036,2012-02-28T04:00,4,train
10037,2012-02-28T05:00,5,train
10038,2012-02-28T06:00,6,train
10039,2012-02-28T07:00,7,train
10040,2012-02-28T08:00,8,train
10041,2012-02-28T09:00,9,train
10042,2012-02-28T10:00,10,train
10043,2012-02-28T11:00,11,train
10044,2012-02-28T12:00,12,train
10045,2012-02-28T13:00,13,train
10046,2012-02-28T14:00,14,train
10047,2012-02-28T15:00,15,train
10048,2012-02-28T16:00,16,train
10049,2012-02-28T17:00,17,train
10050,2012-02-28T18:00,18,train
10051,2012-02-28T19:00,19,train
10052,2012-02-28T20:00,20,train
10053,2012-02-28T21:00,21,train
10054,2012-02-28T22:00,22,train
10055,2012-02-28T23:00,23,train
10056,2012-02-29T00:00,0,train
10057,2012-02-29T01:00,1,train
10058,2012-02-29T02:00,2,train
10059,2012-02-29T03:00,3,train
10060,2012-02-29T05:00,5,train
10061,2012-02-29T06:00,6,train
10062,2012-02-29T07:00,7,train
10063,2012-02-29T08:00,8,train
10064,2012-02-29T09:00,9,train
10065,2012-02-29T10:00,10,train
10066,2012-02-29T11:00,11,train
10067,2012-02-29T12:00,12,train
10068,2012-02-29T13:00,13,train
10069,2012-02-29T14:00,14,train
10070,2012-02-29T15:00,15,train
10071,2012-02-29T16:00,16,train
10072,2012-02-29T17:00,17,train
10073,2012-02-29T18:00,18,train
10074,2012-02-29T19:00,19,train
10075,2012-02-29T20:00,20,train
10076,2012-02-29T21:00,21,train
10077,2012-02-29T22:00,22,train
10078,2012-02-29T23:00,23,train
10079,2012-03-01T00:00,0,train
10080,2012-03-01T01:00,1,train
10081,2012-03-01T02:00,2,train
10082,2012-03-01T03:00,3,train
10083,2012-03-01T04:00,4,train
10084,2012-03-01T05:00,5,train
10085,2012-03-01T06:00,6,train
10086,2012-03-01T07:00,7,train
10087,2012-03-01T08:00,8,train
10088,2012-03-01T09:00,9,train
10089,2012-03-01T10:00,10,train
10090,2012-03-01T11:00,11,train
10091,2012-03-01T12:00,12,train
10092,2012-03-01T13:00,13,train
10093,2012-03-01T14:00,14,train
10094,2012-03-01T15:00,15,train
10095,2012-03-01T16:00,16,train
10096,2012-03-01T17:00,17,train
10097,2012-03-01T18:00,18,train
10098,2012-03-01T19:00,19,train
10099,2012-03-01T20:00,20,train
10100,2012-03-01T21:00,21,train
10101,2012-03-01T22:00,22,train
10102,2012-03-01T23:00,23,train
10103,2012-03-02T00:00,0,train
10104,2012-03-02T01:00,1,train
10105,2012-03-02T02:00,2,train
10106,2012-03-02T03:00,3,train
10107,2012-03-02T04:00,4,train
10108,2012-03-02T05:00,5,train
10109,2012-03-02T06:00,6,train
10110,2012-03-02T07:00,7,train
10111,2012-03-02T08:00,8,train
10112,2012-03-02T09:00,9,train
10113,2012-03-02T10:00,10,train
10114,2012-03-02T11:00,11,train
10115,2012-03-02T12:00,12,train
10116,2012-03-02T13:00,13,train
10117,2012-03-02T14:00,14,train
10118,2012-03-02T15:00,15,train
10119,2012-03-02T16:00,16,train
10120,2012-03-02T17:00,17,train
10121,2012-03-02T18:00,18,train
10122,2012-03-02T19:00,19,train
10123,2012-03-02T20:00,20,train
10124,2012-03-02T21:00,21,train
10125,2012-03-02T22:00,22,train
10126,2012-03-02T23:00,23,train
10127,2012-03-03T00:00,0,train
10128,2012-03-03T01:00,1,train
10129,2012-03-03T02:00,2,train
10130,2012-03-03T03:00,3,train
10131,2012-03-03T04:00,4,train
10132,2012-03-03T05:00,5,train
10133,2012-03-03T06:00,6,train
10134,2012-03-03T07:00,7,train
10135,2012-03-03T08:00,8,train
10136,2012-03-03T09:00,9,train
10137,2012-03-03T10:00,10,train
10138,2012-03-03T11:00,11,train
10139,2012-03-03T12:00,12,train
10140,2012-03-03T13:00,13,train
10141,2012-03-03T14:00,14,train
10142,2012-03-03T15:00,15,train
10143,2012-03-03T16:00,16,train
10144,2012-03-03T17:00,17,train
10145,2012-03-03T18:00,18,train
10146,2012-03-03T19:00,19,train
10147,2012-03-03T20:00,20,train
10148,2012-03-03T21:00,21,train
10149,2012-03-03T22:00,22,train
10150,2012-03-03T23:00,23,train
10151,2012-03-04T00:00,0,train
10152,2012-03-04T01:00,1,train
10153,2012-03-04T02:00,2,train
10154,2012-03-04T03:00,3,train
10155,2012-03-04T04:00,4,train
10156,2012-03-04T05:00,5,train
10157,2012-03-04T06:00,6,train
10158,2012-03-04T07:00,7,train
10159,2012-03-04T08:00,8,train
10160,2012-03-04T09:00,9,train
10161,2012-03-04T10:00,10,train
10162,2012-03-04T11:00,11,train
10163,2012-03-04T12:00,12,train
10164,2012-03-04T13:00,13,train
10165,2012-03-04T14:00,14,train
10166,2012-03-04T15:00,15,train
10167,2012-03-04T16:00,16,train
10168,2012-03-04T17:00,17,train
10169,2012-03-04T18:00,18,train
10170,2012-03-04T19:00,19,train
10171,2012-03-04T20:00,20,train
10172,2012-03-04T21:00,21,train
10173,2012-03-04T22:00,22,train
10174,2012-03-04T23:00,23,train
10175,2012-03-05T00:00,0,train
10176,2012-03-05T01:00,1,train
10177,2012-03-05T02:00,2,train
10178,2012-03-05T03:00,3,train
10179,2012-03-05T04:00,4,train
10180,2012-03-05T05:00,5,train
10181,2012-03-05T06:00,6,train
10182,2012-03-05T07:00,7,train
10183,2012-03-05T08:00,8,train
10184,2012-03-05T09:00,9,train
10185,2012-03-05T10:00,10,train
10186,2012-03-05T11:00,11,train
10187,2012-03-05T12:00,12,train
10188,2012-03-05T13:00,13,train
10189,2012-03-05T14:00,14,train
10190,2012-03-05T15:00,15,train
10191,2012-03-05T16:00,16,train
10192,2012-03-05T17:00,17,train
10193,2012-03-05T18:00,18,train
10194,2012-03-05T19:00,19,train
10195,2012-03-05T20:00,20,train
10196,2012-03-05T21:00,21,train
10197,2012-03-05T22:00,22,train
10198,2012-03-05T23:00,23,train
10199,2012-03-06T00:00,0,train
10200,2012-03-06T01:00,1,train
10201,2012-03-06T02:00,2,train
10202,2012-03-06T03:00,3,train
10203,2012-03-06T04:00,4,train
10204,2012-03-06T05:00,5,train
10205,2012-03-06T06:00,6,train
10206,2012-03-06T07:00,7,train
10207,2012-03-06T08:00,8,train
10208,2012-03-06T09:00,9,train
10209,2012-03-06T10:00,10,train
10210,2012-03-06T11:00,11,train
10211,2012-03-06T12:00,12,train
10212,2012-03-06T13:00,13,train
10213,2012-03-06T14:00,14,train
10214,2012-03-06T15:00,15,train
10215,2012-03-06T16:00,16,train
10216,2012-03-06T17:00,17,train
10217,2012-03-06T18:00,18,train
10218,2012-03-06T19:00,19,train
10219,2012-03-06T20:00,20,train
10220,2012-03-06T21:00,21,train
10221,2012-03-06T22:00,22,train
10222,2012-03-06T23:00,23,train
10223,2012-03-07T00:00,0,train
10224,2012-03-07T01:00,1,train
10225,2012-03-07T02:00,2,train
10226,2012-03-07T03:00,3,train
10227,2012-03-07T04:00,4,train
10228,2012-03-07T05:00,5,train
10229,2012-03-07T06:00,6,train
10230,2012-03-07T07:00,7,train
10231,2012-03-07T08:00,8,train
10232,2012-03-07T09:00,9,train
10233,2012-03-07T10:00,10,train
10234,2012-03-07T11:00,11,train
10235,2012-03-07T12:00,12,train
10236,2012-03-07T13:00,13,train
10237,2012-03-07T14:00,14,train
10238,2012-03-07T15:00,15,train
10239,2012-03-07T16:00,16,train
10240,2012-03-07T17:00,17,train
10241,2012-03-07T18:00,18,train
10242,2012-03-07T19:00,19,train
10243,2012-03-07T20:00,20,train
10244,2012-03-07T21:00,21,train
10245,2012-03-07T22:00,22,train
10246,2012-03-07T23:00,23,train
10247,2012-03-08T00:00,0,train
10248,2012-03-08T01:00,1,train
10249,2012-03-08T02:00,2,train
10250,2012-03-08T03:00,3,train
10251,2012-03-08T04:00,4,train
10252,2012-03-08T05:00,5,train
10253,2012-03-08T06:00,6,train
10254,2012-03-08T07:00,7,train
10255,2012-03-08T08:00,8,train
10256,2012-03-08T09:00,9,train
10257,2012-03-08T10:00,10,train
10258,2012-03-08T11:00,11,train
10259,2012-03-08T12:00,12,train
10260,2012-03-08T13:00,13,train
10261,2012-03-08T14:00,14,train
10262,2012-03-08T15:00,15,train
10263,2012-03-08T16:00,16,train
10264,2012-03-08T17:00,17,train
10265,2012-03-08T18:00,18,train
10266,2012-03-08T19:00,19,train
10267,2012-03-08T20:00,20,train
10268,2012-03-08T21:00,21,train
10269,2012-03-08T22:00,22,train
10270,2012-03-08T23:00,23,train
10271,2012-03-09T00:00,0,train
10272,2012-03-09T01:00,1,train
10273,2012-03-09T02:00,2,train
10274,2012-03-09T03:00,3,train
10275,2012-03-09T04:00,4,train
10276,2012-03-09T05:00,5,train
10277,2012-03-09T06:00,6,train
10278,2012-03-09T07:00,7,train
10279,2012-03-09T08:00,8,train
10280,2012-03-09T09:00,9,train
10281,2012-03-09T10:00,10,train
10282,2012-03-09T11:00,11,train
10283,2012-03-09T12:00,12,train
10284,2012-03-09T13:00,13,train
10285,2012-03-09T14:00,14,train
10286,2012-03-09T15:00,15,train
10287,2012-03-09T16:00,16,train
10288,2012-03-09T17:00,17,train
10289,2012-03-09T18:00,18,train
10290,2012-03-09T19:00,19,train
10291,2012-03-09T20:00,20,train
10292,2012-03-09T21:00,21,train
10293,2012-03-09T22:00,22,train
10294,2012-03-09T23:00,23,train
10295,2012-03-10T00:00,0,train
10296,2012-03-10T01:00,1,train
10297,2012-03-10T02:00,2,train
10298,2012-03-10T03:00,3,train
10299,2012-03-10T04:00,4,train
10300,2012-03-10T05:00,5,train
10301,2012-03-10T06:00,6,train
10302,2012-03-10T07:00,7,train
10303,2012-03-10T08:00,8,train
10304,2012-03-10T09:00,9,train
10305,2012-03-10T10:00,10,train
10306,2012-03-10T11:00,11,train
10307,2012-03-10T12:00,12,train
10308,2012-03-10T13:00,13,train
10309,2012-03-10T14:00,14,train
10310,2012-03-10T15:00,15,train
10311,2012-03-10T16:00,16,train
10312,2012-03-10T17:00,17,train
10313,2012-03-10T18:00,18,train
10314,2012-03-10T19:00,19,train
10315,2012-03-10T20:00,20,train
10316,2012-03-10T21:00,21,train
10317,2012-03-10T22:00,22,train
10318,2012-03-10T23:00,23,train
10319,2012-03-11T00:00,0,train
10320,2012-03-11T01:00,1,train
10321,2012-03-11T03:00,3,train
10322,2012-03-11T04:00,4,train
10323,2012-03-11T05:00,5,train
10324,2012-03-11T06:00,6,train
10325,2012-03-11T07:00,7,train
10326,2012-03-11T08:00,8,train
10327,2012-03-11T09:00,9,train
10328,2012-03-11T10:00,10,train
10329,2012-03-11T11:00,11,train
10330,2012-03-11T12:00,12,train
10331,2012-03-11T13:00,13,train
10332,2012-03-11T14:00,14,train
10333,2012-03-11T15:00,15,train
10334,2012-03-11T16:00,16,train
10335,2012-03-11T17:00,17,train
10336,2012-03-11T18:00,18,train
10337,2012-03-11T19:00,19,train
10338,2012-03-11T20:00,20,train
10339,2012-03-11T21:00,21,train
10340,2012-03-11T22:00,22,train
10341,2012-03-11T23:00,23,train
10342,2012-03-12T00:00,0,train
10343,2012-03-12T01:00,1,train
10344,2012-03-12T02:00,2,train
10345,2012-03-12T03:00,3,train
10346,2012-03-12T04:00,4,train
10347,2012-03-12T05:00,5,train
10348,2012-03-12T06:00,6,train
10349,2012-03-12T07:00,7,train
10350,2012-03-12T08:00,8,train
10351,2012-03-12T09:00,9,train
10352,2012-03-12T10:00,10,train
10353,2012-03-12T11:00,11,train
10354,2012-03-12T12:00,12,train
10355,2012-03-12T13:00,13,train
10356,2012-03-12T14:00,14,train
10357,2012-03-12T15:00,15,train
10358,2012-03-12T16:00,16,train
10359,2012-03-12T17:00,17,train
10360,2012-03-12T18:00,18,train
10361,2012-03-12T19:00,19,train
10362,2012-03-12T20:00,20,train
10363,2012-03-12T21:00,21,train
10364,2012-03-12T22:00,22,train
10365,2012-03-12T23:00,23,train
10366,2012-03-13T00:00,0,train
10367,2012-03-13T01:00,1,train
10368,2012-03-13T02:00,2,train
10369,2012-03-13T03:00,3,train
10370,2012-03-13T04:00,4,train
10371,2012-03-13T05:00,5,train
10372,2012-03-13T06:00,6,train
10373,2012-03-13T07:00,7,train
10374,2012-03-13T08:00,8,train
10375,2012-03-13T09:00,9,train
10376,2012-03-13T10:00,10,train
10377,2012-03-13T11:00,11,train
10378,2012-03-13T12:00,12,train
10379,2012-03-13T13:00,13,train
10380,2012-03-13T14:00,14,train
10381,2012-03-13T15:00,15,train
10382,2012-03-13T16:00,16,train
10383,2012-03-13T17:00,17,train
10384,2012-03-13T18:00,18,train
10385,2012-03-13T19:00,19,train
10386,2012-03-13T20:00,20,train
10387,2012-03-13T21:00,21,train
10388,2012-03-13T22:00,22,train
10389,2012-03-13T23:00,23,train
10390,2012-03-14T00:00,0,train
10391,2012-03-14T01:00,1,train
10392,2012-03-14T02:00,2,train
10393,2012-03-14T03:00,3,train
10394,2012-03-14T04:00,4,train
10395,2012-03-14T05:00,5,train
10396,2012-03-14T06:00,6,train
10397,2012-03-14T07:00,7,train
10398,2012-03-14T08:00,8,train
10399,2012-03-14T09:00,9,train
10400,2012-03-14T10:00,10,train
10401,2012-03-14T11:00,11,train
10402,2012-03-14T12:00,12,train
10403,2012-03-14T13:00,13,train
10404,2012-03-14T14:00,14,train
10405,2012-03-14T15:00,15,train
10406,2012-03-14T16:00,16,train
10407,2012-03-14T17:00,17,train
10408,2012-03-14T18:00,18,train
10409,2012-03-14T19:00,19,train
10410,2012-03-14T20:00,20,train
10411,2012-03-14T21:00,21,train
10412,2012-03-14T22:00,22,train
10413,2012-03-14T23:00,23,train
10414,2012-03-15T00:00,0,train
10415,2012-03-15T01:00,1,train
10416,2012-03-15T02:00,2,train
10417,2012-03-15T03:00,3,train
10418,2012-03-15T04:00,4,train
10419,2012-03-15T05:00,5,train
10420,2012-03-15T06:00,6,train
10421,2012-03-15T07:00,7,train
10422,2012-03-15T08:00,8,train
10423,2012-03-15T09:00,9,train
10424,2012-03-15T10:00,10,train
10425,2012-03-15T11:00,11,train
10426,2012-03-15T12:00,12,train
10427,2012-03-15T13:00,13,train
10428,2012-03-15T14:00,14,train
10429,2012-03-15T15:00,15,train
10430,2012-03-15T16:00,16,train
10431,2012-03-15T17:00,17,train
10432,2012-03-15T18:00,18,train
10433,2012-03-15T19:00,19,train
10434,2012-03-15T20:00,20,train
10435,2012-03-15T21:00,21,train
10436,2012-03-15T22:00,22,train
10437,2012-03-15T23:00,23,train
10438,2012-03-16T00:00,0,train
10439,2012-03-16T01:00,1,train
10440,2012-03-16T02:00,2,train
10441,2012-03-16T03:00,3,train
10442,2012-03-16T04:00,4,train
10443,2012-03-16T05:00,5,train
10444,2012-03-16T06:00,6,train
10445,2012-03-16T07:00,7,train
10446,2012-03-16T08:00,8,train
10447,2012-03-16T09:00,9,train
10448,2012-03-16T10:00,10,train
10449,2012-03-16T11:00,11,train
10450,2012-03-16T12:00,12,train
10451,2012-03-16T13:00,13,train
10452,2012-03-16T14:00,14,train
10453,2012-03-16T15:00,15,train
10454,2012-03-16T16:00,16,train
10455,2012-03-16T17:00,17,train
10456,2012-03-16T18:00,18,train
10457,2012-03-16T19:00,19,train
10458,2012-03-16T20:00,20,train
10459,2012-03-16T21:00,21,train
10460,2012-03-16T22:00,22,train
10461,2012-03-16T23:00,23,train
10462,2012-03-17T00:00,0,train
10463,2012-03-17T01:00,1,train
10464,2012-03-17T02:00,2,train
10465,2012-03-17T03:00,3,train
10466,2012-03-17T04:00,4,train
10467,2012-03-17T05:00,5,train
10468,2012-03-17T06:00,6,train
10469,2012-03-17T07:00,7,train
10470,2012-03-17T08:00,8,train
10471,2012-03-17T09:00,9,train
10472,2012-03-17T10:00,10,train
10473,2012-03-17T11:00,11,train
10474,2012-03-17T12:00,12,train
10475,2012-03-17T13:00,13,train
10476,2012-03-17T14:00,14,train
10477,2012-03-17T15:00,15,train
10478,2012-03-17T16:00,16,train
10479,2012-03-17T17:00,17,train
10480,2012-03-17T18:00,18,train
10481,2012-03-17T19:00,19,train
10482,2012-03-17T20:00,20,train
10483,2012-03-17T21:00,21,train
10484,2012-03-17T22:00,22,train
10485,2012-03-17T23:00,23,train
10486,2012-03-18T00:00,0,train
10487,2012-03-18T01:00,1,train
10488,2012-03-18T02:00,2,train
10489,2012-03-18T03:00,3,train
10490,2012-03-18T04:00,4,train
10491,2012-03-18T05:00,5,train
10492,2012-03-18T06:00,6,train
10493,2012-03-18T07:00,7,train
10494,2012-03-18T08:00,8,train
10495,2012-03-18T09:00,9,train
10496,2012-03-18T10:00,10,train
10497,2012-03-18T11:00,11,train
10498,2012-03-18T12:00,12,train
10499,2012-03-18T13:00,13,train
10500,2012-03-18T14:00,14,train
10501,2012-03-18T15:00,15,train
10502,2012-03-18T16:00,16,train
10503,2012-03-18T17:00,17,train
10504,2012-03-18T18:00,18,train
10505,2012-03-18T19:00,19,train
10506,2012-03-18T20:00,20,train
10507,2012-03-18T21:00,21,train
10508,2012-03-18T22:00,22,train
10509,2012-03-18T23:00,23,train
10510,2012-03-19T00:00,0,train
10511,2012-03-19T01:00,1,train
10512,2012-03-19T02:00,2,train
10513,2012-03-19T03:00,3,train
10514,2012-03-19T04:00,4,train
10515,2012-03-19T05:00,5,train
10516,2012-03-19T06:00,6,train
10517,2012-03-19T07:00,7,train
10518,2012-03-19T08:00,8,train
10519,2012-03-19T09:00,9,train
10520,2012-03-19T10:00,10,train
10521,2012-03-19T11:00,11,train
10522,2012-03-19T12:00,12,train
10523,2012-03-19T13:00,13,train
10524,2012-03-19T14:00,14,train
10525,2012-03-19T15:00,15,train
10526,2012-03-19T16:00,16,train
10527,2012-03-19T17:00,17,train
10528,2012-03-19T18:00,18,train
10529,2012-03-19T19:00,19,train
10530,2012-03-19T20:00,20,train
10531,2012-03-19T21:00,21,train
10532,2012-03-19T22:00,22,train
10533,2012-03-19T23:00,23,train
10534,2012-03-20T00:00,0,train
10535,2012-03-20T01:00,1,train
10536,2012-03-20T02:00,2,train
10537,2012-03-20T03:00,3,train
10538,2012-03-20T04:00,4,train
10539,2012-03-20T05:00,5,train
10540,2012-03-20T06:00,6,train
10541,2012-03-20T07:00,7,train
10542,2012-03-20T08:00,8,train
10543,2012-03-20T09:00,9,train
10544,2012-03-20T10:00,10,train
10545,2012-03-20T11:00,11,train
10546,2012-03-20T12:00,12,train
10547,2012-03-20T13:00,13,train
10548,2012-03-20T14:00,14,train
10549,2012-03-20T15:00,15,train
10550,2012-03-20T16:00,16,train
10551,2012-03-20T17:00,17,train
10552,2012-03-20T18:00,18,train
10553,2012-03-20T19:00,19,train
10554,2012-03-20T20:00,20,train
10555,2012-03-20T21:00,21,train
10556,2012-03-20T22:00,22,train
10557,2012-03-20T23:00,23,train
10558,2012-03-21T00:00,0,train
10559,2012-03-21T01:00,1,train
10560,2012-03-21T02:00,2,train
10561,2012-03-21T03:00,3,train
10562,2012-03-21T04:00,4,train
10563,2012-03-21T05:00,5,train
10564,2012-03-21T06:00,6,train
10565,2012-03-21T07:00,7,train
10566,2012-03-21T08:00,8,train
10567,2012-03-21T09:00,9,train
10568,2012-03-21T10:00,10,train
10569,2012-03-21T11:00,11,train
10570,2012-03-21T12:00,12,train
10571,2012-03-21T13:00,13,train
10572,2012-03-21T14:00,14,train
10573,2012-03-21T15:00,15,train
10574,2012-03-21T16:00,16,train
10575,2012-03-21T17:00,17,train
10576,2012-03-21T18:00,18,train
10577,2012-03-21T19:00,19,train
10578,2012-03-21T20:00,20,train
10579,2012-03-21T21:00,21,train
10580,2012-03-21T22:00,22,train
10581,2012-03-21T23:00,23,train
10582,2012-03-22T00:00,0,train
10583,2012-03-22T01:00,1,train
10584,2012-03-22T02:00,2,train
10585,2012-03-22T03:00,3,train
10586,2012-03-22T04:00,4,train
10587,2012-03-22T05:00,5,train
10588,2012-03-22T06:00,6,train
10589,2012-03-22T07:00,7,train
10590,2012-03-22T08:00,8,train
10591,2012-03-22T09:00,9,train
10592,2012-03-22T10:00,10,train
10593,2012-03-22T11:00,11,train
10594,2012-03-22T12:00,12,train
10595,2012-03-22T13:00,13,train
10596,2012-03-22T14:00,14,train
10597,2012-03-22T15:00,15,train
10598,2012-03-22T16:00,16,train
10599,2012-03-22T17:00,17,train
10600,2012-03-22T18:00,18,train
10601,2012-03-22T19:00,19,train
10602,2012-03-22T20:00,20,train
10603,2012-03-22T21:00,21,train
10604,2012-03-22T22:00,22,train
10605,2012-03-22T23:00,23,train
10606,2012-03-23T00:00,0,train
10607,2012-03-23T01:00,1,train
10608,2012-03-23T02:00,2,train
10609,2012-03-23T03:00,3,train
10610,2012-03-23T04:00,4,train
10611,2012-03-23T05:00,5,train
10612,2012-03-23T06:00,6,train
10613,2012-03-23T07:00,7,train
10614,2012-03-23T08:00,8,train
10615,2012-03-23T09:00,9,train
10616,2012-03-23T10:00,10,train
10617,2012-03-23T11:00,11,train
10618,2012-03-23T12:00,12,train
10619,2012-03-23T13:00,13,train
10620,2012-03-23T14:00,14,train
10621,2012-03-23T15:00,15,train
10622,2012-03-23T16:00,16,train
10623,2012-03-23T17:00,17,train
10624,2012-03-23T18:00,18,train
10625,2012-03-23T19:00,19,train
10626,2012-03-23T20:00,20,train
10627,2012-03-23T21:00,21,train
10628,2012-03-23T22:00,22,train
10629,2012-03-23T23:00,23,train
10630,2012-03-24T00:00,0,train
10631,2012-03-24T01:00,1,train
10632,2012-03-24T02:00,2,train
10633,2012-03-24T03:00,3,train
10634,2012-03-24T04:00,4,train
10635,2012-03-24T05:00,5,train
10636,2012-03-24T06:00,6,train
10637,2012-03-24T07:00,7,train
10638,2012-03-24T08:00,8,train
10639,2012-03-24T09:00,9,train
10640,2012-03-24T10:00,10,train
10641,2012-03-24T11:00,11,train
10642,2012-03-24T12:00,12,train
10643,2012-03-24T13:00,13,train
10644,2012-03-24T14:00,14,train
10645,2012-03-24T15:00,15,train
10646,2012-03-24T16:00,16,train
10647,2012-03-24T17:00,17,train
10648,2012-03-24T18:00,18,train
10649,2012-03-24T19:00,19,train
10650,2012-03-24T20:00,20,train
10651,2012-03-24T21:00,21,train
10652,2012-03-24T22:00,22,train
10653,2012-03-24T23:00,23,train
10654,2012-03-25T00:00,0,train
10655,2012-03-25T01:00,1,train
10656,2012-03-25T02:00,2,train
10657,2012-03-25T03:00,3,train
10658,2012-03-25T04:00,4,train
10659,2012-03-25T05:00,5,train
10660,2012-03-25T06:00,6,train
10661,2012-03-25T07:00,7,train
10662,2012-03-25T08:00,8,train
10663,2012-03-25T09:00,9,train
10664,2012-03-25T10:00,10,train
10665,2012-03-25T11:00,11,train
10666,2012-03-25T12:00,12,train
10667,2012-03-25T13:00,13,train
10668,2012-03-25T14:00,14,train
10669,2012-03-25T15:00,15,train
10670,2012-03-25T16:00,16,train
10671,2012-03-25T17:00,17,train
10672,2012-03-25T18:00,18,train
10673,2012-03-25T19:00,19,train
10674,2012-03-25T20:00,20,train
10675,2012-03-25T21:00,21,train
10676,2012-03-25T22:00,22,train
10677,2012-03-25T23:00,23,train
10678,2012-03-26T00:00,0,train
10679,2012-03-26T01:00,1,train
10680,2012-03-26T02:00,2,train
10681,2012-03-26T03:00,3,train
10682,2012-03-26T04:00,4,train
10683,2012-03-26T05:00,5,train
10684,2012-03-26T06:00,6,train
10685,2012-03-26T07:00,7,train
10686,2012-03-26T08:00,8,train
10687,2012-03-26T09:00,9,train
10688,2012-03-26T10:00,10,train
10689,2012-03-26T11:00,11,train
10690,2012-03-26T12:00,12,train
10691,2012-03-26T13:00,13,train
10692,2012-03-26T14:00,14,train
10693,2012-03-26T15:00,15,train
10694,2012-03-26T16:00,16,train
10695,2012-03-26T17:00,17,train
10696,2012-03-26T18:00,18,train
10697,2012-03-26T19:00,19,train
10698,2012-03-26T20:00,20,train
10699,2012-03-26T21:00,21,train
10700,2012-03-26T22:00,22,train
10701,2012-03-26T23:00,23,train
10702,2012-03-27T00:00,0,train
10703,2012-03-27T01:00,1,train
10704,2012-03-27T02:00,2,train
10705,2012-03-27T03:00,3,train
10706,2012-03-27T04:00,4,train
10707,2012-03-27T05:00,5,train
10708,2012-03-27T06:00,6,train
10709,2012-03-27T07:00,7,train
10710,2012-03-27T08:00,8,train
10711,2012-03-27T09:00,9,train
10712,2012-03-27T10:00,10,train
10713,2012-03-27T11:00,11,train
10714,2012-03-27T12:00,12,train
10715,2012-03-27T13:00,13,train
10716,2012-03-27T14:00,14,train
10717,2012-03-27T15:00,15,train
10718,2012-03-27T16:00,16,train
10719,2012-03-27T17:00,17,train
10720,2012-03-27T18:00,18,train
10721,2012-03-27T19:00,19,train
10722,2012-03-27T20:00,20,train
10723,2012-03-27T21:00,21,train
10724,2012-03-27T22:00,22,train
10725,2012-03-27T23:00,23,train
10726,2012-03-28T00:00,0,train
10727,2012-03-28T01:00,1,train
10728,2012-03-28T02:00,2,train
10729,2012-03-28T03:00,3,train
10730,2012-03-28T04:00,4,train
10731,2012-03-28T05:00,5,train
10732,2012-03-28T06:00,6,train
10733,2012-03-28T07:00,7,train
10734,2012-03-28T08:00,8,train
10735,2012-03-28T09:00,9,train
10736,2012-03-28T10:00,10,train
10737,2012-03-28T11:00,11,train
10738,2012-03-28T12:00,12,train
10739,2012-03-28T13:00,13,train
10740,2012-03-28T14:00,14,train
10741,2012-03-28T15:00,15,train
10742,2012-03-28T16:00,16,train
10743,2012-03-28T17:00,17,train
10744,2012-03-28T18:00,18,train
10745,2012-03-28T19:00,19,train
10746,2012-03-28T20:00,20,train
10747,2012-03-28T21:00,21,train
10748,2012-03-28T22:00,22,train
10749,2012-03-28T23:00,23,train
10750,2012-03-29T00:00,0,train
10751,2012-03-29T01:00,1,train
10752,2012-03-29T02:00,2,train
10753,2012-03-29T03:00,3,train
10754,2012-03-29T04:00,4,train
10755,2012-03-29T05:00,5,train
10756,2012-03-29T06:00,6,train
10757,2012-03-29T07:00,7,train
10758,2012-03-29T08:00,8,train
10759,2012-03-29T09:00,9,train
10760,2012-03-29T10:00,10,train
10761,2012-03-29T11:00,11,train
10762,2012-03-29T12:00,12,train
10763,2012-03-29T13:00,13,train
10764,2012-03-29T14:00,14,train
10765,2012-03-29T15:00,15,train
10766,2012-03-29T16:00,16,train
10767,2012-03-29T17:00,17,train
10768,2012-03-29T18:00,18,train
10769,2012-03-29T19:00,19,train
10770,2012-03-29T20:00,20,train
10771,2012-03-29T21:00,21,train
10772,2012-03-29T22:00,22,train
10773,2012-03-29T23:00,23,train
10774,2012-03-30T00:00,0,train
10775,2012-03-30T01:00,1,train
10776,2012-03-30T02:00,2,train
10777,2012-03-30T03:00,3,train
10778,2012-03-30T04:00,4,train
10779,2012-03-30T05:00,5,train
10780,2012-03-30T06:00,6,train
10781,2012-03-30T07:00,7,train
10782,2012-03-30T08:00,8,train
10783,2012-03-30T09:00,9,train
10784,2012-03-30T10:00,10,train
10785,2012-03-30T11:00,11,train
10786,2012-03-30T12:00,12,train
10787,2012-03-30T13:00,13,train
10788,2012-03-30T14:00,14,train
10789,2012-03-30T15:00,15,train
10790,2012-03-30T16:00,16,train
10791,2012-03-30T17:00,17,train
10792,2012-03-30T18:00,18,train
10793,2012-03-30T19:00,19,train
10794,2012-03-30T20:00,20,train
10795,2012-03-30T21:00,21,train
10796,2012-03-30T22:00,22,train
10797,2012-03-30T23:00,23,train
10798,2012-03-31T00:00,0,train
10799,2012-03-31T01:00,1,train
10800,2012-03-31T02:00,2,train
10801,2012-03-31T03:00,3,train
10802,2012-03-31T04:00,4,train
10803,2012-03-31T05:00,5,train
10804,2012-03-31T06:00,6,train
10805,2012-03-31T07:00,7,train
10806,2012-03-31T08:00,8,train
10807,2012-03-31T09:00,9,train
10808,2012-03-31T10:00,10,train
10809,2012-03-31T11:00,11,train
10810,2012-03-31T12:00,12,train
10811,2012-03-31T13:00,13,train
10812,2012-03-31T14:00,14,train
10813,2012-03-31T15:00,15,train
10814,2012-03-31T16:00,16,train
10815,2012-03-31T17:00,17,train
10816,2012-03-31T18:00,18,train
10817,2012-03-31T19:00,19,train
10818,2012-03-31T20:00,20,train
10819,2012-03-31T21:00,21,train
10820,2012-03-31T22:00,22,train
10821,2012-03-31T23:00,23,train
10822,2012-04-01T00:00,0,train
10823,2012-04-01T01:00,1,train
10824,2012-04-01T02:00,2,train
10825,2012-04-01T03:00,3,train
10826,2012-04-01T04:00,4,train
10827,2012-04-01T05:00,5,train
10828,2012-04-01T06:00,6,train
10829,2012-04-01T07:00,7,train
10830,2012-04-01T08:00,8,train
10831,2012-04-01T09:00,9,train
10832,2012-04-01T10:00,10,train
10833,2012-04-01T11:00,11,train
10834,2012-04-01T12:00,12,train
10835,2012-04-01T13:00,13,train
10836,2012-04-01T14:00,14,train
10837,2012-04-01T15:00,15,train
10838,2012-04-01T16:00,16,train
10839,2012-04-01T17:00,17,train
10840,2012-04-01T18:00,18,train
10841,2012-04-01T19:00,19,train
10842,2012-04-01T20:00,20,train
10843,2012-04-01T21:00,21,train
10844,2012-04-01T22:00,22,train
10845,2012-04-01T23:00,23,train
10846,2012-04-02T00:00,0,train
10847,2012-04-02T01:00,1,train
10848,2012-04-02T02:00,2,train
10849,2012-04-02T04:00,4,train
10850,2012-04-02T05:00,5,train
10851,2012-04-02T06:00,6,train
10852,2012-04-02T07:00,7,train
10853,2012-04-02T08:00,8,train
10854,2012-04-02T09:00,9,train
10855,2012-04-02T10:00,10,train
10856,2012-04-02T11:00,11,train
10857,2012-04-02T12:00,12,train
10858,2012-04-02T13:00,13,train
10859,2012-04-02T14:00,14,train
10860,2012-04-02T15:00,15,train
10861,2012-04-02T16:00,16,train
10862,2012-04-02T17:00,17,train
10863,2012-04-02T18:00,18,train
10864,2012-04-02T19:00,19,train
10865,2012-04-02T20:00,20,train
10866,2012-04-02T21:00,21,train
10867,2012-04-02T22:00,22,train
10868,2012-04-02T23:00,23,train
10869,2012-04-03T00:00,0,train
10870,2012-04-03T01:00,1,train
10871,2012-04-03T02:00,2,train
10872,2012-04-03T03:00,3,train
10873,2012-04-03T04:00,4,train
10874,2012-04-03T05:00,5,train
10875,2012-04-03T06:00,6,train
10876,2012-04-03T07:00,7,train
10877,2012-04-03T08:00,8,train
10878,2012-04-03T09:00,9,train
10879,2012-04-03T10:00,10,train
10880,2012-04-03T11:00,11,train
10881,2012-04-03T12:00,12,train
10882,2012-04-03T13:00,13,train
10883,2012-04-03T14:00,14,train
10884,2012-04-03T15:00,15,train
10885,2012-04-03T16:00,16,train
10886,2012-04-03T17:00,17,train
10887,2012-04-03T18:00,18,train
10888,2012-04-03T19:00,19,train
10889,2012-04-03T20:00,20,train
10890,2012-04-03T21:00,21,train
10891,2012-04-03T22:00,22,train
10892,2012-04-03T23:00,23,train
10893,2012-04-04T00:00,0,train
10894,2012-04-04T01:00,1,train
10895,2012-04-04T02:00,2,train
10896,2012-04-04T03:00,3,train
10897,2012-04-04T04:00,4,train
10898,2012-04-04T05:00,5,train
10899,2012-04-04T06:00,6,train
10900,2012-04-04T07:00,7,train
10901,2012-04-04T08:00,8,train
10902,2012-04-04T09:00,9,train
10903,2012-04-04T10:00,10,train
10904,2012-04-04T11:00,11,train
10905,2012-04-04T12:00,12,train
10906,2012-04-04T13:00,13,train
10907,2012-04-04T14:00,14,train
10908,2012-04-04T15:00,15,train
10909,2012-04-04T16:00,16,train
10910,2012-04-04T17:00,17,train
10911,2012-04-04T18:00,18,train
10912,2012-04-04T19:00,19,train
10913,2012-04-04T20:00,20,train
10914,2012-04-04T21:00,21,train
10915,2012-04-04T22:00,22,train
10916,2012-04-04T23:00,23,train
10917,2012-04-05T00:00,0,train
10918,2012-04-05T01:00,1,train
10919,2012-04-05T02:00,2,train
10920,2012-04-05T03:00,3,train
10921,2012-04-05T04:00,4,train
10922,2012-04-05T05:00,5,train
10923,2012-04-05T06:00,6,train
10924,2012-04-05T07:00,7,train
10925,2012-04-05T08:00,8,train
10926,2012-04-05T09:00,9,train
10927,2012-04-05T10:00,10,train
10928,2012-04-05T11:00,11,train
10929,2012-04-05T12:00,12,train
10930,2012-04-05T13:00,13,train
10931,2012-04-05T14:00,14,train
10932,2012-04-05T15:00,15,train
10933,2012-04-05T16:00,16,train
10934,2012-04-05T17:00,17,train
10935,2012-04-05T18:00,18,train
10936,2012-04-05T19:00,19,train
10937,2012-04-05T20:00,20,train
10938,2012-04-05T21:00,21,train
10939,2012-04-05T22:00,22,train
10940,2012-04-05T23:00,23,train
10941,2012-04-06T00:00,0,train
10942,2012-04-06T01:00,1,train
10943,2012-04-06T02:00,2,train
10944,2012-04-06T03:00,3,train
10945,2012-04-06T04:00,4,train
10946,2012-04-06T05:00,5,train
10947,2012-04-06T06:00,6,train
10948,2012-04-06T07:00,7,train
10949,2012-04-06T08:00,8,train
10950,2012-04-06T09:00,9,train
10951,2012-04-06T10:00,10,train
10952,2012-04-06T11:00,11,train
10953,2012-04-06T12:00,12,train
10954,2012-04-06T13:00,13,train
10955,2012-04-06T14:00,14,train
10956,2012-04-06T15:00,15,train
10957,2012-04-06T16:00,16,train
10958,2012-04-06T17:00,17,train
10959,2012-04-06T18:00,18,train
10960,2012-04-06T19:00,19,train
10961,2012-04-06T20:00,20,train
10962,2012-04-06T21:00,21,train
10963,2012-04-06T22:00,22,train
10964,2012-04-06T23:00,23,train
10965,2012-04-07T00:00,0,train
10966,2012-04-07T01:00,1,train
10967,2012-04-07T02:00,2,train
10968,2012-04-07T03:00,3,train
10969,2012-04-07T04:00,4,train
10970,2012-04-07T05:00,5,train
10971,2012-04-07T06:00,6,train
10972,2012-04-07T07:00,7,train
10973,2012-04-07T08:00,8,train
10974,2012-04-07T09:00,9,train
10975,2012-04-07T10:00,10,train
10976,2012-04-07T11:00,11,train
10977,2012-04-07T12:00,12,train
10978,2012-04-07T13:00,13,train
10979,2012-04-07T14:00,14,train
10980,2012-04-07T15:00,15,train
10981,2012-04-07T16:00,16,train
10982,2012-04-07T17:00,17,train
10983,2012-04-07T18:00,18,train
10984,2012-04-07T19:00,19,train
10985,2012-04-07T20:00,20,train
10986,2012-04-07T21:00,21,train
10987,2012-04-07T22:00,22,train
10988,2012-04-07T23:00,23,train
10989,2012-04-08T00:00,0,train
10990,2012-04-08T01:00,1,train
10991,2012-04-08T02:00,2,train
10992,2012-04-08T03:00,3,train
10993,2012-04-08T04:00,4,train
10994,2012-04-08T05:00,5,train
10995,2012-04-08T06:00,6,train
10996,2012-04-08T07:00,7,train
10997,2012-04-08T08:00,8,train
10998,2012-04-08T09:00,9,train
10999,2012-04-08T10:00,10,train
11000,2012-04-08T11:00,11,train
11001,2012-04-08T12:00,12,train
11002,2012-04-08T13:00,13,train
11003,2012-04-08T14:00,14,train
11004,2012-04-08T15:00,15,train
11005,2012-04-08T16:00,16,train
11006,2012-04-08T17:00,17,train
11007,2012-04-08T18:00,18,train
11008,2012-04-08T19:00,19,train
11009,2012-04-08T20:00,20,train
11010,2012-04-08T21:00,21,train
11011,2012-04-08T22:00,22,train
11012,2012-04-08T23:00,23,train
11013,2012-04-09T00:00,0,train
11014,2012-04-09T01:00,1,train
11015,2012-04-09T02:00,2,train
11016,2012-04-09T03:00,3,train
11017,2012-04-09T04:00,4,train
11018,2012-04-09T05:00,5,train
11019,2012-04-09T06:00,6,train
11020,2012-04-09T07:00,7,train
11021,2012-04-09T08:00,8,train
11022,2012-04-09T09:00,9,train
11023,2012-04-09T10:00,10,train
11024,2012-04-09T11:00,11,train
11025,2012-04-09T12:00,12,train
11026,2012-04-09T13:00,13,train
11027,2012-04-09T14:00,14,train
11028,2012-04-09T15:00,15,train
11029,2012-04-09T16:00,16,train
11030,2012-04-09T17:00,17,train
11031,2012-04-09T18:00,18,train
11032,2012-04-09T19:00,19,train
11033,2012-04-09T20:00,20,train
11034,2012-04-09T21:00,21,train
11035,2012-04-09T22:00,22,train
11036,2012-04-09T23:00,23,train
11037,2012-04-10T00:00,0,train
11038,2012-04-10T01:00,1,train
11039,2012-04-10T02:00,2,train
11040,2012-04-10T03:00,3,train
11041,2012-04-10T04:00,4,train
11042,2012-04-10T05:00,5,train
11043,2012-04-10T06:00,6,train
11044,2012-04-10T07:00,7,train
11045,2012-04-10T08:00,8,train
11046,2012-04-10T09:00,9,train
11047,2012-04-10T10:00,10,train
11048,2012-04-10T11:00,11,train
11049,2012-04-10T12:00,12,train
11050,2012-04-10T13:00,13,train
11051,2012-04-10T14:00,14,train
11052,2012-04-10T15:00,15,train
11053,2012-04-10T16:00,16,train
11054,2012-04-10T17:00,17,train
11055,2012-04-10T18:00,18,train
11056,2012-04-10T19:00,19,train
11057,2012-04-10T20:00,20,train
11058,2012-04-10T21:00,21,train
11059,2012-04-10T22:00,22,train
11060,2012-04-10T23:00,23,train
11061,2012-04-11T00:00,0,train
11062,2012-04-11T01:00,1,train
11063,2012-04-11T02:00,2,train
11064,2012-04-11T03:00,3,train
11065,2012-04-11T05:00,5,train
11066,2012-04-11T06:00,6,train
11067,2012-04-11T07:00,7,train
11068,2012-04-11T08:00,8,train
11069,2012-04-11T09:00,9,train
11070,2012-04-11T10:00,10,train
11071,2012-04-11T11:00,11,train
11072,2012-04-11T12:00,12,train
11073,2012-04-11T13:00,13,train
11074,2012-04-11T14:00,14,train
11075,2012-04-11T15:00,15,train
11076,2012-04-11T16:00,16,train
11077,2012-04-11T17:00,17,train
11078,2012-04-11T18:00,18,train
11079,2012-04-11T19:00,19,train
11080,2012-04-11T20:00,20,train
11081,2012-04-11T21:00,21,train
11082,2012-04-11T22:00,22,train
11083,2012-04-11T23:00,23,train
11084,2012-04-12T00:00,0,train
11085,2012-04-12T01:00,1,train
11086,2012-04-12T02:00,2,train
11087,2012-04-12T03:00,3,train
11088,2012-04-12T04:00,4,train
11089,2012-04-12T05:00,5,train
11090,2012-04-12T06:00,6,train
11091,2012-04-12T07:00,7,train
11092,2012-04-12T08:00,8,train
11093,2012-04-12T09:00,9,train
11094,2012-04-12T10:00,10,train
11095,2012-04-12T11:00,11,train
11096,2012-04-12T12:00,12,train
11097,2012-04-12T13:00,13,train
11098,2012-04-12T14:00,14,train
11099,2012-04-12T15:00,15,train
11100,2012-04-12T16:00,16,train
11101,2012-04-12T17:00,17,train
11102,2012-04-12T18:00,18,train
11103,2012-04-12T19:00,19,train
11104,2012-04-12T20:00,20,train
11105,2012-04-12T21:00,21,train
11106,2012-04-12T22:00,22,train
11107,2012-04-12T23:00,23,train
11108,2012-04-13T00:00,0,train
11109,2012-04-13T01:00,1,train
11110,2012-04-13T02:00,2,train
11111,2012-04-13T03:00,3,train
11112,2012-04-13T04:00,4,train
11113,2012-04-13T05:00,5,train
11114,2012-04-13T06:00,6,train
11115,2012-04-13T07:00,7,train
11116,2012-04-13T08:00,8,train
11117,2012-04-13T09:00,9,train
11118,2012-04-13T10:00,10,train
11119,2012-04-13T11:00,11,train
11120,2012-04-13T12:00,12,train
11121,2012-04-13T13:00,13,train
11122,2012-04-13T14:00,14,train
11123,2012-04-13T15:00,15,train
11124,2012-04-13T16:00,16,train
11125,2012-04-13T17:00,17,train
11126,2012-04-13T18:00,18,train
11127,2012-04-13T19:00,19,train
11128,2012-04-13T20:00,20,train
11129,2012-04-13T21:00,21,train
11130,2012-04-13T22:00,22,train
11131,2012-04-13T23:00,23,train
11132,2012-04-14T00:00,0,train
11133,2012-04-14T01:00,1,train
11134,2012-04-14T02:00,2,train
11135,2012-04-14T03:00,3,train
11136,2012-04-14T04:00,4,train
11137,2012-04-14T05:00,5,train
11138,2012-04-14T06:00,6,train
11139,2012-04-14T07:00,7,train
11140,2012-04-14T08:00,8,train
11141,2012-04-14T09:00,9,train
11142,2012-04-14T10:00,10,train
11143,2012-04-14T11:00,11,train
11144,2012-04-14T12:00,12,train
11145,2012-04-14T13:00,13,train
11146,2012-04-14T14:00,14,train
11147,2012-04-14T15:00,15,train
11148,2012-04-14T16:00,16,train
11149,2012-04-14T17:00,17,train
11150,2012-04-14T18:00,18,train
11151,2012-04-14T19:00,19,train
11152,2012-04-14T20:00,20,train
11153,2012-04-14T21:00,21,train
11154,2012-04-14T22:00,22,train
11155,2012-04-14T23:00,23,train
11156,2012-04-15T00:00,0,train
11157,2012-04-15T01:00,1,train
11158,2012-04-15T02:00,2,train
11159,2012-04-15T03:00,3,train
11160,2012-04-15T04:00,4,train
11161,2012-04-15T05:00,5,train
11162,2012-04-15T06:00,6,train
11163,2012-04-15T07:00,7,train
11164,2012-04-15T08:00,8,train
11165,2012-04-15T09:00,9,train
11166,2012-04-15T10:00,10,train
11167,2012-04-15T11:00,11,train
11168,2012-04-15T12:00,12,train
11169,2012-04-15T13:00,13,train
11170,2012-04-15T14:00,14,train
11171,2012-04-15T15:00,15,train
11172,2012-04-15T16:00,16,train
11173,2012-04-15T17:00,17,train
11174,2012-04-15T18:00,18,train
11175,2012-04-15T19:00,19,train
11176,2012-04-15T20:00,20,train
11177,2012-04-15T21:00,21,train
11178,2012-04-15T22:00,22,train
11179,2012-04-15T23:00,23,train
11180,2012-04-16T00:00,0,train
11181,2012-04-16T01:00,1,train
11182,2012-04-16T02:00,2,train
11183,2012-04-16T03:00,3,train
11184,2012-04-16T04:00,4,train
11185,2012-04-16T05:00,5,train
11186,2012-04-16T06:00,6,train
11187,2012-04-16T07:00,7,train
11188,2012-04-16T08:00,8,train
11189,2012-04-16T09:00,9,train
11190,2012-04-16T10:00,10,train
11191,2012-04-16T11:00,11,train
11192,2012-04-16T12:00,12,train
11193,2012-04-16T13:00,13,train
11194,2012-04-16T14:00,14,train
11195,2012-04-16T15:00,15,train
11196,2012-04-16T16:00,16,train
11197,2012-04-16T17:00,17,train
11198,2012-04-16T18:00,18,train
11199,2012-04-16T19:00,19,train
11200,2012-04-16T20:00,20,train
11201,2012-04-16T21:00,21,train
11202,2012-04-16T22:00,22,train
11203,2012-04-16T23:00,23,train
11204,2012-04-17T00:00,0,train
11205,2012-04-17T01:00,1,train
11206,2012-04-17T02:00,2,train
11207,2012-04-17T03:00,3,train
11208,2012-04-17T04:00,4,train
11209,2012-04-17T05:00,5,train
11210,2012-04-17T06:00,6,train
11211,2012-04-17T07:00,7,train
11212,2012-04-17T08:00,8,train
11213,2012-04-17T09:00,9,train
11214,2012-04-17T10:00,10,train
11215,2012-04-17T11:00,11,train
11216,2012-04-17T12:00,12,train
11217,2012-04-17T13:00,13,train
11218,2012-04-17T14:00,14,train
11219,2012-04-17T15:00,15,train
11220,2012-04-17T16:00,16,train
11221,2012-04-17T17:00,17,train
11222,2012-04-17T18:00,18,train
11223,2012-04-17T19:00,19,train
11224,2012-04-17T20:00,20,train
11225,2012-04-17T21:00,21,train
11226,2012-04-17T22:00,22,train
11227,2012-04-17T23:00,23,train
11228,2012-04-18T00:00,0,train
11229,2012-04-18T01:00,1,train
11230,2012-04-18T02:00,2,train
11231,2012-04-18T03:00,3,train
11232,2012-04-18T04:00,4,train
11233,2012-04-18T05:00,5,train
11234,2012-04-18T06:00,6,train
11235,2012-04-18T07:00,7,train
11236,2012-04-18T08:00,8,train
11237,2012-04-18T09:00,9,train
11238,2012-04-18T10:00,10,train
11239,2012-04-18T11:00,11,train
11240,2012-04-18T12:00,12,train
11241,2012-04-18T13:00,13,train
11242,2012-04-18T14:00,14,train
11243,2012-04-18T15:00,15,train
11244,2012-04-18T16:00,16,train
11245,2012-04-18T17:00,17,train
11246,2012-04-18T18:00,18,train
11247,2012-04-18T19:00,19,train
11248,2012-04-18T20:00,20,train
11249,2012-04-18T21:00,21,train
11250,2012-04-18T22:00,22,train
11251,2012-04-18T23:00,23,train
11252,2012-04-19T00:00,0,train
11253,2012-04-19T01:00,1,train
11254,2012-04-19T02:00,2,train
11255,2012-04-19T03:00,3,train
11256,2012-04-19T04:00,4,train
11257,2012-04-19T05:00,5,train
11258,2012-04-19T06:00,6,train
11259,2012-04-19T07:00,7,train
11260,2012-04-19T08:00,8,train
11261,2012-04-19T09:00,9,train
11262,2012-04-19T10:00,10,train
11263,2012-04-19T11:00,11,train
11264,2012-04-19T12:00,12,train
11265,2012-04-19T13:00,13,train
11266,2012-04-19T14:00,14,train
11267,2012-04-19T15:00,15,train
11268,2012-04-19T16:00,16,train
11269,2012-04-19T17:00,17,train
11270,2012-04-19T18:00,18,train
11271,2012-04-19T19:00,19,train
11272,2012-04-19T20:00,20,train
11273,2012-04-19T21:00,21,train
11274,2012-04-19T22:00,22,train
11275,2012-04-19T23:00,23,train
11276,2012-04-20T00:00,0,train
11277,2012-04-20T01:00,1,train
11278,2012-04-20T02:00,2,train
11279,2012-04-20T03:00,3,train
11280,2012-04-20T04:00,4,train
11281,2012-04-20T05:00,5,train
11282,2012-04-20T06:00,6,train
11283,2012-04-20T07:00,7,train
11284,2012-04-20T08:00,8,train
11285,2012-04-20T09:00,9,train
11286,2012-04-20T10:00,10,train
11287,2012-04-20T11:00,11,train
11288,2012-04-20T12:00,12,train
11289,2012-04-20T13:00,13,train
11290,2012-04-20T14:00,14,train
11291,2012-04-20T15:00,15,train
11292,2012-04-20T16:00,16,train
11293,2012-04-20T17:00,17,train
11294,2012-04-20T18:00,18,train
11295,2012-04-20T19:00,19,train
11296,2012-04-20T20:00,20,train
11297,2012-04-20T21:00,21,train
11298,2012-04-20T22:00,22,train
11299,2012-04-20T23:00,23,train
11300,2012-04-21T00:00,0,train
11301,2012-04-21T01:00,1,train
11302,2012-04-21T02:00,2,train
11303,2012-04-21T03:00,3,train
11304,2012-04-21T04:00,4,train
11305,2012-04-21T05:00,5,train
11306,2012-04-21T06:00,6,train
11307,2012-04-21T07:00,7,train
11308,2012-04-21T08:00,8,train
11309,2012-04-21T09:00,9,train
11310,2012-04-21T10:00,10,train
11311,2012-04-21T11:00,11,train
11312,2012-04-21T12:00,12,train
11313,2012-04-21T13:00,13,train
11314,2012-04-21T14:00,14,train
11315,2012-04-21T15:00,15,train
11316,2012-04-21T16:00,16,train
11317,2012-04-21T17:00,17,train
11318,2012-04-21T18:00,18,train
11319,2012-04-21T19:00,19,train
11320,2012-04-21T20:00,20,train
11321,2012-04-21T21:00,21,train
11322,2012-04-21T22:00,22,train
11323,2012-04-21T23:00,23,train
11324,2012-04-22T00:00,0,train
11325,2012-04-22T01:00,1,train
11326,2012-04-22T02:00,2,train
11327,2012-04-22T03:00,3,train
11328,2012-04-22T04:00,4,train
11329,2012-04-22T05:00,5,train
11330,2012-04-22T06:00,6,train
11331,2012-04-22T07:00,7,train
11332,2012-04-22T08:00,8,train
11333,2012-04-22T09:00,9,train
11334,2012-04-22T10:00,10,train
11335,2012-04-22T11:00,11,train
11336,2012-04-22T12:00,12,train
11337,2012-04-22T13:00,13,train
11338,2012-04-22T14:00,14,train
11339,2012-04-22T15:00,15,train
11340,2012-04-22T16:00,16,train
11341,2012-04-22T17:00,17,train
11342,2012-04-22T18:00,18,train
11343,2012-04-22T19:00,19,train
11344,2012-04-22T20:00,20,train
11345,2012-04-22T21:00,21,train
11346,2012-04-22T22:00,22,train
11347,2012-04-22T23:00,23,train
11348,2012-04-23T00:00,0,train
11349,2012-04-23T01:00,1,train
11350,2012-04-23T02:00,2,train
11351,2012-04-23T03:00,3,train
11352,2012-04-23T04:00,4,train
11353,2012-04-23T05:00,5,train
11354,2012-04-23T06:00,6,train
11355,2012-04-23T07:00,7,train
11356,2012-04-23T08:00,8,train
11357,2012-04-23T09:00,9,train
11358,2012-04-23T10:00,10,train
11359,2012-04-23T11:00,11,train
11360,2012-04-23T12:00,12,train
11361,2012-04-23T13:00,13,train
11362,2012-04-23T14:00,14,train
11363,2012-04-23T15:00,15,train
11364,2012-04-23T16:00,16,train
11365,2012-04-23T17:00,17,train
11366,2012-04-23T18:00,18,train
11367,2012-04-23T19:00,19,train
11368,2012-04-23T20:00,20,train
11369,2012-04-23T21:00,21,train
11370,2012-04-23T22:00,22,train
11371,2012-04-23T23:00,23,train
11372,2012-04-24T00:00,0,train
11373,2012-04-24T01:00,1,train
11374,2012-04-24T02:00,2,train
11375,2012-04-24T03:00,3,train
11376,2012-04-24T04:00,4,train
11377,2012-04-24T05:00,5,train
11378,2012-04-24T06:00,6,train
11379,2012-04-24T07:00,7,train
11380,2012-04-24T08:00,8,train
11381,2012-04-24T09:00,9,train
11382,2012-04-24T10:00,10,train
11383,2012-04-24T11:00,11,train
11384,2012-04-24T12:00,12,train
11385,2012-04-24T13:00,13,train
11386,2012-04-24T14:00,14,train
11387,2012-04-24T15:00,15,train
11388,2012-04-24T16:00,16,train
11389,2012-04-24T17:00,17,train
11390,2012-04-24T18:00,18,train
11391,2012-04-24T19:00,19,train
11392,2012-04-24T20:00,20,train
11393,2012-04-24T21:00,21,train
11394,2012-04-24T22:00,22,train
11395,2012-04-24T23:00,23,train
11396,2012-04-25T00:00,0,train
11397,2012-04-25T01:00,1,train
11398,2012-04-25T02:00,2,train
11399,2012-04-25T03:00,3,train
11400,2012-04-25T04:00,4,train
11401,2012-04-25T05:00,5,train
11402,2012-04-25T06:00,6,train
11403,2012-04-25T07:00,7,train
11404,2012-04-25T08:00,8,train
11405,2012-04-25T09:00,9,train
11406,2012-04-25T10:00,10,train
11407,2012-04-25T11:00,11,train
11408,2012-04-25T12:00,12,train
11409,2012-04-25T13:00,13,train
11410,2012-04-25T14:00,14,train
11411,2012-04-25T15:00,15,train
11412,2012-04-25T16:00,16,train
11413,2012-04-25T17:00,17,train
11414,2012-04-25T18:00,18,train
11415,2012-04-25T19:00,19,train
11416,2012-04-25T20:00,20,train
11417,2012-04-25T21:00,21,train
11418,2012-04-25T22:00,22,train
11419,2012-04-25T23:00,23,train
11420,2012-04-26T00:00,0,train
11421,2012-04-26T01:00,1,train
11422,2012-04-26T02:00,2,train
11423,2012-04-26T03:00,3,train
11424,2012-04-26T04:00,4,train
11425,2012-04-26T05:00,5,train
11426,2012-04-26T06:00,6,train
11427,2012-04-26T07:00,7,train
11428,2012-04-26T08:00,8,train
11429,2012-04-26T09:00,9,train
11430,2012-04-26T10:00,10,train
11431,2012-04-26T11:00,11,train
11432,2012-04-26T12:00,12,train
11433,2012-04-26T13:00,13,train
11434,2012-04-26T14:00,14,train
11435,2012-04-26T15:00,15,train
11436,2012-04-26T16:00,16,train
11437,2012-04-26T17:00,17,train
11438,2012-04-26T18:00,18,train
11439,2012-04-26T19:00,19,train
11440,2012-04-26T20:00,20,train
11441,2012-04-26T21:00,21,train
11442,2012-04-26T22:00,22,train
11443,2012-04-26T23:00,23,train
11444,2012-04-27T00:00,0,train
11445,2012-04-27T01:00,1,train
11446,2012-04-27T02:00,2,train
11447,2012-04-27T03:00,3,train
11448,2012-04-27T04:00,4,train
11449,2012-04-27T05:00,5,train
11450,2012-04-27T06:00,6,train
11451,2012-04-27T07:00,7,train
11452,2012-04-27T08:00,8,train
11453,2012-04-27T09:00,9,train
11454,2012-04-27T10:00,10,train
11455,2012-04-27T11:00,11,train
11456,2012-04-27T12:00,12,train
11457,2012-04-27T13:00,13,train
11458,2012-04-27T14:00,14,train
11459,2012-04-27T15:00,15,train
11460,2012-04-27T16:00,16,train
11461,2012-04-27T17:00,17,train
11462,2012-04-27T18:00,18,train
11463,2012-04-27T19:00,19,train
11464,2012-04-27T20:00,20,train
11465,2012-04-27T21:00,21,train
11466,2012-04-27T22:00,22,train
11467,2012-04-27T23:00,23,train
11468,2012-04-28T00:00,0,train
11469,2012-04-28T01:00,1,train
11470,2012-04-28T02:00,2,train
11471,2012-04-28T03:00,3,train
11472,2012-04-28T04:00,4,train
11473,2012-04-28T05:00,5,train
11474,2012-04-28T06:00,6,train
11475,2012-04-28T07:00,7,train
11476,2012-04-28T08:00,8,train
11477,2012-04-28T09:00,9,train
11478,2012-04-28T10:00,10,train
11479,2012-04-28T11:00,11,train
11480,2012-04-28T12:00,12,train
11481,2012-04-28T13:00,13,train
11482,2012-04-28T14:00,14,train
11483,2012-04-28T15:00,15,train
11484,2012-04-28T16:00,16,train
11485,2012-04-28T17:00,17,train
11486,2012-04-28T18:00,18,train
11487,2012-04-28T19:00,19,train
11488,2012-04-28T20:00,20,train
11489,2012-04-28T21:00,21,train
11490,2012-04-28T22:00,22,train
11491,2012-04-28T23:00,23,train
11492,2012-04-29T00:00,0,train
11493,2012-04-29T01:00,1,train
11494,2012-04-29T02:00,2,train
11495,2012-04-29T03:00,3,train
11496,2012-04-29T04:00,4,train
11497,2012-04-29T05:00,5,train
11498,2012-04-29T06:00,6,train
11499,2012-04-29T07:00,7,train
11500,2012-04-29T08:00,8,train
11501,2012-04-29T09:00,9,train
11502,2012-04-29T10:00,10,train
11503,2012-04-29T11:00,11,train
11504,2012-04-29T12:00,12,train
11505,2012-04-29T13:00,13,train
11506,2012-04-29T14:00,14,train
11507,2012-04-29T15:00,15,train
11508,2012-04-29T16:00,16,train
11509,2012-04-29T17:00,17,train
11510,2012-04-29T18:00,18,train
11511,2012-04-29T19:00,19,train
11512,2012-04-29T20:00,20,train
11513,2012-04-29T21:00,21,train
11514,2012-04-29T22:00,22,train
11515,2012-04-29T23:00,23,train
11516,2012-04-30T00:00,0,train
11517,2012-04-30T01:00,1,train
11518,2012-04-30T02:00,2,train
11519,2012-04-30T03:00,3,train
11520,2012-04-30T04:00,4,train
11521,2012-04-30T05:00,5,train
11522,2012-04-30T06:00,6,train
11523,2012-04-30T07:00,7,train
11524,2012-04-30T08:00,8,train
11525,2012-04-30T09:00,9,train
11526,2012-04-30T10:00,10,train
11527,2012-04-30T11:00,11,train
11528,2012-04-30T12:00,12,train
11529,2012-04-30T13:00,13,train
11530,2012-04-30T14:00,14,train
11531,2012-04-30T15:00,15,train
11532,2012-04-30T16:00,16,train
11533,2012-04-30T17:00,17,train
11534,2012-04-30T18:00,18,train
11535,2012-04-30T19:00,19,train
11536,2012-04-30T20:00,20,train
11537,2012-04-30T21:00,21,train
11538,2012-04-30T22:00,22,train
11539,2012-04-30T23:00,23,train
11540,2012-05-01T00:00,0,train
11541,2012-05-01T01:00,1,train
11542,2012-05-01T02:00,2,train
11543,2012-05-01T03:00,3,train
11544,2012-05-01T04:00,4,train
11545,2012-05-01T05:00,5,train
11546,2012-05-01T06:00,6,train
11547,2012-05-01T07:00,7,train
11548,2012-05-01T08:00,8,train
11549,2012-05-01T09:00,9,train
11550,2012-05-01T10:00,10,train
11551,2012-05-01T11:00,11,train
11552,2012-05-01T12:00,12,train
11553,2012-05-01T13:00,13,train
11554,2012-05-01T14:00,14,train
11555,2012-05-01T15:00,15,train
11556,2012-05-01T16:00,16,train
11557,2012-05-01T17:00,17,train
11558,2012-05-01T18:00,18,train
11559,2012-05-01T19:00,19,train
11560,2012-05-01T20:00,20,train
11561,2012-05-01T21:00,21,train
11562,2012-05-01T22:00,22,train
11563,2012-05-01T23:00,23,train
11564,2012-05-02T00:00,0,train
11565,2012-05-02T01:00,1,train
11566,2012-05-02T02:00,2,train
11567,2012-05-02T03:00,3,train
11568,2012-05-02T04:00,4,train
11569,2012-05-02T05:00,5,train
11570,2012-05-02T06:00,6,train
11571,2012-05-02T07:00,7,train
11572,2012-05-02T08:00,8,train
11573,2012-05-02T09:00,9,train
11574,2012-05-02T10:00,10,train
11575,2012-05-02T11:00,11,train
11576,2012-05-02T12:00,12,train
11577,2012-05-02T13:00,13,train
11578,2012-05-02T14:00,14,train
11579,2012-05-02T15:00,15,train
11580,2012-05-02T16:00,16,train
11581,2012-05-02T17:00,17,train
11582,2012-05-02T18:00,18,train
11583,2012-05-02T19:00,19,train
11584,2012-05-02T20:00,20,train
11585,2012-05-02T21:00,21,train
11586,2012-05-02T22:00,22,train
11587,2012-05-02T23:00,23,train
11588,2012-05-03T00:00,0,train
11589,2012-05-03T01:00,1,train
11590,2012-05-03T02:00,2,train
11591,2012-05-03T03:00,3,train
11592,2012-05-03T04:00,4,train
11593,2012-05-03T05:00,5,train
11594,2012-05-03T06:00,6,train
11595,2012-05-03T07:00,7,train
11596,2012-05-03T08:00,8,train
11597,2012-05-03T09:00,9,train
11598,2012-05-03T10:00,10,train
11599,2012-05-03T11:00,11,train
11600,2012-05-03T12:00,12,train
11601,2012-05-03T13:00,13,train
11602,2012-05-03T14:00,14,train
11603,2012-05-03T15:00,15,train
11604,2012-05-03T16:00,16,train
11605,2012-05-03T17:00,17,train
11606,2012-05-03T18:00,18,train
11607,2012-05-03T19:00,19,train
11608,2012-05-03T20:00,20,train
11609,2012-05-03T21:00,21,train
11610,2012-05-03T22:00,22,train
11611,2012-05-03T23:00,23,train
11612,2012-05-04T00:00,0,train
11613,2012-05-04T01:00,1,train
11614,2012-05-04T02:00,2,train
11615,2012-05-04T03:00,3,train
11616,2012-05-04T04:00,4,train
11617,2012-05-04T05:00,5,train
11618,2012-05-04T06:00,6,train
11619,2012-05-04T07:00,7,train
11620,2012-05-04T08:00,8,train
11621,2012-05-04T09:00,9,train
11622,2012-05-04T10:00,10,train
11623,2012-05-04T11:00,11,train
11624,2012-05-04T12:00,12,train
11625,2012-05-04T13:00,13,train
11626,2012-05-04T14:00,14,train
11627,2012-05-04T15:00,15,train
11628,2012-05-04T16:00,16,train
11629,2012-05-04T17:00,17,train
11630,2012-05-04T18:00,18,train
11631,2012-05-04T19:00,19,train
11632,2012-05-04T20:00,20,train
11633,2012-05-04T21:00,21,train
11634,2012-05-04T22:00,22,train
11635,2012-05-04T23:00,23,train
11636,2012-05-05T00:00,0,train
11637,2012-05-05T01:00,1,train
11638,2012-05-05T02:00,2,train
11639,2012-05-05T03:00,3,train
11640,2012-05-05T04:00,4,train
11641,2012-05-05T05:00,5,train
11642,2012-05-05T06:00,6,train
11643,2012-05-05T07:00,7,train
11644,2012-05-05T08:00,8,train
11645,2012-05-05T09:00,9,train
11646,2012-05-05T10:00,10,train
11647,2012-05-05T11:00,11,train
11648,2012-05-05T12:00,12,train
11649,2012-05-05T13:00,13,train
11650,2012-05-05T14:00,14,train
11651,2012-05-05T15:00,15,train
11652,2012-05-05T16:00,16,train
11653,2012-05-05T17:00,17,train
11654,2012-05-05T18:00,18,train
11655,2012-05-05T19:00,19,train
11656,2012-05-05T20:00,20,train
11657,2012-05-05T21:00,21,train
11658,2012-05-05T22:00,22,train
11659,2012-05-05T23:00,23,train
11660,2012-05-06T00:00,0,train
11661,2012-05-06T01:00,1,train
11662,2012-05-06T02:00,2,train
11663,2012-05-06T03:00,3,train
11664,2012-05-06T04:00,4,train
11665,2012-05-06T05:00,5,train
11666,2012-05-06T06:00,6,train
11667,2012-05-06T07:00,7,train
11668,2012-05-06T08:00,8,train
11669,2012-05-06T09:00,9,train
11670,2012-05-06T10:00,10,train
11671,2012-05-06T11:00,11,train
11672,2012-05-06T12:00,12,train
11673,2012-05-06T13:00,13,train
11674,2012-05-06T14:00,14,train
11675,2012-05-06T15:00,15,train
11676,2012-05-06T16:00,16,train
11677,2012-05-06T17:00,17,train
11678,2012-05-06T18:00,18,train
11679,2012-05-06T19:00,19,train
11680,2012-05-06T20:00,20,train
11681,2012-05-06T21:00,21,train
11682,2012-05-06T22:00,22,train
11683,2012-05-06T23:00,23,train
11684,2012-05-07T00:00,0,train
11685,2012-05-07T01:00,1,train
11686,2012-05-07T02:00,2,train
11687,2012-05-07T03:00,3,train
11688,2012-05-07T04:00,4,train
11689,2012-05-07T05:00,5,train
11690,2012-05-07T06:00,6,train
11691,2012-05-07T07:00,7,train
11692,2012-05-07T08:00,8,train
11693,2012-05-07T09:00,9,train
11694,2012-05-07T10:00,10,train
11695,2012-05-07T11:00,11,train
11696,2012-05-07T12:00,12,train
11697,2012-05-07T13:00,13,train
11698,2012-05-07T14:00,14,train
11699,2012-05-07T15:00,15,train
11700,2012-05-07T16:00,16,train
11701,2012-05-07T17:00,17,train
11702,2012-05-07T18:00,18,train
11703,2012-05-07T19:00,19,train
11704,2012-05-07T20:00,20,train
11705,2012-05-07T21:00,21,train
11706,2012-05-07T22:00,22,train
11707,2012-05-07T23:00,23,train
11708,2012-05-08T00:00,0,train
11709,2012-05-08T01:00,1,train
11710,2012-05-08T02:00,2,train
11711,2012-05-08T03:00,3,train
11712,2012-05-08T04:00,4,train
11713,2012-05-08T05:00,5,train
11714,2012-05-08T06:00,6,train
11715,2012-05-08T07:00,7,train
11716,2012-05-08T08:00,8,train
11717,2012-05-08T09:00,9,train
11718,2012-05-08T10:00,10,train
11719,2012-05-08T11:00,11,train
11720,2012-05-08T12:00,12,train
11721,2012-05-08T13:00,13,train
11722,2012-05-08T14:00,14,train
11723,2012-05-08T15:00,15,train
11724,2012-05-08T16:00,16,train
11725,2012-05-08T17:00,17,train
11726,2012-05-08T18:00,18,train
11727,2012-05-08T19:00,19,train
11728,2012-05-08T20:00,20,train
11729,2012-05-08T21:00,21,train
11730,2012-05-08T22:00,22,train
11731,2012-05-08T23:00,23,train
11732,2012-05-09T00:00,0,train
11733,2012-05-09T01:00,1,train
11734,2012-05-09T02:00,2,train
11735,2012-05-09T03:00,3,train
11736,2012-05-09T04:00,4,train
11737,2012-05-09T05:00,5,train
11738,2012-05-09T06:00,6,train
11739,2012-05-09T07:00,7,train
11740,2012-05-09T08:00,8,train
11741,2012-05-09T09:00,9,train
11742,2012-05-09T10:00,10,train
11743,2012-05-09T11:00,11,train
11744,2012-05-09T12:00,12,train
11745,2012-05-09T13:00,13,train
11746,2012-05-09T14:00,14,train
11747,2012-05-09T15:00,15,train
11748,2012-05-09T16:00,16,train
11749,2012-05-09T17:00,17,train
11750,2012-05-09T18:00,18,train
11751,2012-05-09T19:00,19,train
11752,2012-05-09T20:00,20,train
11753,2012-05-09T21:00,21,train
11754,2012-05-09T22:00,22,train
11755,2012-05-09T23:00,23,train
11756,2012-05-10T00:00,0,train
11757,2012-05-10T01:00,1,train
11758,2012-05-10T02:00,2,train
11759,2012-05-10T03:00,3,train
11760,2012-05-10T04:00,4,train
11761,2012-05-10T05:00,5,train
11762,2012-05-10T06:00,6,train
11763,2012-05-10T07:00,7,train
11764,2012-05-10T08:00,8,train
11765,2012-05-10T09:00,9,train
11766,2012-05-10T10:00,10,train
11767,2012-05-10T11:00,11,train
11768,2012-05-10T12:00,12,train
11769,2012-05-10T13:00,13,train
11770,2012-05-10T14:00,14,train
11771,2012-05-10T15:00,15,train
11772,2012-05-10T16:00,16,train
11773,2012-05-10T17:00,17,train
11774,2012-05-10T18:00,18,train
11775,2012-05-10T19:00,19,train
11776,2012-05-10T20:00,20,train
11777,2012-05-10T21:00,21,train
11778,2012-05-10T22:00,22,train
11779,2012-05-10T23:00,23,train
11780,2012-05-11T00:00,0,train
11781,2012-05-11T01:00,1,train
11782,2012-05-11T02:00,2,train
11783,2012-05-11T03:00,3,train
11784,2012-05-11T04:00,4,train
11785,2012-05-11T05:00,5,train
11786,2012-05-11T06:00,6,train
11787,2012-05-11T07:00,7,train
11788,2012-05-11T08:00,8,train
11789,2012-05-11T09:00,9,train
11790,2012-05-11T10:00,10,train
11791,2012-05-11T11:00,11,train
11792,2012-05-11T12:00,12,train
11793,2012-05-11T13:00,13,train
11794,2012-05-11T14:00,14,train
11795,2012-05-11T15:00,15,train
11796,2012-05-11T16:00,16,train
11797,2012-05-11T17:00,17,train
11798,2012-05-11T18:00,18,train
11799,2012-05-11T19:00,19,train
11800,2012-05-11T20:00,20,train
11801,2012-05-11T21:00,21,train
11802,2012-05-11T22:00,22,train
11803,2012-05-11T23:00,23,train
11804,2012-05-12T00:00,0,train
11805,2012-05-12T01:00,1,train
11806,2012-05-12T02:00,2,train
11807,2012-05-12T03:00,3,train
11808,2012-05-12T04:00,4,train
11809,2012-05-12T05:00,5,train
11810,2012-05-12T06:00,6,train
11811,2012-05-12T07:00,7,train
11812,2012-05-12T08:00,8,train
11813,2012-05-12T09:00,9,train
11814,2012-05-12T10:00,10,train
11815,2012-05-12T11:00,11,train
11816,2012-05-12T12:00,12,train
11817,2012-05-12T13:00,13,train
11818,2012-05-12T14:00,14,train
11819,2012-05-12T15:00,15,train
11820,2012-05-12T16:00,16,train
11821,2012-05-12T17:00,17,train
11822,2012-05-12T18:00,18,train
11823,2012-05-12T19:00,19,train
11824,2012-05-12T20:00,20,train
11825,2012-05-12T21:00,21,train
11826,2012-05-12T22:00,22,train
11827,2012-05-12T23:00,23,train
11828,2012-05-13T00:00,0,train
11829,2012-05-13T01:00,1,train
11830,2012-05-13T02:00,2,train
11831,2012-05-13T03:00,3,train
11832,2012-05-13T04:00,4,train
11833,2012-05-13T05:00,5,train
11834,2012-05-13T06:00,6,train
11835,2012-05-13T07:00,7,train
11836,2012-05-13T08:00,8,train
11837,2012-05-13T09:00,9,train
11838,2012-05-13T10:00,10,train
11839,2012-05-13T11:00,11,train
11840,2012-05-13T12:00,12,train
11841,2012-05-13T13:00,13,train
11842,2012-05-13T14:00,14,train
11843,2012-05-13T15:00,15,train
11844,2012-05-13T16:00,16,train
11845,2012-05-13T17:00,17,train
11846,2012-05-13T18:00,18,train
11847,2012-05-13T19:00,19,train
11848,2012-05-13T20:00,20,train
11849,2012-05-13T21:00,21,train
11850,2012-05-13T22:00,22,train
11851,2012-05-13T23:00,23,train
11852,2012-05-14T00:00,0,train
11853,2012-05-14T01:00,1,train
11854,2012-05-14T02:00,2,train
11855,2012-05-14T03:00,3,train
11856,2012-05-14T04:00,4,train
11857,2012-05-14T05:00,5,train
11858,2012-05-14T06:00,6,train
11859,2012-05-14T07:00,7,train
11860,2012-05-14T08:00,8,train
11861,2012-05-14T09:00,9,train
11862,2012-05-14T10:00,10,train
11863,2012-05-14T11:00,11,train
11864,2012-05-14T12:00,12,train
11865,2012-05-14T13:00,13,train
11866,2012-05-14T14:00,14,train
11867,2012-05-14T15:00,15,train
11868,2012-05-14T16:00,16,train
11869,2012-05-14T17:00,17,train
11870,2012-05-14T18:00,18,train
11871,2012-05-14T19:00,19,train
11872,2012-05-14T20:00,20,train
11873,2012-05-14T21:00,21,train
11874,2012-05-14T22:00,22,train
11875,2012-05-14T23:00,23,train
11876,2012-05-15T00:00,0,train
11877,2012-05-15T01:00,1,train
11878,2012-05-15T02:00,2,train
11879,2012-05-15T03:00,3,train
11880,2012-05-15T04:00,4,train
11881,2012-05-15T05:00,5,train
11882,2012-05-15T06:00,6,train
11883,2012-05-15T07:00,7,train
11884,2012-05-15T08:00,8,train
11885,2012-05-15T09:00,9,train
11886,2012-05-15T10:00,10,train
11887,2012-05-15T11:00,11,train
11888,2012-05-15T12:00,12,train
11889,2012-05-15T13:00,13,train
11890,2012-05-15T14:00,14,train
11891,2012-05-15T15:00,15,train
11892,2012-05-15T16:00,16,train
11893,2012-05-15T17:00,17,train
11894,2012-05-15T18:00,18,train
11895,2012-05-15T19:00,19,train
11896,2012-05-15T20:00,20,train
11897,2012-05-15T21:00,21,train
11898,2012-05-15T22:00,22,train
11899,2012-05-15T23:00,23,train
11900,2012-05-16T00:00,0,train
11901,2012-05-16T01:00,1,train
11902,2012-05-16T02:00,2,train
11903,2012-05-16T03:00,3,train
11904,2012-05-16T04:00,4,train
11905,2012-05-16T05:00,5,train
11906,2012-05-16T06:00,6,train
11907,2012-05-16T07:00,7,train
11908,2012-05-16T08:00,8,train
11909,2012-05-16T09:00,9,train
11910,2012-05-16T10:00,10,train
11911,2012-05-16T11:00,11,train
11912,2012-05-16T12:00,12,train
11913,2012-05-16T13:00,13,train
11914,2012-05-16T14:00,14,train
11915,2012-05-16T15:00,15,train
11916,2012-05-16T16:00,16,train
11917,2012-05-16T17:00,17,train
11918,2012-05-16T18:00,18,train
11919,2012-05-16T19:00,19,train
11920,2012-05-16T20:00,20,train
11921,2012-05-16T21:00,21,train
11922,2012-05-16T22:00,22,train
11923,2012-05-16T23:00,23,train
11924,2012-05-17T00:00,0,train
11925,2012-05-17T01:00,1,train
11926,2012-05-17T02:00,2,train
11927,2012-05-17T03:00,3,train
11928,2012-05-17T04:00,4,train
11929,2012-05-17T05:00,5,train
11930,2012-05-17T06:00,6,train
11931,2012-05-17T07:00,7,train
11932,2012-05-17T08:00,8,train
11933,2012-05-17T09:00,9,train
11934,2012-05-17T10:00,10,train
11935,2012-05-17T11:00,11,train
11936,2012-05-17T12:00,12,train
11937,2012-05-17T13:00,13,train
11938,2012-05-17T14:00,14,train
11939,2012-05-17T15:00,15,train
11940,2012-05-17T16:00,16,train
11941,2012-05-17T17:00,17,train
11942,2012-05-17T18:00,18,train
11943,2012-05-17T19:00,19,train
11944,2012-05-17T20:00,20,train
11945,2012-05-17T21:00,21,train
11946,2012-05-17T22:00,22,train
11947,2012-05-17T23:00,23,train
11948,2012-05-18T00:00,0,train
11949,2012-05-18T01:00,1,train
11950,2012-05-18T02:00,2,train
11951,2012-05-18T03:00,3,train
11952,2012-05-18T04:00,4,train
11953,2012-05-18T05:00,5,train
11954,2012-05-18T06:00,6,train
11955,2012-05-18T07:00,7,train
11956,2012-05-18T08:00,8,train
11957,2012-05-18T09:00,9,train
11958,2012-05-18T10:00,10,train
11959,2012-05-18T11:00,11,train
11960,2012-05-18T12:00,12,train
11961,2012-05-18T13:00,13,train
11962,2012-05-18T14:00,14,train
11963,2012-05-18T15:00,15,train
11964,2012-05-18T16:00,16,train
11965,2012-05-18T17:00,17,train
11966,2012-05-18T18:00,18,train
11967,2012-05-18T19:00,19,train
11968,2012-05-18T20:00,20,train
11969,2012-05-18T21:00,21,train
11970,2012-05-18T22:00,22,train
11971,2012-05-18T23:00,23,train
11972,2012-05-19T00:00,0,train
11973,2012-05-19T01:00,1,train
11974,2012-05-19T02:00,2,train
11975,2012-05-19T03:00,3,train
11976,2012-05-19T04:00,4,train
11977,2012-05-19T05:00,5,train
11978,2012-05-19T06:00,6,train
11979,2012-05-19T07:00,7,train
11980,2012-05-19T08:00,8,train
11981,2012-05-19T09:00,9,train
11982,2012-05-19T10:00,10,train
11983,2012-05-19T11:00,11,train
11984,2012-05-19T12:00,12,train
11985,2012-05-19T13:00,13,train
11986,2012-05-19T14:00,14,train
11987,2012-05-19T15:00,15,train
11988,2012-05-19T16:00,16,train
11989,2012-05-19T17:00,17,train
11990,2012-05-19T18:00,18,train
11991,2012-05-19T19:00,19,train
11992,2012-05-19T20:00,20,train
11993,2012-05-19T21:00,21,train
11994,2012-05-19T22:00,22,train
11995,2012-05-19T23:00,23,train
11996,2012-05-20T00:00,0,train
11997,2012-05-20T01:00,1,train
11998,2012-05-20T02:00,2,train
11999,2012-05-20T03:00,3,train
12000,2012-05-20T04:00,4,train
12001,2012-05-20T05:00,5,train
12002,2012-05-20T06:00,6,train
12003,2012-05-20T07:00,7,train
12004,2012-05-20T08:00,8,train
12005,2012-05-20T09:00,9,train
12006,2012-05-20T10:00,10,train
12007,2012-05-20T11:00,11,train
12008,2012-05-20T12:00,12,train
12009,2012-05-20T13:00,13,train
12010,2012-05-20T14:00,14,train
12011,2012-05-20T15:00,15,train
12012,2012-05-20T16:00,16,train
12013,2012-05-20T17:00,17,train
12014,2012-05-20T18:00,18,train
12015,2012-05-20T19:00,19,train
12016,2012-05-20T20:00,20,train
12017,2012-05-20T21:00,21,train
12018,2012-05-20T22:00,22,train
12019,2012-05-20T23:00,23,train
12020,2012-05-21T00:00,0,train
12021,2012-05-21T01:00,1,train
12022,2012-05-21T02:00,2,train
12023,2012-05-21T03:00,3,train
12024,2012-05-21T04:00,4,train
12025,2012-05-21T05:00,5,train
12026,2012-05-21T06:00,6,train
12027,2012-05-21T07:00,7,train
12028,2012-05-21T08:00,8,train
12029,2012-05-21T09:00,9,train
12030,2012-05-21T10:00,10,train
12031,2012-05-21T11:00,11,train
12032,2012-05-21T12:00,12,train
12033,2012-05-21T13:00,13,train
12034,2012-05-21T14:00,14,train
12035,2012-05-21T15:00,15,train
12036,2012-05-21T16:00,16,train
12037,2012-05-21T17:00,17,train
12038,2012-05-21T18:00,18,train
12039,2012-05-21T19:00,19,train
12040,2012-05-21T20:00,20,train
12041,2012-05-21T21:00,21,train
12042,2012-05-21T22:00,22,train
12043,2012-05-21T23:00,23,train
12044,2012-05-22T00:00,0,train
12045,2012-05-22T01:00,1,train
12046,2012-05-22T02:00,2,train
12047,2012-05-22T03:00,3,train
12048,2012-05-22T04:00,4,train
12049,2012-05-22T05:00,5,train
12050,2012-05-22T06:00,6,train
12051,2012-05-22T07:00,7,train
12052,2012-05-22T08:00,8,train
12053,2012-05-22T09:00,9,train
12054,2012-05-22T10:00,10,train
12055,2012-05-22T11:00,11,train
12056,2012-05-22T12:00,12,train
12057,2012-05-22T13:00,13,train
12058,2012-05-22T14:00,14,train
12059,2012-05-22T15:00,15,train
12060,2012-05-22T16:00,16,train
12061,2012-05-22T17:00,17,train
12062,2012-05-22T18:00,18,train
12063,2012-05-22T19:00,19,train
12064,2012-05-22T20:00,20,train
12065,2012-05-22T21:00,21,train
12066,2012-05-22T22:00,22,train
12067,2012-05-22T23:00,23,train
12068,2012-05-23T00:00,0,train
12069,2012-05-23T01:00,1,train
12070,2012-05-23T02:00,2,train
12071,2012-05-23T03:00,3,train
12072,2012-05-23T04:00,4,train
12073,2012-05-23T05:00,5,train
12074,2012-05-23T06:00,6,train
12075,2012-05-23T07:00,7,train
12076,2012-05-23T08:00,8,train
12077,2012-05-23T09:00,9,train
12078,2012-05-23T10:00,10,train
12079,2012-05-23T11:00,11,train
12080,2012-05-23T12:00,12,train
12081,2012-05-23T13:00,13,train
12082,2012-05-23T14:00,14,train
12083,2012-05-23T15:00,15,train
12084,2012-05-23T16:00,16,train
12085,2012-05-23T17:00,17,train
12086,2012-05-23T18:00,18,train
12087,2012-05-23T19:00,19,train
12088,2012-05-23T20:00,20,train
12089,2012-05-23T21:00,21,train
12090,2012-05-23T22:00,22,train
12091,2012-05-23T23:00,23,train
12092,2012-05-24T00:00,0,train
12093,2012-05-24T01:00,1,train
12094,2012-05-24T02:00,2,train
12095,2012-05-24T03:00,3,train
12096,2012-05-24T04:00,4,train
12097,2012-05-24T05:00,5,train
12098,2012-05-24T06:00,6,train
12099,2012-05-24T07:00,7,train
12100,2012-05-24T08:00,8,train
12101,2012-05-24T09:00,9,train
12102,2012-05-24T10:00,10,train
12103,2012-05-24T11:00,11,train
12104,2012-05-24T12:00,12,train
12105,2012-05-24T13:00,13,train
12106,2012-05-24T14:00,14,train
12107,2012-05-24T15:00,15,train
12108,2012-05-24T16:00,16,train
12109,2012-05-24T17:00,17,train
12110,2012-05-24T18:00,18,train
12111,2012-05-24T19:00,19,train
12112,2012-05-24T20:00,20,train
12113,2012-05-24T21:00,21,train
12114,2012-05-24T22:00,22,train
12115,2012-05-24T23:00,23,train
12116,2012-05-25T00:00,0,train
12117,2012-05-25T01:00,1,train
12118,2012-05-25T02:00,2,train
12119,2012-05-25T03:00,3,train
12120,2012-05-25T04:00,4,train
12121,2012-05-25T05:00,5,train
12122,2012-05-25T06:00,6,train
12123,2012-05-25T07:00,7,train
12124,2012-05-25T08:00,8,train
12125,2012-05-25T09:00,9,train
12126,2012-05-25T10:00,10,train
12127,2012-05-25T11:00,11,train
12128,2012-05-25T12:00,12,train
12129,2012-05-25T13:00,13,train
12130,2012-05-25T14:00,14,train
12131,2012-05-25T15:00,15,train
12132,2012-05-25T16:00,16,train
12133,2012-05-25T17:00,17,train
12134,2012-05-25T18:00,18,train
12135,2012-05-25T19:00,19,train
12136,2012-05-25T20:00,20,train
12137,2012-05-25T21:00,21,train
12138,2012-05-25T22:00,22,train
12139,2012-05-25T23:00,23,train
12140,2012-05-26T00:00,0,train
12141,2012-05-26T01:00,1,train
12142,2012-05-26T02:00,2,train
12143,2012-05-26T03:00,3,train
12144,2012-05-26T04:00,4,train
12145,2012-05-26T05:00,5,train
12146,2012-05-26T06:00,6,train
12147,2012-05-26T07:00,7,train
12148,2012-05-26T08:00,8,train
12149,2012-05-26T09:00,9,train
12150,2012-05-26T10:00,10,train
12151,2012-05-26T11:00,11,train
12152,2012-05-26T12:00,12,train
12153,2012-05-26T13:00,13,train
12154,2012-05-26T14:00,14,train
12155,2012-05-26T15:00,15,train
12156,2012-05-26T16:00,16,train
12157,2012-05-26T17:00,17,train
12158,2012-05-26T18:00,18,train
12159,2012-05-26T19:00,19,train
12160,2012-05-26T20:00,20,train
12161,2012-05-26T21:00,21,train
12162,2012-05-26T22:00,22,train
12163,2012-05-26T23:00,23,train
12164,2012-05-27T00:00,0,train
12165,2012-05-27T01:00,1,train
12166,2012-05-27T02:00,2,train
12167,2012-05-27T03:00,3,train
12168,2012-05-27T04:00,4,train
12169,2012-05-27T05:00,5,train
12170,2012-05-27T06:00,6,train
12171,2012-05-27T07:00,7,train
12172,2012-05-27T08:00,8,train
12173,2012-05-27T09:00,9,train
12174,2012-05-27T10:00,10,train
12175,2012-05-27T11:00,11,train
12176,2012-05-27T12:00,12,train
12177,2012-05-27T13:00,13,train
12178,2012-05-27T14:00,14,train
12179,2012-05-27T15:00,15,train
12180,2012-05-27T16:00,16,train
12181,2012-05-27T17:00,17,train
12182,2012-05-27T18:00,18,train
12183,2012-05-27T19:00,19,train
12184,2012-05-27T20:00,20,train
12185,2012-05-27T21:00,21,train
12186,2012-05-27T22:00,22,train
12187,2012-05-27T23:00,23,train
12188,2012-05-28T00:00,0,train
12189,2012-05-28T01:00,1,train
12190,2012-05-28T02:00,2,train
12191,2012-05-28T03:00,3,train
12192,2012-05-28T04:00,4,train
12193,2012-05-28T05:00,5,train
12194,2012-05-28T06:00,6,train
12195,2012-05-28T07:00,7,train
12196,2012-05-28T08:00,8,train
12197,2012-05-28T09:00,9,train
12198,2012-05-28T10:00,10,train
12199,2012-05-28T11:00,11,train
12200,2012-05-28T12:00,12,train
12201,2012-05-28T13:00,13,train
12202,2012-05-28T14:00,14,train
12203,2012-05-28T15:00,15,train
12204,2012-05-28T16:00,16,train
12205,2012-05-28T17:00,17,train
12206,2012-05-28T18:00,18,train
12207,2012-05-28T19:00,19,train
12208,2012-05-28T20:00,20,train
12209,2012-05-28T21:00,21,train
12210,2012-05-28T22:00,22,train
12211,2012-05-28T23:00,23,train
12212,2012-05-29T00:00,0,train
12213,2012-05-29T01:00,1,train
12214,2012-05-29T02:00,2,train
12215,2012-05-29T03:00,3,train
12216,2012-05-29T04:00,4,train
12217,2012-05-29T05:00,5,train
12218,2012-05-29T06:00,6,train
12219,2012-05-29T07:00,7,train
12220,2012-05-29T08:00,8,train
12221,2012-05-29T09:00,9,train
12222,2012-05-29T10:00,10,train
12223,2012-05-29T11:00,11,train
12224,2012-05-29T12:00,12,train
12225,2012-05-29T13:00,13,train
12226,2012-05-29T14:00,14,train
12227,2012-05-29T15:00,15,train
12228,2012-05-29T16:00,16,train
12229,2012-05-29T17:00,17,train
12230,2012-05-29T18:00,18,train
12231,2012-05-29T19:00,19,train
12232,2012-05-29T20:00,20,train
12233,2012-05-29T21:00,21,train
12234,2012-05-29T22:00,22,train
12235,2012-05-29T23:00,23,train
12236,2012-05-30T00:00,0,train
12237,2012-05-30T01:00,1,train
12238,2012-05-30T02:00,2,train
12239,2012-05-30T03:00,3,train
12240,2012-05-30T04:00,4,train
12241,2012-05-30T05:00,5,train
12242,2012-05-30T06:00,6,train
12243,2012-05-30T07:00,7,train
12244,2012-05-30T08:00,8,train
12245,2012-05-30T09:00,9,train
12246,2012-05-30T10:00,10,train
12247,2012-05-30T11:00,11,train
12248,2012-05-30T12:00,12,train
12249,2012-05-30T13:00,13,train
12250,2012-05-30T14:00,14,train
12251,2012-05-30T15:00,15,train
12252,2012-05-30T16:00,16,train
12253,2012-05-30T17:00,17,train
12254,2012-05-30T18:00,18,train
12255,2012-05-30T19:00,19,train
12256,2012-05-30T20:00,20,train
12257,2012-05-30T21:00,21,train
12258,2012-05-30T22:00,22,train
12259,2012-05-30T23:00,23,train
12260,2012-05-31T00:00,0,train
12261,2012-05-31T01:00,1,train
12262,2012-05-31T02:00,2,train
12263,2012-05-31T03:00,3,train
12264,2012-05-31T04:00,4,train
12265,2012-05-31T05:00,5,train
12266,2012-05-31T06:00,6,train
12267,2012-05-31T07:00,7,train
12268,2012-05-31T08:00,8,train
12269,2012-05-31T09:00,9,train
12270,2012-05-31T10:00,10,train
12271,2012-05-31T11:00,11,train
12272,2012-05-31T12:00,12,train
12273,2012-05-31T13:00,13,train
12274,2012-05-31T14:00,14,train
12275,2012-05-31T15:00,15,train
12276,2012-05-31T16:00,16,train
12277,2012-05-31T17:00,17,train
12278,2012-05-31T18:00,18,train
12279,2012-05-31T19:00,19,train
12280,2012-05-31T20:00,20,train
12281,2012-05-31T21:00,21,train
12282,2012-05-31T22:00,22,train
12283,2012-05-31T23:00,23,train
12284,2012-06-01T00:00,0,train
12285,2012-06-01T01:00,1,train
12286,2012-06-01T02:00,2,train
12287,2012-06-01T03:00,3,train
12288,2012-06-01T04:00,4,train
12289,2012-06-01T05:00,5,train
12290,2012-06-01T06:00,6,train
12291,2012-06-01T07:00,7,train
12292,2012-06-01T08:00,8,train
12293,2012-06-01T09:00,9,train
12294,2012-06-01T10:00,10,train
12295,2012-06-01T11:00,11,train
12296,2012-06-01T12:00,12,train
12297,2012-06-01T13:00,13,train
12298,2012-06-01T14:00,14,train
12299,2012-06-01T15:00,15,train
12300,2012-06-01T16:00,16,train
12301,2012-06-01T17:00,17,train
12302,2012-06-01T18:00,18,train
12303,2012-06-01T19:00,19,train
12304,2012-06-01T20:00,20,train
12305,2012-06-01T21:00,21,train
12306,2012-06-01T22:00,22,train
12307,2012-06-01T23:00,23,train
12308,2012-06-02T00:00,0,train
12309,2012-06-02T01:00,1,train
12310,2012-06-02T02:00,2,train
12311,2012-06-02T03:00,3,train
12312,2012-06-02T04:00,4,train
12313,2012-06-02T05:00,5,train
12314,2012-06-02T06:00,6,train
12315,2012-06-02T07:00,7,train
12316,2012-06-02T08:00,8,train
12317,2012-06-02T09:00,9,train
12318,2012-06-02T10:00,10,train
12319,2012-06-02T11:00,11,train
12320,2012-06-02T12:00,12,train
12321,2012-06-02T13:00,13,train
12322,2012-06-02T14:00,14,train
12323,2012-06-02T15:00,15,train
12324,2012-06-02T16:00,16,train
12325,2012-06-02T17:00,17,train
12326,2012-06-02T18:00,18,train
12327,2012-06-02T19:00,19,train
12328,2012-06-02T20:00,20,train
12329,2012-06-02T21:00,21,train
12330,2012-06-02T22:00,22,train
12331,2012-06-02T23:00,23,train
12332,2012-06-03T00:00,0,train
12333,2012-06-03T01:00,1,train
12334,2012-06-03T02:00,2,train
12335,2012-06-03T03:00,3,train
12336,2012-06-03T04:00,4,train
12337,2012-06-03T05:00,5,train
12338,2012-06-03T06:00,6,train
12339,2012-06-03T07:00,7,train
12340,2012-06-03T08:00,8,train
12341,2012-06-03T09:00,9,train
12342,2012-06-03T10:00,10,train
12343,2012-06-03T11:00,11,train
12344,2012-06-03T12:00,12,train
12345,2012-06-03T13:00,13,train
12346,2012-06-03T14:00,14,train
12347,2012-06-03T15:00,15,train
12348,2012-06-03T16:00,16,train
12349,2012-06-03T17:00,17,train
12350,2012-06-03T18:00,18,train
12351,2012-06-03T19:00,19,train
12352,2012-06-03T20:00,20,train
12353,2012-06-03T21:00,21,train
12354,2012-06-03T22:00,22,train
12355,2012-06-03T23:00,23,train
12356,2012-06-04T00:00,0,train
12357,2012-06-04T01:00,1,train
12358,2012-06-04T02:00,2,train
12359,2012-06-04T03:00,3,train
12360,2012-06-04T04:00,4,train
12361,2012-06-04T05:00,5,train
12362,2012-06-04T06:00,6,train
12363,2012-06-04T07:00,7,train
12364,2012-06-04T08:00,8,train
12365,2012-06-04T09:00,9,train
12366,2012-06-04T10:00,10,train
12367,2012-06-04T11:00,11,train
12368,2012-06-04T12:00,12,train
12369,2012-06-04T13:00,13,train
12370,2012-06-04T14:00,14,train
12371,2012-06-04T15:00,15,train
12372,2012-06-04T16:00,16,train
12373,2012-06-04T17:00,17,train
12374,2012-06-04T18:00,18,train
12375,2012-06-04T19:00,19,train
12376,2012-06-04T20:00,20,train
12377,2012-06-04T21:00,21,train
12378,2012-06-04T22:00,22,train
12379,2012-06-04T23:00,23,train
12380,2012-06-05T00:00,0,train
12381,2012-06-05T01:00,1,train
12382,2012-06-05T02:00,2,train
12383,2012-06-05T03:00,3,train
12384,2012-06-05T04:00,4,train
12385,2012-06-05T05:00,5,train
12386,2012-06-05T06:00,6,train
12387,2012-06-05T07:00,7,train
12388,2012-06-05T08:00,8,train
12389,2012-06-05T09:00,9,train
12390,2012-06-05T10:00,10,train
12391,2012-06-05T11:00,11,train
12392,2012-06-05T12:00,12,train
12393,2012-06-05T13:00,13,train
12394,2012-06-05T14:00,14,train
12395,2012-06-05T15:00,15,train
12396,2012-06-05T16:00,16,train
12397,2012-06-05T17:00,17,train
12398,2012-06-05T18:00,18,train
12399,2012-06-05T19:00,19,train
12400,2012-06-05T20:00,20,train
12401,2012-06-05T21:00,21,train
12402,2012-06-05T22:00,22,train
12403,2012-06-05T23:00,23,train
12404,2012-06-06T00:00,0,train
12405,2012-06-06T01:00,1,train
12406,2012-06-06T02:00,2,train
12407,2012-06-06T03:00,3,train
12408,2012-06-06T04:00,4,train
12409,2012-06-06T05:00,5,train
12410,2012-06-06T06:00,6,train
12411,2012-06-06T07:00,7,train
12412,2012-06-06T08:00,8,train
12413,2012-06-06T09:00,9,train
12414,2012-06-06T10:00,10,train
12415,2012-06-06T11:00,11,train
12416,2012-06-06T12:00,12,train
12417,2012-06-06T13:00,13,train
12418,2012-06-06T14:00,14,train
12419,2012-06-06T15:00,15,train
12420,2012-06-06T16:00,16,train
12421,2012-06-06T17:00,17,train
12422,2012-06-06T18:00,18,train
12423,2012-06-06T19:00,19,train
12424,2012-06-06T20:00,20,train
12425,2012-06-06T21:00,21,train
12426,2012-06-06T22:00,22,train
12427,2012-06-06T23:00,23,train
12428,2012-06-07T00:00,0,train
12429,2012-06-07T01:00,1,train
12430,2012-06-07T02:00,2,train
12431,2012-06-07T03:00,3,train
12432,2012-06-07T04:00,4,train
12433,2012-06-07T05:00,5,train
12434,2012-06-07T06:00,6,train
12435,2012-06-07T07:00,7,train
12436,2012-06-07T08:00,8,train
12437,2012-06-07T09:00,9,train
12438,2012-06-07T10:00,10,train
12439,2012-06-07T11:00,11,train
12440,2012-06-07T12:00,12,train
12441,2012-06-07T13:00,13,train
12442,2012-06-07T14:00,14,train
12443,2012-06-07T15:00,15,train
12444,2012-06-07T16:00,16,train
12445,2012-06-07T17:00,17,train
12446,2012-06-07T18:00,18,train
12447,2012-06-07T19:00,19,train
12448,2012-06-07T20:00,20,train
12449,2012-06-07T21:00,21,train
12450,2012-06-07T22:00,22,train
12451,2012-06-07T23:00,23,train
12452,2012-06-08T00:00,0,train
12453,2012-06-08T01:00,1,train
12454,2012-06-08T02:00,2,train
12455,2012-06-08T03:00,3,train
12456,2012-06-08T04:00,4,train
12457,2012-06-08T05:00,5,train
12458,2012-06-08T06:00,6,train
12459,2012-06-08T07:00,7,train
12460,2012-06-08T08:00,8,train
12461,2012-06-08T09:00,9,train
12462,2012-06-08T10:00,10,train
12463,2012-06-08T11:00,11,train
12464,2012-06-08T12:00,12,train
12465,2012-06-08T13:00,13,train
12466,2012-06-08T14:00,14,train
12467,2012-06-08T15:00,15,train
12468,2012-06-08T16:00,16,train
12469,2012-06-08T17:00,17,train
12470,2012-06-08T18:00,18,train
12471,2012-06-08T19:00,19,train
12472,2012-06-08T20:00,20,train
12473,2012-06-08T21:00,21,train
12474,2012-06-08T22:00,22,train
12475,2012-06-08T23:00,23,train
12476,2012-06-09T00:00,0,train
12477,2012-06-09T01:00,1,train
12478,2012-06-09T02:00,2,train
12479,2012-06-09T03:00,3,train
12480,2012-06-09T04:00,4,train
12481,2012-06-09T05:00,5,train
12482,2012-06-09T06:00,6,train
12483,2012-06-09T07:00,7,train
12484,2012-06-09T08:00,8,train
12485,2012-06-09T09:00,9,train
12486,2012-06-09T10:00,10,train
12487,2012-06-09T11:00,11,train
12488,2012-06-09T12:00,12,train
12489,2012-06-09T13:00,13,train
12490,2012-06-09T14:00,14,train
12491,2012-06-09T15:00,15,train
12492,2012-06-09T16:00,16,train
12493,2012-06-09T17:00,17,train
12494,2012-06-09T18:00,18,train
12495,2012-06-09T19:00,19,train
12496,2012-06-09T20:00,20,train
12497,2012-06-09T21:00,21,train
12498,2012-06-09T22:00,22,train
12499,2012-06-09T23:00,23,train
12500,2012-06-10T00:00,0,train
12501,2012-06-10T01:00,1,train
12502,2012-06-10T02:00,2,train
12503,2012-06-10T03:00,3,train
12504,2012-06-10T04:00,4,train
12505,2012-06-10T05:00,5,train
12506,2012-06-10T06:00,6,train
12507,2012-06-10T07:00,7,train
12508,2012-06-10T08:00,8,train
12509,2012-06-10T09:00,9,train
12510,2012-06-10T10:00,10,train
12511,2012-06-10T11:00,11,train
12512,2012-06-10T12:00,12,train
12513,2012-06-10T13:00,13,train
12514,2012-06-10T14:00,14,train
12515,2012-06-10T15:00,15,train
12516,2012-06-10T16:00,16,train
12517,2012-06-10T17:00,17,train
12518,2012-06-10T18:00,18,train
12519,2012-06-10T19:00,19,train
12520,2012-06-10T20:00,20,train
12521,2012-06-10T21:00,21,train
12522,2012-06-10T22:00,22,train
12523,2012-06-10T23:00,23,train
12524,2012-06-11T00:00,0,train
12525,2012-06-11T01:00,1,train
12526,2012-06-11T02:00,2,train
12527,2012-06-11T03:00,3,train
12528,2012-06-11T04:00,4,train
12529,2012-06-11T05:00,5,train
12530,2012-06-11T06:00,6,train
12531,2012-06-11T07:00,7,train
12532,2012-06-11T08:00,8,train
12533,2012-06-11T09:00,9,train
12534,2012-06-11T10:00,10,train
12535,2012-06-11T11:00,11,train
12536,2012-06-11T12:00,12,train
12537,2012-06-11T13:00,13,train
12538,2012-06-11T14:00,14,train
12539,2012-06-11T15:00,15,train
12540,2012-06-11T16:00,16,train
12541,2012-06-11T17:00,17,train
12542,2012-06-11T18:00,18,train
12543,2012-06-11T19:00,19,train
12544,2012-06-11T20:00,20,train
12545,2012-06-11T21:00,21,train
12546,2012-06-11T22:00,22,train
12547,2012-06-11T23:00,23,train
12548,2012-06-12T00:00,0,train
12549,2012-06-12T01:00,1,train
12550,2012-06-12T02:00,2,train
12551,2012-06-12T03:00,3,train
12552,2012-06-12T04:00,4,train
12553,2012-06-12T05:00,5,train
12554,2012-06-12T06:00,6,train
12555,2012-06-12T07:00,7,train
12556,2012-06-12T08:00,8,train
12557,2012-06-12T09:00,9,train
12558,2012-06-12T10:00,10,train
12559,2012-06-12T11:00,11,train
12560,2012-06-12T12:00,12,train
12561,2012-06-12T13:00,13,train
12562,2012-06-12T14:00,14,train
12563,2012-06-12T15:00,15,train
12564,2012-06-12T16:00,16,train
12565,2012-06-12T17:00,17,train
12566,2012-06-12T18:00,18,train
12567,2012-06-12T19:00,19,train
12568,2012-06-12T20:00,20,train
12569,2012-06-12T21:00,21,train
12570,2012-06-12T22:00,22,train
12571,2012-06-12T23:00,23,train
12572,2012-06-13T00:00,0,train
12573,2012-06-13T01:00,1,train
12574,2012-06-13T02:00,2,train
12575,2012-06-13T03:00,3,train
12576,2012-06-13T04:00,4,train
12577,2012-06-13T05:00,5,train
12578,2012-06-13T06:00,6,train
12579,2012-06-13T07:00,7,train
12580,2012-06-13T08:00,8,train
12581,2012-06-13T09:00,9,train
12582,2012-06-13T10:00,10,train
12583,2012-06-13T11:00,11,train
12584,2012-06-13T12:00,12,train
12585,2012-06-13T13:00,13,train
12586,2012-06-13T14:00,14,train
12587,2012-06-13T15:00,15,train
12588,2012-06-13T16:00,16,train
12589,2012-06-13T17:00,17,train
12590,2012-06-13T18:00,18,train
12591,2012-06-13T19:00,19,train
12592,2012-06-13T20:00,20,train
12593,2012-06-13T21:00,21,train
12594,2012-06-13T22:00,22,train
12595,2012-06-13T23:00,23,train
12596,2012-06-14T00:00,0,train
12597,2012-06-14T01:00,1,train
12598,2012-06-14T02:00,2,train
12599,2012-06-14T03:00,3,train
12600,2012-06-14T04:00,4,train
12601,2012-06-14T05:00,5,train
12602,2012-06-14T06:00,6,train
12603,2012-06-14T07:00,7,train
12604,2012-06-14T08:00,8,train
12605,2012-06-14T09:00,9,train
12606,2012-06-14T10:00,10,train
12607,2012-06-14T11:00,11,train
12608,2012-06-14T12:00,12,train
12609,2012-06-14T13:00,13,train
12610,2012-06-14T14:00,14,train
12611,2012-06-14T15:00,15,train
12612,2012-06-14T16:00,16,train
12613,2012-06-14T17:00,17,train
12614,2012-06-14T18:00,18,train
12615,2012-06-14T19:00,19,train
12616,2012-06-14T20:00,20,train
12617,2012-06-14T21:00,21,train
12618,2012-06-14T22:00,22,train
12619,2012-06-14T23:00,23,train
12620,2012-06-15T00:00,0,train
12621,2012-06-15T01:00,1,train
12622,2012-06-15T02:00,2,train
12623,2012-06-15T03:00,3,train
12624,2012-06-15T04:00,4,train
12625,2012-06-15T05:00,5,train
12626,2012-06-15T06:00,6,train
12627,2012-06-15T07:00,7,train
12628,2012-06-15T08:00,8,train
12629,2012-06-15T09:00,9,train
12630,2012-06-15T10:00,10,train
12631,2012-06-15T11:00,11,train
12632,2012-06-15T12:00,12,train
12633,2012-06-15T13:00,13,train
12634,2012-06-15T14:00,14,train
12635,2012-06-15T15:00,15,train
12636,2012-06-15T16:00,16,train
12637,2012-06-15T17:00,17,train
12638,2012-06-15T18:00,18,train
12639,2012-06-15T19:00,19,train
12640,2012-06-15T20:00,20,train
12641,2012-06-15T21:00,21,train
12642,2012-06-15T22:00,22,train
12643,2012-06-15T23:00,23,train
12644,2012-06-16T00:00,0,train
12645,2012-06-16T01:00,1,train
12646,2012-06-16T02:00,2,train
12647,2012-06-16T03:00,3,train
12648,2012-06-16T04:00,4,train
12649,2012-06-16T05:00,5,train
12650,2012-06-16T06:00,6,train
12651,2012-06-16T07:00,7,train
12652,2012-06-16T08:00,8,train
12653,2012-06-16T09:00,9,train
12654,2012-06-16T10:00,10,train
12655,2012-06-16T11:00,11,train
12656,2012-06-16T12:00,12,train
12657,2012-06-16T13:00,13,train
12658,2012-06-16T14:00,14,train
12659,2012-06-16T15:00,15,train
12660,2012-06-16T16:00,16,train
12661,2012-06-16T17:00,17,train
12662,2012-06-16T18:00,18,train
12663,2012-06-16T19:00,19,train
12664,2012-06-16T20:00,20,train
12665,2012-06-16T21:00,21,train
12666,2012-06-16T22:00,22,train
12667,2012-06-16T23:00,23,train
12668,2012-06-17T00:00,0,train
12669,2012-06-17T01:00,1,train
12670,2012-06-17T02:00,2,train
12671,2012-06-17T03:00,3,train
12672,2012-06-17T04:00,4,train
12673,2012-06-17T05:00,5,train
12674,2012-06-17T06:00,6,train
12675,2012-06-17T07:00,7,train
12676,2012-06-17T08:00,8,train
12677,2012-06-17T09:00,9,train
12678,2012-06-17T10:00,10,train
12679,2012-06-17T11:00,11,train
12680,2012-06-17T12:00,12,train
12681,2012-06-17T13:00,13,train
12682,2012-06-17T14:00,14,train
12683,2012-06-17T15:00,15,train
12684,2012-06-17T16:00,16,train
12685,2012-06-17T17:00,17,train
12686,2012-06-17T18:00,18,train
12687,2012-06-17T19:00,19,train
12688,2012-06-17T20:00,20,train
12689,2012-06-17T21:00,21,train
12690,2012-06-17T22:00,22,train
12691,2012-06-17T23:00,23,train
12692,2012-06-18T00:00,0,train
12693,2012-06-18T01:00,1,train
12694,2012-06-18T02:00,2,train
12695,2012-06-18T03:00,3,train
12696,2012-06-18T04:00,4,train
12697,2012-06-18T05:00,5,train
12698,2012-06-18T06:00,6,train
12699,2012-06-18T07:00,7,train
12700,2012-06-18T08:00,8,train
12701,2012-06-18T09:00,9,train
12702,2012-06-18T10:00,10,train
12703,2012-06-18T11:00,11,train
12704,2012-06-18T12:00,12,train
12705,2012-06-18T13:00,13,train
12706,2012-06-18T14:00,14,train
12707,2012-06-18T15:00,15,train
12708,2012-06-18T16:00,16,train
12709,2012-06-18T17:00,17,train
12710,2012-06-18T18:00,18,train
12711,2012-06-18T19:00,19,train
12712,2012-06-18T20:00,20,train
12713,2012-06-18T21:00,21,train
12714,2012-06-18T22:00,22,train
12715,2012-06-18T23:00,23,train
12716,2012-06-19T00:00,0,train
12717,2012-06-19T01:00,1,train
12718,2012-06-19T02:00,2,train
12719,2012-06-19T03:00,3,train
12720,2012-06-19T04:00,4,train
12721,2012-06-19T05:00,5,train
12722,2012-06-19T06:00,6,train
12723,2012-06-19T07:00,7,train
12724,2012-06-19T08:00,8,train
12725,2012-06-19T09:00,9,train
12726,2012-06-19T10:00,10,train
12727,2012-06-19T11:00,11,train
12728,2012-06-19T12:00,12,train
12729,2012-06-19T13:00,13,train
12730,2012-06-19T14:00,14,train
12731,2012-06-19T15:00,15,train
12732,2012-06-19T16:00,16,train
12733,2012-06-19T17:00,17,train
12734,2012-06-19T18:00,18,train
12735,2012-06-19T19:00,19,train
12736,2012-06-19T20:00,20,train
12737,2012-06-19T21:00,21,train
12738,2012-06-19T22:00,22,train
12739,2012-06-19T23:00,23,train
12740,2012-06-20T00:00,0,train
12741,2012-06-20T01:00,1,train
12742,2012-06-20T02:00,2,train
12743,2012-06-20T03:00,3,train
12744,2012-06-20T04:00,4,train
12745,2012-06-20T05:00,5,train
12746,2012-06-20T06:00,6,train
12747,2012-06-20T07:00,7,train
12748,2012-06-20T08:00,8,train
12749,2012-06-20T09:00,9,train
12750,2012-06-20T10:00,10,train
12751,2012-06-20T11:00,11,train
12752,2012-06-20T12:00,12,train
12753,2012-06-20T13:00,13,train
12754,2012-06-20T14:00,14,train
12755,2012-06-20T15:00,15,train
12756,2012-06-20T16:00,16,train
12757,2012-06-20T17:00,17,train
12758,2012-06-20T18:00,18,train
12759,2012-06-20T19:00,19,train
12760,2012-06-20T20:00,20,train
12761,2012-06-20T21:00,21,train
12762,2012-06-20T22:00,22,train
12763,2012-06-20T23:00,23,train
12764,2012-06-21T00:00,0,train
12765,2012-06-21T01:00,1,train
12766,2012-06-21T02:00,2,train
12767,2012-06-21T03:00,3,train
12768,2012-06-21T04:00,4,train
12769,2012-06-21T05:00,5,train
12770,2012-06-21T06:00,6,train
12771,2012-06-21T07:00,7,train
12772,2012-06-21T08:00,8,train
12773,2012-06-21T09:00,9,train
12774,2012-06-21T10:00,10,train
12775,2012-06-21T11:00,11,train
12776,2012-06-21T12:00,12,train
12777,2012-06-21T13:00,13,train
12778,2012-06-21T14:00,14,train
12779,2012-06-21T15:00,15,train
12780,2012-06-21T16:00,16,train
12781,2012-06-21T17:00,17,train
12782,2012-06-21T18:00,18,train
12783,2012-06-21T19:00,19,train
12784,2012-06-21T20:00,20,train
12785,2012-06-21T21:00,21,train
12786,2012-06-21T22:00,22,train
12787,2012-06-21T23:00,23,train
12788,2012-06-22T00:00,0,train
12789,2012-06-22T01:00,1,train
12790,2012-06-22T02:00,2,train
12791,2012-06-22T03:00,3,train
12792,2012-06-22T04:00,4,train
12793,2012-06-22T05:00,5,train
12794,2012-06-22T06:00,6,train
12795,2012-06-22T07:00,7,train
12796,2012-06-22T08:00,8,train
12797,2012-06-22T09:00,9,train
12798,2012-06-22T10:00,10,train
12799,2012-06-22T11:00,11,train
12800,2012-06-22T12:00,12,train
12801,2012-06-22T13:00,13,train
12802,2012-06-22T14:00,14,train
12803,2012-06-22T15:00,15,train
12804,2012-06-22T16:00,16,train
12805,2012-06-22T17:00,17,train
12806,2012-06-22T18:00,18,train
12807,2012-06-22T19:00,19,train
12808,2012-06-22T20:00,20,train
12809,2012-06-22T21:00,21,train
12810,2012-06-22T22:00,22,train
12811,2012-06-22T23:00,23,train
12812,2012-06-23T00:00,0,train
12813,2012-06-23T01:00,1,train
12814,2012-06-23T02:00,2,train
12815,2012-06-23T03:00,3,train
12816,2012-06-23T04:00,4,train
12817,2012-06-23T05:00,5,train
12818,2012-06-23T06:00,6,train
12819,2012-06-23T07:00,7,train
12820,2012-06-23T08:00,8,train
12821,2012-06-23T09:00,9,train
12822,2012-06-23T10:00,10,train
12823,2012-06-23T11:00,11,train
12824,2012-06-23T12:00,12,train
12825,2012-06-23T13:00,13,train
12826,2012-06-23T14:00,14,train
12827,2012-06-23T15:00,15,train
12828,2012-06-23T16:00,16,train
12829,2012-06-23T17:00,17,train
12830,2012-06-23T18:00,18,train
12831,2012-06-23T19:00,19,train
12832,2012-06-23T20:00,20,train
12833,2012-06-23T21:00,21,train
12834,2012-06-23T22:00,22,train
12835,2012-06-23T23:00,23,train
12836,2012-06-24T00:00,0,train
12837,2012-06-24T01:00,1,train
12838,2012-06-24T02:00,2,train
12839,2012-06-24T03:00,3,train
12840,2012-06-24T04:00,4,train
12841,2012-06-24T05:00,5,train
12842,2012-06-24T06:00,6,train
12843,2012-06-24T07:00,7,train
12844,2012-06-24T08:00,8,train
12845,2012-06-24T09:00,9,train
12846,2012-06-24T10:00,10,train
12847,2012-06-24T11:00,11,train
12848,2012-06-24T12:00,12,train
12849,2012-06-24T13:00,13,train
12850,2012-06-24T14:00,14,train
12851,2012-06-24T15:00,15,train
12852,2012-06-24T16:00,16,train
12853,2012-06-24T17:00,17,train
12854,2012-06-24T18:00,18,train
12855,2012-06-24T19:00,19,train
12856,2012-06-24T20:00,20,train
12857,2012-06-24T21:00,21,train
12858,2012-06-24T22:00,22,train
12859,2012-06-24T23:00,23,train
12860,2012-06-25T00:00,0,train
12861,2012-06-25T01:00,1,train
12862,2012-06-25T02:00,2,train
12863,2012-06-25T03:00,3,train
12864,2012-06-25T04:00,4,train
12865,2012-06-25T05:00,5,train
12866,2012-06-25T06:00,6,train
12867,2012-06-25T07:00,7,train
12868,2012-06-25T08:00,8,train
12869,2012-06-25T09:00,9,train
12870,2012-06-25T10:00,10,train
12871,2012-06-25T11:00,11,train
12872,2012-06-25T12:00,12,train
12873,2012-06-25T13:00,13,train
12874,2012-06-25T14:00,14,train
12875,2012-06-25T15:00,15,train
12876,2012-06-25T16:00,16,train
12877,2012-06-25T17:00,17,train
12878,2012-06-25T18:00,18,train
12879,2012-06-25T19:00,19,train
12880,2012-06-25T20:00,20,train
12881,2012-06-25T21:00,21,train
12882,2012-06-25T22:00,22,train
12883,2012-06-25T23:00,23,train
12884,2012-06-26T00:00,0,train
12885,2012-06-26T01:00,1,train
12886,2012-06-26T02:00,2,train
12887,2012-06-26T03:00,3,train
12888,2012-06-26T04:00,4,train
12889,2012-06-26T05:00,5,train
12890,2012-06-26T06:00,6,train
12891,2012-06-26T07:00,7,train
12892,2012-06-26T08:00,8,train
12893,2012-06-26T09:00,9,train
12894,2012-06-26T10:00,10,train
12895,2012-06-26T11:00,11,train
12896,2012-06-26T12:00,12,train
12897,2012-06-26T13:00,13,train
12898,2012-06-26T14:00,14,train
12899,2012-06-26T15:00,15,train
12900,2012-06-26T16:00,16,train
12901,2012-06-26T17:00,17,train
12902,2012-06-26T18:00,18,train
12903,2012-06-26T19:00,19,train
12904,2012-06-26T20:00,20,train
12905,2012-06-26T21:00,21,train
12906,2012-06-26T22:00,22,train
12907,2012-06-26T23:00,23,train
12908,2012-06-27T00:00,0,train
12909,2012-06-27T01:00,1,train
12910,2012-06-27T02:00,2,train
12911,2012-06-27T03:00,3,train
12912,2012-06-27T04:00,4,train
12913,2012-06-27T05:00,5,train
12914,2012-06-27T06:00,6,train
12915,2012-06-27T07:00,7,train
12916,2012-06-27T08:00,8,train
12917,2012-06-27T09:00,9,train
12918,2012-06-27T10:00,10,train
12919,2012-06-27T11:00,11,train
12920,2012-06-27T12:00,12,train
12921,2012-06-27T13:00,13,train
12922,2012-06-27T14:00,14,train
12923,2012-06-27T15:00,15,train
12924,2012-06-27T16:00,16,train
12925,2012-06-27T17:00,17,train
12926,2012-06-27T18:00,18,train
12927,2012-06-27T19:00,19,train
12928,2012-06-27T20:00,20,train
12929,2012-06-27T21:00,21,train
12930,2012-06-27T22:00,22,train
12931,2012-06-27T23:00,23,train
12932,2012-06-28T00:00,0,train
12933,2012-06-28T01:00,1,train
12934,2012-06-28T02:00,2,train
12935,2012-06-28T03:00,3,train
12936,2012-06-28T04:00,4,train
12937,2012-06-28T05:00,5,train
12938,2012-06-28T06:00,6,train
12939,2012-06-28T07:00,7,train
12940,2012-06-28T08:00,8,train
12941,2012-06-28T09:00,9,train
12942,2012-06-28T10:00,10,train
12943,2012-06-28T11:00,11,train
12944,2012-06-28T12:00,12,train
12945,2012-06-28T13:00,13,train
12946,2012-06-28T14:00,14,train
12947,2012-06-28T15:00,15,train
12948,2012-06-28T16:00,16,train
12949,2012-06-28T17:00,17,train
12950,2012-06-28T18:00,18,train
12951,2012-06-28T19:00,19,train
12952,2012-06-28T20:00,20,train
12953,2012-06-28T21:00,21,train
12954,2012-06-28T22:00,22,train
12955,2012-06-28T23:00,23,train
12956,2012-06-29T00:00,0,train
12957,2012-06-29T01:00,1,train
12958,2012-06-29T02:00,2,train
12959,2012-06-29T03:00,3,train
12960,2012-06-29T04:00,4,train
12961,2012-06-29T05:00,5,train
12962,2012-06-29T06:00,6,train
12963,2012-06-29T07:00,7,train
12964,2012-06-29T08:00,8,train
12965,2012-06-29T09:00,9,train
12966,2012-06-29T10:00,10,train
12967,2012-06-29T11:00,11,train
12968,2012-06-29T12:00,12,train
12969,2012-06-29T13:00,13,train
12970,2012-06-29T14:00,14,train
12971,2012-06-29T15:00,15,train
12972,2012-06-29T16:00,16,train
12973,2012-06-29T17:00,17,train
12974,2012-06-29T18:00,18,train
12975,2012-06-29T19:00,19,train
12976,2012-06-29T20:00,20,train
12977,2012-06-29T21:00,21,train
12978,2012-06-29T22:00,22,train
12979,2012-06-29T23:00,23,train
12980,2012-06-30T00:00,0,train
12981,2012-06-30T01:00,1,train
12982,2012-06-30T02:00,2,train
12983,2012-06-30T03:00,3,train
12984,2012-06-30T04:00,4,train
12985,2012-06-30T05:00,5,train
12986,2012-06-30T06:00,6,train
12987,2012-06-30T07:00,7,train
12988,2012-06-30T08:00,8,train
12989,2012-06-30T09:00,9,train
12990,2012-06-30T10:00,10,train
12991,2012-06-30T11:00,11,train
12992,2012-06-30T12:00,12,train
12993,2012-06-30T13:00,13,train
12994,2012-06-30T14:00,14,train
12995,2012-06-30T15:00,15,train
12996,2012-06-30T16:00,16,train
12997,2012-06-30T17:00,17,train
12998,2012-06-30T18:00,18,train
12999,2012-06-30T19:00,19,train
13000,2012-06-30T20:00,20,train
13001,2012-06-30T21:00,21,train
13002,2012-06-30T22:00,22,train
13003,2012-06-30T23:00,23,train
13004,2012-07-01T00:00,0,validation
13005,2012-07-01T01:00,1,validation
13006,2012-07-01T02:00,2,validation
13007,2012-07-01T03:00,3,validation
13008,2012-07-01T04:00,4,validation
13009,2012-07-01T05:00,5,validation
13010,2012-07-01T06:00,6,validation
13011,2012-07-01T07:00,7,validation
13012,2012-07-01T08:00,8,validation
13013,2012-07-01T09:00,9,validation
13014,2012-07-01T10:00,10,validation
13015,2012-07-01T11:00,11,validation
13016,2012-07-01T12:00,12,validation
13017,2012-07-01T13:00,13,validation
13018,2012-07-01T14:00,14,validation
13019,2012-07-01T15:00,15,validation
13020,2012-07-01T16:00,16,validation
13021,2012-07-01T17:00,17,validation
13022,2012-07-01T18:00,18,validation
13023,2012-07-01T19:00,19,validation
13024,2012-07-01T20:00,20,validation
13025,2012-07-01T21:00,21,validation
13026,2012-07-01T22:00,22,validation
13027,2012-07-01T23:00,23,validation
13028,2012-07-02T00:00,0,validation
13029,2012-07-02T01:00,1,validation
13030,2012-07-02T02:00,2,validation
13031,2012-07-02T03:00,3,validation
13032,2012-07-02T04:00,4,validation
13033,2012-07-02T05:00,5,validation
13034,2012-07-02T06:00,6,validation
13035,2012-07-02T07:00,7,validation
13036,2012-07-02T08:00,8,validation
13037,2012-07-02T09:00,9,validation
13038,2012-07-02T10:00,10,validation
13039,2012-07-02T11:00,11,validation
13040,2012-07-02T12:00,12,validation
13041,2012-07-02T13:00,13,validation
13042,2012-07-02T14:00,14,validation
13043,2012-07-02T15:00,15,validation
13044,2012-07-02T16:00,16,validation
13045,2012-07-02T17:00,17,validation
13046,2012-07-02T18:00,18,validation
13047,2012-07-02T19:00,19,validation
13048,2012-07-02T20:00,20,validation
13049,2012-07-02T21:00,21,validation
13050,2012-07-02T22:00,22,validation
13051,2012-07-02T23:00,23,validation
13052,2012-07-03T00:00,0,validation
13053,2012-07-03T01:00,1,validation
13054,2012-07-03T02:00,2,validation
13055,2012-07-03T03:00,3,validation
13056,2012-07-03T04:00,4,validation
13057,2012-07-03T05:00,5,validation
13058,2012-07-03T06:00,6,validation
13059,2012-07-03T07:00,7,validation
13060,2012-07-03T08:00,8,validation
13061,2012-07-03T09:00,9,validation
13062,2012-07-03T10:00,10,validation
13063,2012-07-03T11:00,11,validation
13064,2012-07-03T12:00,12,validation
13065,2012-07-03T13:00,13,validation
13066,2012-07-03T14:00,14,validation
13067,2012-07-03T15:00,15,validation
13068,2012-07-03T16:00,16,validation
13069,2012-07-03T17:00,17,validation
13070,2012-07-03T18:00,18,validation
13071,2012-07-03T19:00,19,validation
13072,2012-07-03T20:00,20,validation
13073,2012-07-03T21:00,21,validation
13074,2012-07-03T22:00,22,validation
13075,2012-07-03T23:00,23,validation
13076,2012-07-04T00:00,0,validation
13077,2012-07-04T01:00,1,validation
13078,2012-07-04T02:00,2,validation
13079,2012-07-04T03:00,3,validation
13080,2012-07-04T04:00,4,validation
13081,2012-07-04T05:00,5,validation
13082,2012-07-04T06:00,6,validation
13083,2012-07-04T07:00,7,validation
13084,2012-07-04T08:00,8,validation
13085,2012-07-04T09:00,9,validation
13086,2012-07-04T10:00,10,validation
13087,2012-07-04T11:00,11,validation
13088,2012-07-04T12:00,12,validation
13089,2012-07-04T13:00,13,validation
13090,2012-07-04T14:00,14,validation
13091,2012-07-04T15:00,15,validation
13092,2012-07-04T16:00,16,validation
13093,2012-07-04T17:00,17,validation
13094,2012-07-04T18:00,18,validation
13095,2012-07-04T19:00,19,validation
13096,2012-07-04T20:00,20,validation
13097,2012-07-04T21:00,21,validation
13098,2012-07-04T22:00,22,validation
13099,2012-07-04T23:00,23,validation
13100,2012-07-05T00:00,0,validation
13101,2012-07-05T01:00,1,validation
13102,2012-07-05T02:00,2,validation
13103,2012-07-05T03:00,3,validation
13104,2012-07-05T04:00,4,validation
13105,2012-07-05T05:00,5,validation
13106,2012-07-05T06:00,6,validation
13107,2012-07-05T07:00,7,validation
13108,2012-07-05T08:00,8,validation
13109,2012-07-05T09:00,9,validation
13110,2012-07-05T10:00,10,validation
13111,2012-07-05T11:00,11,validation
13112,2012-07-05T12:00,12,validation
13113,2012-07-05T13:00,13,validation
13114,2012-07-05T14:00,14,validation
13115,2012-07-05T15:00,15,validation
13116,2012-07-05T16:00,16,validation
13117,2012-07-05T17:00,17,validation
13118,2012-07-05T18:00,18,validation
13119,2012-07-05T19:00,19,validation
13120,2012-07-05T20:00,20,validation
13121,2012-07-05T21:00,21,validation
13122,2012-07-05T22:00,22,validation
13123,2012-07-05T23:00,23,validation
13124,2012-07-06T00:00,0,validation
13125,2012-07-06T01:00,1,validation
13126,2012-07-06T02:00,2,validation
13127,2012-07-06T03:00,3,validation
13128,2012-07-06T04:00,4,validation
13129,2012-07-06T05:00,5,validation
13130,2012-07-06T06:00,6,validation
13131,2012-07-06T07:00,7,validation
13132,2012-07-06T08:00,8,validation
13133,2012-07-06T09:00,9,validation
13134,2012-07-06T10:00,10,validation
13135,2012-07-06T11:00,11,validation
13136,2012-07-06T12:00,12,validation
13137,2012-07-06T13:00,13,validation
13138,2012-07-06T14:00,14,validation
13139,2012-07-06T15:00,15,validation
13140,2012-07-06T16:00,16,validation
13141,2012-07-06T17:00,17,validation
13142,2012-07-06T18:00,18,validation
13143,2012-07-06T19:00,19,validation
13144,2012-07-06T20:00,20,validation
13145,2012-07-06T21:00,21,validation
13146,2012-07-06T22:00,22,validation
13147,2012-07-06T23:00,23,validation
13148,2012-07-07T00:00,0,validation
13149,2012-07-07T01:00,1,validation
13150,2012-07-07T02:00,2,validation
13151,2012-07-07T03:00,3,validation
13152,2012-07-07T04:00,4,validation
13153,2012-07-07T05:00,5,validation
13154,2012-07-07T06:00,6,validation
13155,2012-07-07T07:00,7,validation
13156,2012-07-07T08:00,8,validation
13157,2012-07-07T09:00,9,validation
13158,2012-07-07T10:00,10,validation
13159,2012-07-07T11:00,11,validation
13160,2012-07-07T12:00,12,validation
13161,2012-07-07T13:00,13,validation
13162,2012-07-07T14:00,14,validation
13163,2012-07-07T15:00,15,validation
13164,2012-07-07T16:00,16,validation
13165,2012-07-07T17:00,17,validation
13166,2012-07-07T18:00,18,validation
13167,2012-07-07T19:00,19,validation
13168,2012-07-07T20:00,20,validation
13169,2012-07-07T21:00,21,validation
13170,2012-07-07T22:00,22,validation
13171,2012-07-07T23:00,23,validation
13172,2012-07-08T00:00,0,validation
13173,2012-07-08T01:00,1,validation
13174,2012-07-08T02:00,2,validation
13175,2012-07-08T03:00,3,validation
13176,2012-07-08T04:00,4,validation
13177,2012-07-08T05:00,5,validation
13178,2012-07-08T06:00,6,validation
13179,2012-07-08T07:00,7,validation
13180,2012-07-08T08:00,8,validation
13181,2012-07-08T09:00,9,validation
13182,2012-07-08T10:00,10,validation
13183,2012-07-08T11:00,11,validation
13184,2012-07-08T12:00,12,validation
13185,2012-07-08T13:00,13,validation
13186,2012-07-08T14:00,14,validation
13187,2012-07-08T15:00,15,validation
13188,2012-07-08T16:00,16,validation
13189,2012-07-08T17:00,17,validation
13190,2012-07-08T18:00,18,validation
13191,2012-07-08T19:00,19,validation
13192,2012-07-08T20:00,20,validation
13193,2012-07-08T21:00,21,validation
13194,2012-07-08T22:00,22,validation
13195,2012-07-08T23:00,23,validation
13196,2012-07-09T00:00,0,validation
13197,2012-07-09T01:00,1,validation
13198,2012-07-09T02:00,2,validation
13199,2012-07-09T03:00,3,validation
13200,2012-07-09T04:00,4,validation
13201,2012-07-09T05:00,5,validation
13202,2012-07-09T06:00,6,validation
13203,2012-07-09T07:00,7,validation
13204,2012-07-09T08:00,8,validation
13205,2012-07-09T09:00,9,validation
13206,2012-07-09T10:00,10,validation
13207,2012-07-09T11:00,11,validation
13208,2012-07-09T12:00,12,validation
13209,2012-07-09T13:00,13,validation
13210,2012-07-09T14:00,14,validation
13211,2012-07-09T15:00,15,validation
13212,2012-07-09T16:00,16,validation
13213,2012-07-09T17:00,17,validation
13214,2012-07-09T18:00,18,validation
13215,2012-07-09T19:00,19,validation
13216,2012-07-09T20:00,20,validation
13217,2012-07-09T21:00,21,validation
13218,2012-07-09T22:00,22,validation
13219,2012-07-09T23:00,23,validation
13220,2012-07-10T00:00,0,validation
13221,2012-07-10T01:00,1,validation
13222,2012-07-10T02:00,2,validation
13223,2012-07-10T03:00,3,validation
13224,2012-07-10T04:00,4,validation
13225,2012-07-10T05:00,5,validation
13226,2012-07-10T06:00,6,validation
13227,2012-07-10T07:00,7,validation
13228,2012-07-10T08:00,8,validation
13229,2012-07-10T09:00,9,validation
13230,2012-07-10T10:00,10,validation
13231,2012-07-10T11:00,11,validation
13232,2012-07-10T12:00,12,validation
13233,2012-07-10T13:00,13,validation
13234,2012-07-10T14:00,14,validation
13235,2012-07-10T15:00,15,validation
13236,2012-07-10T16:00,16,validation
13237,2012-07-10T17:00,17,validation
13238,2012-07-10T18:00,18,validation
13239,2012-07-10T19:00,19,validation
13240,2012-07-10T20:00,20,validation
13241,2012-07-10T21:00,21,validation
13242,2012-07-10T22:00,22,validation
13243,2012-07-10T23:00,23,validation
13244,2012-07-11T00:00,0,validation
13245,2012-07-11T01:00,1,validation
13246,2012-07-11T02:00,2,validation
13247,2012-07-11T03:00,3,validation
13248,2012-07-11T04:00,4,validation
13249,2012-07-11T05:00,5,validation
13250,2012-07-11T06:00,6,validation
13251,2012-07-11T07:00,7,validation
13252,2012-07-11T08:00,8,validation
13253,2012-07-11T09:00,9,validation
13254,2012-07-11T10:00,10,validation
13255,2012-07-11T11:00,11,validation
13256,2012-07-11T12:00,12,validation
13257,2012-07-11T13:00,13,validation
13258,2012-07-11T14:00,14,validation
13259,2012-07-11T15:00,15,validation
13260,2012-07-11T16:00,16,validation
13261,2012-07-11T17:00,17,validation
13262,2012-07-11T18:00,18,validation
13263,2012-07-11T19:00,19,validation
13264,2012-07-11T20:00,20,validation
13265,2012-07-11T21:00,21,validation
13266,2012-07-11T22:00,22,validation
13267,2012-07-11T23:00,23,validation
13268,2012-07-12T00:00,0,validation
13269,2012-07-12T01:00,1,validation
13270,2012-07-12T02:00,2,validation
13271,2012-07-12T03:00,3,validation
13272,2012-07-12T04:00,4,validation
13273,2012-07-12T05:00,5,validation
13274,2012-07-12T06:00,6,validation
13275,2012-07-12T07:00,7,validation
13276,2012-07-12T08:00,8,validation
13277,2012-07-12T09:00,9,validation
13278,2012-07-12T10:00,10,validation
13279,2012-07-12T11:00,11,validation
13280,2012-07-12T12:00,12,validation
13281,2012-07-12T13:00,13,validation
13282,2012-07-12T14:00,14,validation
13283,2012-07-12T15:00,15,validation
13284,2012-07-12T16:00,16,validation
13285,2012-07-12T17:00,17,validation
13286,2012-07-12T18:00,18,validation
13287,2012-07-12T19:00,19,validation
13288,2012-07-12T20:00,20,validation
13289,2012-07-12T21:00,21,validation
13290,2012-07-12T22:00,22,validation
13291,2012-07-12T23:00,23,validation
13292,2012-07-13T00:00,0,validation
13293,2012-07-13T01:00,1,validation
13294,2012-07-13T02:00,2,validation
13295,2012-07-13T03:00,3,validation
13296,2012-07-13T04:00,4,validation
13297,2012-07-13T05:00,5,validation
13298,2012-07-13T06:00,6,validation
13299,2012-07-13T07:00,7,validation
13300,2012-07-13T08:00,8,validation
13301,2012-07-13T09:00,9,validation
13302,2012-07-13T10:00,10,validation
13303,2012-07-13T11:00,11,validation
13304,2012-07-13T12:00,12,validation
13305,2012-07-13T13:00,13,validation
13306,2012-07-13T14:00,14,validation
13307,2012-07-13T15:00,15,validation
13308,2012-07-13T16:00,16,validation
13309,2012-07-13T17:00,17,validation
13310,2012-07-13T18:00,18,validation
13311,2012-07-13T19:00,19,validation
13312,2012-07-13T20:00,20,validation
13313,2012-07-13T21:00,21,validation
13314,2012-07-13T22:00,22,validation
13315,2012-07-13T23:00,23,validation
13316,2012-07-14T00:00,0,validation
13317,2012-07-14T01:00,1,validation
13318,2012-07-14T02:00,2,validation
13319,2012-07-14T03:00,3,validation
13320,2012-07-14T04:00,4,validation
13321,2012-07-14T05:00,5,validation
13322,2012-07-14T06:00,6,validation
13323,2012-07-14T07:00,7,validation
13324,2012-07-14T08:00,8,validation
13325,2012-07-14T09:00,9,validation
13326,2012-07-14T10:00,10,validation
13327,2012-07-14T11:00,11,validation
13328,2012-07-14T12:00,12,validation
13329,2012-07-14T13:00,13,validation
13330,2012-07-14T14:00,14,validation
13331,2012-07-14T15:00,15,validation
13332,2012-07-14T16:00,16,validation
13333,2012-07-14T17:00,17,validation
13334,2012-07-14T18:00,18,validation
13335,2012-07-14T19:00,19,validation
13336,2012-07-14T20:00,20,validation
13337,2012-07-14T21:00,21,validation
13338,2012-07-14T22:00,22,validation
13339,2012-07-14T23:00,23,validation
13340,2012-07-15T00:00,0,validation
13341,2012-07-15T01:00,1,validation
13342,2012-07-15T02:00,2,validation
13343,2012-07-15T03:00,3,validation
13344,2012-07-15T04:00,4,validation
13345,2012-07-15T05:00,5,validation
13346,2012-07-15T06:00,6,validation
13347,2012-07-15T07:00,7,validation
13348,2012-07-15T08:00,8,validation
13349,2012-07-15T09:00,9,validation
13350,2012-07-15T10:00,10,validation
13351,2012-07-15T11:00,11,validation
13352,2012-07-15T12:00,12,validation
13353,2012-07-15T13:00,13,validation
13354,2012-07-15T14:00,14,validation
13355,2012-07-15T15:00,15,validation
13356,2012-07-15T16:00,16,validation
13357,2012-07-15T17:00,17,validation
13358,2012-07-15T18:00,18,validation
13359,2012-07-15T19:00,19,validation
13360,2012-07-15T20:00,20,validation
13361,2012-07-15T21:00,21,validation
13362,2012-07-15T22:00,22,validation
13363,2012-07-15T23:00,23,validation
13364,2012-07-16T00:00,0,validation
13365,2012-07-16T01:00,1,validation
13366,2012-07-16T02:00,2,validation
13367,2012-07-16T03:00,3,validation
13368,2012-07-16T04:00,4,validation
13369,2012-07-16T05:00,5,validation
13370,2012-07-16T06:00,6,validation
13371,2012-07-16T07:00,7,validation
13372,2012-07-16T08:00,8,validation
13373,2012-07-16T09:00,9,validation
13374,2012-07-16T10:00,10,validation
13375,2012-07-16T11:00,11,validation
13376,2012-07-16T12:00,12,validation
13377,2012-07-16T13:00,13,validation
13378,2012-07-16T14:00,14,validation
13379,2012-07-16T15:00,15,validation
13380,2012-07-16T16:00,16,validation
13381,2012-07-16T17:00,17,validation
13382,2012-07-16T18:00,18,validation
13383,2012-07-16T19:00,19,validation
13384,2012-07-16T20:00,20,validation
13385,2012-07-16T21:00,21,validation
13386,2012-07-16T22:00,22,validation
13387,2012-07-16T23:00,23,validation
13388,2012-07-17T00:00,0,validation
13389,2012-07-17T01:00,1,validation
13390,2012-07-17T02:00,2,validation
13391,2012-07-17T03:00,3,validation
13392,2012-07-17T04:00,4,validation
13393,2012-07-17T05:00,5,validation
13394,2012-07-17T06:00,6,validation
13395,2012-07-17T07:00,7,validation
13396,2012-07-17T08:00,8,validation
13397,2012-07-17T09:00,9,validation
13398,2012-07-17T10:00,10,validation
13399,2012-07-17T11:00,11,validation
13400,2012-07-17T12:00,12,validation
13401,2012-07-17T13:00,13,validation
13402,2012-07-17T14:00,14,validation
13403,2012-07-17T15:00,15,validation
13404,2012-07-17T16:00,16,validation
13405,2012-07-17T17:00,17,validation
13406,2012-07-17T18:00,18,validation
13407,2012-07-17T19:00,19,validation
13408,2012-07-17T20:00,20,validation
13409,2012-07-17T21:00,21,validation
13410,2012-07-17T22:00,22,validation
13411,2012-07-17T23:00,23,validation
13412,2012-07-18T00:00,0,validation
13413,2012-07-18T01:00,1,validation
13414,2012-07-18T02:00,2,validation
13415,2012-07-18T03:00,3,validation
13416,2012-07-18T04:00,4,validation
13417,2012-07-18T05:00,5,validation
13418,2012-07-18T06:00,6,validation
13419,2012-07-18T07:00,7,validation
13420,2012-07-18T08:00,8,validation
13421,2012-07-18T09:00,9,validation
13422,2012-07-18T10:00,10,validation
13423,2012-07-18T11:00,11,validation
13424,2012-07-18T12:00,12,validation
13425,2012-07-18T13:00,13,validation
13426,2012-07-18T14:00,14,validation
13427,2012-07-18T15:00,15,validation
13428,2012-07-18T16:00,16,validation
13429,2012-07-18T17:00,17,validation
13430,2012-07-18T18:00,18,validation
13431,2012-07-18T19:00,19,validation
13432,2012-07-18T20:00,20,validation
13433,2012-07-18T21:00,21,validation
13434,2012-07-18T22:00,22,validation
13435,2012-07-18T23:00,23,validation
13436,2012-07-19T00:00,0,validation
13437,2012-07-19T01:00,1,validation
13438,2012-07-19T02:00,2,validation
13439,2012-07-19T03:00,3,validation
13440,2012-07-19T04:00,4,validation
13441,2012-07-19T05:00,5,validation
13442,2012-07-19T06:00,6,validation
13443,2012-07-19T07:00,7,validation
13444,2012-07-19T08:00,8,validation
13445,2012-07-19T09:00,9,validation
13446,2012-07-19T10:00,10,validation
13447,2012-07-19T11:00,11,validation
13448,2012-07-19T12:00,12,validation
13449,2012-07-19T13:00,13,validation
13450,2012-07-19T14:00,14,validation
13451,2012-07-19T15:00,15,validation
13452,2012-07-19T16:00,16,validation
13453,2012-07-19T17:00,17,validation
13454,2012-07-19T18:00,18,validation
13455,2012-07-19T19:00,19,validation
13456,2012-07-19T20:00,20,validation
13457,2012-07-19T21:00,21,validation
13458,2012-07-19T22:00,22,validation
13459,2012-07-19T23:00,23,validation
13460,2012-07-20T00:00,0,validation
13461,2012-07-20T01:00,1,validation
13462,2012-07-20T02:00,2,validation
13463,2012-07-20T03:00,3,validation
13464,2012-07-20T04:00,4,validation
13465,2012-07-20T05:00,5,validation
13466,2012-07-20T06:00,6,validation
13467,2012-07-20T07:00,7,validation
13468,2012-07-20T08:00,8,validation
13469,2012-07-20T09:00,9,validation
13470,2012-07-20T10:00,10,validation
13471,2012-07-20T11:00,11,validation
13472,2012-07-20T12:00,12,validation
13473,2012-07-20T13:00,13,validation
13474,2012-07-20T14:00,14,validation
13475,2012-07-20T15:00,15,validation
13476,2012-07-20T16:00,16,validation
13477,2012-07-20T17:00,17,validation
13478,2012-07-20T18:00,18,validation
13479,2012-07-20T19:00,19,validation
13480,2012-07-20T20:00,20,validation
13481,2012-07-20T21:00,21,validation
13482,2012-07-20T22:00,22,validation
13483,2012-07-20T23:00,23,validation
13484,2012-07-21T00:00,0,validation
13485,2012-07-21T01:00,1,validation
13486,2012-07-21T02:00,2,validation
13487,2012-07-21T03:00,3,validation
13488,2012-07-21T04:00,4,validation
13489,2012-07-21T05:00,5,validation
13490,2012-07-21T06:00,6,validation
13491,2012-07-21T07:00,7,validation
13492,2012-07-21T08:00,8,validation
13493,2012-07-21T09:00,9,validation
13494,2012-07-21T10:00,10,validation
13495,2012-07-21T11:00,11,validation
13496,2012-07-21T12:00,12,validation
13497,2012-07-21T13:00,13,validation
13498,2012-07-21T14:00,14,validation
13499,2012-07-21T15:00,15,validation
13500,2012-07-21T16:00,16,validation
13501,2012-07-21T17:00,17,validation
13502,2012-07-21T18:00,18,validation
13503,2012-07-21T19:00,19,validation
13504,2012-07-21T20:00,20,validation
13505,2012-07-21T21:00,21,validation
13506,2012-07-21T22:00,22,validation
13507,2012-07-21T23:00,23,validation
13508,2012-07-22T00:00,0,validation
13509,2012-07-22T01:00,1,validation
13510,2012-07-22T02:00,2,validation
13511,2012-07-22T03:00,3,validation
13512,2012-07-22T04:00,4,validation
13513,2012-07-22T05:00,5,validation
13514,2012-07-22T06:00,6,validation
13515,2012-07-22T07:00,7,validation
13516,2012-07-22T08:00,8,validation
13517,2012-07-22T09:00,9,validation
13518,2012-07-22T10:00,10,validation
13519,2012-07-22T11:00,11,validation
13520,2012-07-22T12:00,12,validation
13521,2012-07-22T13:00,13,validation
13522,2012-07-22T14:00,14,validation
13523,2012-07-22T15:00,15,validation
13524,2012-07-22T16:00,16,validation
13525,2012-07-22T17:00,17,validation
13526,2012-07-22T18:00,18,validation
13527,2012-07-22T19:00,19,validation
13528,2012-07-22T20:00,20,validation
13529,2012-07-22T21:00,21,validation
13530,2012-07-22T22:00,22,validation
13531,2012-07-22T23:00,23,validation
13532,2012-07-23T00:00,0,validation
13533,2012-07-23T01:00,1,validation
13534,2012-07-23T02:00,2,validation
13535,2012-07-23T03:00,3,validation
13536,2012-07-23T04:00,4,validation
13537,2012-07-23T05:00,5,validation
13538,2012-07-23T06:00,6,validation
13539,2012-07-23T07:00,7,validation
13540,2012-07-23T08:00,8,validation
13541,2012-07-23T09:00,9,validation
13542,2012-07-23T10:00,10,validation
13543,2012-07-23T11:00,11,validation
13544,2012-07-23T12:00,12,validation
13545,2012-07-23T13:00,13,validation
13546,2012-07-23T14:00,14,validation
13547,2012-07-23T15:00,15,validation
13548,2012-07-23T16:00,16,validation
13549,2012-07-23T17:00,17,validation
13550,2012-07-23T18:00,18,validation
13551,2012-07-23T19:00,19,validation
13552,2012-07-23T20:00,20,validation
13553,2012-07-23T21:00,21,validation
13554,2012-07-23T22:00,22,validation
13555,2012-07-23T23:00,23,validation
13556,2012-07-24T00:00,0,validation
13557,2012-07-24T01:00,1,validation
13558,2012-07-24T02:00,2,validation
13559,2012-07-24T03:00,3,validation
13560,2012-07-24T04:00,4,validation
13561,2012-07-24T05:00,5,validation
13562,2012-07-24T06:00,6,validation
13563,2012-07-24T07:00,7,validation
13564,2012-07-24T08:00,8,validation
13565,2012-07-24T09:00,9,validation
13566,2012-07-24T10:00,10,validation
13567,2012-07-24T11:00,11,validation
13568,2012-07-24T12:00,12,validation
13569,2012-07-24T13:00,13,validation
13570,2012-07-24T14:00,14,validation
13571,2012-07-24T15:00,15,validation
13572,2012-07-24T16:00,16,validation
13573,2012-07-24T17:00,17,validation
13574,2012-07-24T18:00,18,validation
13575,2012-07-24T19:00,19,validation
13576,2012-07-24T20:00,20,validation
13577,2012-07-24T21:00,21,validation
13578,2012-07-24T22:00,22,validation
13579,2012-07-24T23:00,23,validation
13580,2012-07-25T00:00,0,validation
13581,2012-07-25T01:00,1,validation
13582,2012-07-25T02:00,2,validation
13583,2012-07-25T03:00,3,validation
13584,2012-07-25T04:00,4,validation
13585,2012-07-25T05:00,5,validation
13586,2012-07-25T06:00,6,validation
13587,2012-07-25T07:00,7,validation
13588,2012-07-25T08:00,8,validation
13589,2012-07-25T09:00,9,validation
13590,2012-07-25T10:00,10,validation
13591,2012-07-25T11:00,11,validation
13592,2012-07-25T12:00,12,validation
13593,2012-07-25T13:00,13,validation
13594,2012-07-25T14:00,14,validation
13595,2012-07-25T15:00,15,validation
13596,2012-07-25T16:00,16,validation
13597,2012-07-25T17:00,17,validation
13598,2012-07-25T18:00,18,validation
13599,2012-07-25T19:00,19,validation
13600,2012-07-25T20:00,20,validation
13601,2012-07-25T21:00,21,validation
13602,2012-07-25T22:00,22,validation
13603,2012-07-25T23:00,23,validation
13604,2012-07-26T00:00,0,validation
13605,2012-07-26T01:00,1,validation
13606,2012-07-26T02:00,2,validation
13607,2012-07-26T03:00,3,validation
13608,2012-07-26T04:00,4,validation
13609,2012-07-26T05:00,5,validation
13610,2012-07-26T06:00,6,validation
13611,2012-07-26T07:00,7,validation
13612,2012-07-26T08:00,8,validation
13613,2012-07-26T09:00,9,validation
13614,2012-07-26T10:00,10,validation
13615,2012-07-26T11:00,11,validation
13616,2012-07-26T12:00,12,validation
13617,2012-07-26T13:00,13,validation
13618,2012-07-26T14:00,14,validation
13619,2012-07-26T15:00,15,validation
13620,2012-07-26T16:00,16,validation
13621,2012-07-26T17:00,17,validation
13622,2012-07-26T18:00,18,validation
13623,2012-07-26T19:00,19,validation
13624,2012-07-26T20:00,20,validation
13625,2012-07-26T21:00,21,validation
13626,2012-07-26T22:00,22,validation
13627,2012-07-26T23:00,23,validation
13628,2012-07-27T00:00,0,validation
13629,2012-07-27T01:00,1,validation
13630,2012-07-27T02:00,2,validation
13631,2012-07-27T03:00,3,validation
13632,2012-07-27T04:00,4,validation
13633,2012-07-27T05:00,5,validation
13634,2012-07-27T06:00,6,validation
13635,2012-07-27T07:00,7,validation
13636,2012-07-27T08:00,8,validation
13637,2012-07-27T09:00,9,validation
13638,2012-07-27T10:00,10,validation
13639,2012-07-27T11:00,11,validation
13640,2012-07-27T12:00,12,validation
13641,2012-07-27T13:00,13,validation
13642,2012-07-27T14:00,14,validation
13643,2012-07-27T15:00,15,validation
13644,2012-07-27T16:00,16,validation
13645,2012-07-27T17:00,17,validation
13646,2012-07-27T18:00,18,validation
13647,2012-07-27T19:00,19,validation
13648,2012-07-27T20:00,20,validation
13649,2012-07-27T21:00,21,validation
13650,2012-07-27T22:00,22,validation
13651,2012-07-27T23:00,23,validation
13652,2012-07-28T00:00,0,validation
13653,2012-07-28T01:00,1,validation
13654,2012-07-28T02:00,2,validation
13655,2012-07-28T03:00,3,validation
13656,2012-07-28T04:00,4,validation
13657,2012-07-28T05:00,5,validation
13658,2012-07-28T06:00,6,validation
13659,2012-07-28T07:00,7,validation
13660,2012-07-28T08:00,8,validation
13661,2012-07-28T09:00,9,validation
13662,2012-07-28T10:00,10,validation
13663,2012-07-28T11:00,11,validation
13664,2012-07-28T12:00,12,validation
13665,2012-07-28T13:00,13,validation
13666,2012-07-28T14:00,14,validation
13667,2012-07-28T15:00,15,validation
13668,2012-07-28T16:00,16,validation
13669,2012-07-28T17:00,17,validation
13670,2012-07-28T18:00,18,validation
13671,2012-07-28T19:00,19,validation
13672,2012-07-28T20:00,20,validation
13673,2012-07-28T21:00,21,validation
13674,2012-07-28T22:00,22,validation
13675,2012-07-28T23:00,23,validation
13676,2012-07-29T00:00,0,validation
13677,2012-07-29T01:00,1,validation
13678,2012-07-29T02:00,2,validation
13679,2012-07-29T03:00,3,validation
13680,2012-07-29T04:00,4,validation
13681,2012-07-29T05:00,5,validation
13682,2012-07-29T06:00,6,validation
13683,2012-07-29T07:00,7,validation
13684,2012-07-29T08:00,8,validation
13685,2012-07-29T09:00,9,validation
13686,2012-07-29T10:00,10,validation
13687,2012-07-29T11:00,11,validation
13688,2012-07-29T12:00,12,validation
13689,2012-07-29T13:00,13,validation
13690,2012-07-29T14:00,14,validation
13691,2012-07-29T15:00,15,validation
13692,2012-07-29T16:00,16,validation
13693,2012-07-29T17:00,17,validation
13694,2012-07-29T18:00,18,validation
13695,2012-07-29T19:00,19,validation
13696,2012-07-29T20:00,20,validation
13697,2012-07-29T21:00,21,validation
13698,2012-07-29T22:00,22,validation
13699,2012-07-29T23:00,23,validation
13700,2012-07-30T00:00,0,validation
13701,2012-07-30T01:00,1,validation
13702,2012-07-30T02:00,2,validation
13703,2012-07-30T03:00,3,validation
13704,2012-07-30T04:00,4,validation
13705,2012-07-30T05:00,5,validation
13706,2012-07-30T06:00,6,validation
13707,2012-07-30T07:00,7,validation
13708,2012-07-30T08:00,8,validation
13709,2012-07-30T09:00,9,validation
13710,2012-07-30T10:00,10,validation
13711,2012-07-30T11:00,11,validation
13712,2012-07-30T12:00,12,validation
13713,2012-07-30T13:00,13,validation
13714,2012-07-30T14:00,14,validation
13715,2012-07-30T15:00,15,validation
13716,2012-07-30T16:00,16,validation
13717,2012-07-30T17:00,17,validation
13718,2012-07-30T18:00,18,validation
13719,2012-07-30T19:00,19,validation
13720,2012-07-30T20:00,20,validation
13721,2012-07-30T21:00,21,validation
13722,2012-07-30T22:00,22,validation
13723,2012-07-30T23:00,23,validation
13724,2012-07-31T00:00,0,validation
13725,2012-07-31T01:00,1,validation
13726,2012-07-31T02:00,2,validation
13727,2012-07-31T03:00,3,validation
13728,2012-07-31T04:00,4,validation
13729,2012-07-31T05:00,5,validation
13730,2012-07-31T06:00,6,validation
13731,2012-07-31T07:00,7,validation
13732,2012-07-31T08:00,8,validation
13733,2012-07-31T09:00,9,validation
13734,2012-07-31T10:00,10,validation
13735,2012-07-31T11:00,11,validation
13736,2012-07-31T12:00,12,validation
13737,2012-07-31T13:00,13,validation
13738,2012-07-31T14:00,14,validation
13739,2012-07-31T15:00,15,validation
13740,2012-07-31T16:00,16,validation
13741,2012-07-31T17:00,17,validation
13742,2012-07-31T18:00,18,validation
13743,2012-07-31T19:00,19,validation
13744,2012-07-31T20:00,20,validation
13745,2012-07-31T21:00,21,validation
13746,2012-07-31T22:00,22,validation
13747,2012-07-31T23:00,23,validation
13748,2012-08-01T00:00,0,validation
13749,2012-08-01T01:00,1,validation
13750,2012-08-01T02:00,2,validation
13751,2012-08-01T03:00,3,validation
13752,2012-08-01T04:00,4,validation
13753,2012-08-01T05:00,5,validation
13754,2012-08-01T06:00,6,validation
13755,2012-08-01T07:00,7,validation
13756,2012-08-01T08:00,8,validation
13757,2012-08-01T09:00,9,validation
13758,2012-08-01T10:00,10,validation
13759,2012-08-01T11:00,11,validation
13760,2012-08-01T12:00,12,validation
13761,2012-08-01T13:00,13,validation
13762,2012-08-01T14:00,14,validation
13763,2012-08-01T15:00,15,validation
13764,2012-08-01T16:00,16,validation
13765,2012-08-01T17:00,17,validation
13766,2012-08-01T18:00,18,validation
13767,2012-08-01T19:00,19,validation
13768,2012-08-01T20:00,20,validation
13769,2012-08-01T21:00,21,validation
13770,2012-08-01T22:00,22,validation
13771,2012-08-01T23:00,23,validation
13772,2012-08-02T00:00,0,validation
13773,2012-08-02T01:00,1,validation
13774,2012-08-02T02:00,2,validation
13775,2012-08-02T03:00,3,validation
13776,2012-08-02T04:00,4,validation
13777,2012-08-02T05:00,5,validation
13778,2012-08-02T06:00,6,validation
13779,2012-08-02T07:00,7,validation
13780,2012-08-02T08:00,8,validation
13781,2012-08-02T09:00,9,validation
13782,2012-08-02T10:00,10,validation
13783,2012-08-02T11:00,11,validation
13784,2012-08-02T12:00,12,validation
13785,2012-08-02T13:00,13,validation
13786,2012-08-02T14:00,14,validation
13787,2012-08-02T15:00,15,validation
13788,2012-08-02T16:00,16,validation
13789,2012-08-02T17:00,17,validation
13790,2012-08-02T18:00,18,validation
13791,2012-08-02T19:00,19,validation
13792,2012-08-02T20:00,20,validation
13793,2012-08-02T21:00,21,validation
13794,2012-08-02T22:00,22,validation
13795,2012-08-02T23:00,23,validation
13796,2012-08-03T00:00,0,validation
13797,2012-08-03T01:00,1,validation
13798,2012-08-03T02:00,2,validation
13799,2012-08-03T03:00,3,validation
13800,2012-08-03T04:00,4,validation
13801,2012-08-03T05:00,5,validation
13802,2012-08-03T06:00,6,validation
13803,2012-08-03T07:00,7,validation
13804,2012-08-03T08:00,8,validation
13805,2012-08-03T09:00,9,validation
13806,2012-08-03T10:00,10,validation
13807,2012-08-03T11:00,11,validation
13808,2012-08-03T12:00,12,validation
13809,2012-08-03T13:00,13,validation
13810,2012-08-03T14:00,14,validation
13811,2012-08-03T15:00,15,validation
13812,2012-08-03T16:00,16,validation
13813,2012-08-03T17:00,17,validation
13814,2012-08-03T18:00,18,validation
13815,2012-08-03T19:00,19,validation
13816,2012-08-03T20:00,20,validation
13817,2012-08-03T21:00,21,validation
13818,2012-08-03T22:00,22,validation
13819,2012-08-03T23:00,23,validation
13820,2012-08-04T00:00,0,validation
13821,2012-08-04T01:00,1,validation
13822,2012-08-04T02:00,2,validation
13823,2012-08-04T03:00,3,validation
13824,2012-08-04T04:00,4,validation
13825,2012-08-04T05:00,5,validation
13826,2012-08-04T06:00,6,validation
13827,2012-08-04T07:00,7,validation
13828,2012-08-04T08:00,8,validation
13829,2012-08-04T09:00,9,validation
13830,2012-08-04T10:00,10,validation
13831,2012-08-04T11:00,11,validation
13832,2012-08-04T12:00,12,validation
13833,2012-08-04T13:00,13,validation
13834,2012-08-04T14:00,14,validation
13835,2012-08-04T15:00,15,validation
13836,2012-08-04T16:00,16,validation
13837,2012-08-04T17:00,17,validation
13838,2012-08-04T18:00,18,validation
13839,2012-08-04T19:00,19,validation
13840,2012-08-04T20:00,20,validation
13841,2012-08-04T21:00,21,validation
13842,2012-08-04T22:00,22,validation
13843,2012-08-04T23:00,23,validation
13844,2012-08-05T00:00,0,validation
13845,2012-08-05T01:00,1,validation
13846,2012-08-05T02:00,2,validation
13847,2012-08-05T03:00,3,validation
13848,2012-08-05T04:00,4,validation
13849,2012-08-05T05:00,5,validation
13850,2012-08-05T06:00,6,validation
13851,2012-08-05T07:00,7,validation
13852,2012-08-05T08:00,8,validation
13853,2012-08-05T09:00,9,validation
13854,2012-08-05T10:00,10,validation
13855,2012-08-05T11:00,11,validation
13856,2012-08-05T12:00,12,validation
13857,2012-08-05T13:00,13,validation
13858,2012-08-05T14:00,14,validation
13859,2012-08-05T15:00,15,validation
13860,2012-08-05T16:00,16,validation
13861,2012-08-05T17:00,17,validation
13862,2012-08-05T18:00,18,validation
13863,2012-08-05T19:00,19,validation
13864,2012-08-05T20:00,20,validation
13865,2012-08-05T21:00,21,validation
13866,2012-08-05T22:00,22,validation
13867,2012-08-05T23:00,23,validation
13868,2012-08-06T00:00,0,validation
13869,2012-08-06T01:00,1,validation
13870,2012-08-06T02:00,2,validation
13871,2012-08-06T03:00,3,validation
13872,2012-08-06T04:00,4,validation
13873,2012-08-06T05:00,5,validation
13874,2012-08-06T06:00,6,validation
13875,2012-08-06T07:00,7,validation
13876,2012-08-06T08:00,8,validation
13877,2012-08-06T09:00,9,validation
13878,2012-08-06T10:00,10,validation
13879,2012-08-06T11:00,11,validation
13880,2012-08-06T12:00,12,validation
13881,2012-08-06T13:00,13,validation
13882,2012-08-06T14:00,14,validation
13883,2012-08-06T15:00,15,validation
13884,2012-08-06T16:00,16,validation
13885,2012-08-06T17:00,17,validation
13886,2012-08-06T18:00,18,validation
13887,2012-08-06T19:00,19,validation
13888,2012-08-06T20:00,20,validation
13889,2012-08-06T21:00,21,validation
13890,2012-08-06T22:00,22,validation
13891,2012-08-06T23:00,23,validation
13892,2012-08-07T00:00,0,validation
13893,2012-08-07T01:00,1,validation
13894,2012-08-07T02:00,2,validation
13895,2012-08-07T03:00,3,validation
13896,2012-08-07T04:00,4,validation
13897,2012-08-07T05:00,5,validation
13898,2012-08-07T06:00,6,validation
13899,2012-08-07T07:00,7,validation
13900,2012-08-07T08:00,8,validation
13901,2012-08-07T09:00,9,validation
13902,2012-08-07T10:00,10,validation
13903,2012-08-07T11:00,11,validation
13904,2012-08-07T12:00,12,validation
13905,2012-08-07T13:00,13,validation
13906,2012-08-07T14:00,14,validation
13907,2012-08-07T15:00,15,validation
13908,2012-08-07T16:00,16,validation
13909,2012-08-07T17:00,17,validation
13910,2012-08-07T18:00,18,validation
13911,2012-08-07T19:00,19,validation
13912,2012-08-07T20:00,20,validation
13913,2012-08-07T21:00,21,validation
13914,2012-08-07T22:00,22,validation
13915,2012-08-07T23:00,23,validation
13916,2012-08-08T00:00,0,validation
13917,2012-08-08T01:00,1,validation
13918,2012-08-08T02:00,2,validation
13919,2012-08-08T03:00,3,validation
13920,2012-08-08T04:00,4,validation
13921,2012-08-08T05:00,5,validation
13922,2012-08-08T06:00,6,validation
13923,2012-08-08T07:00,7,validation
13924,2012-08-08T08:00,8,validation
13925,2012-08-08T09:00,9,validation
13926,2012-08-08T10:00,10,validation
13927,2012-08-08T11:00,11,validation
13928,2012-08-08T12:00,12,validation
13929,2012-08-08T13:00,13,validation
13930,2012-08-08T14:00,14,validation
13931,2012-08-08T15:00,15,validation
13932,2012-08-08T16:00,16,validation
13933,2012-08-08T17:00,17,validation
13934,2012-08-08T18:00,18,validation
13935,2012-08-08T19:00,19,validation
13936,2012-08-08T20:00,20,validation
13937,2012-08-08T21:00,21,validation
13938,2012-08-08T22:00,22,validation
13939,2012-08-08T23:00,23,validation
13940,2012-08-09T00:00,0,validation
13941,2012-08-09T01:00,1,validation
13942,2012-08-09T02:00,2,validation
13943,2012-08-09T03:00,3,validation
13944,2012-08-09T04:00,4,validation
13945,2012-08-09T05:00,5,validation
13946,2012-08-09T06:00,6,validation
13947,2012-08-09T07:00,7,validation
13948,2012-08-09T08:00,8,validation
13949,2012-08-09T09:00,9,validation
13950,2012-08-09T10:00,10,validation
13951,2012-08-09T11:00,11,validation
13952,2012-08-09T12:00,12,validation
13953,2012-08-09T13:00,13,validation
13954,2012-08-09T14:00,14,validation
13955,2012-08-09T15:00,15,validation
13956,2012-08-09T16:00,16,validation
13957,2012-08-09T17:00,17,validation
13958,2012-08-09T18:00,18,validation
13959,2012-08-09T19:00,19,validation
13960,2012-08-09T20:00,20,validation
13961,2012-08-09T21:00,21,validation
13962,2012-08-09T22:00,22,validation
13963,2012-08-09T23:00,23,validation
13964,2012-08-10T00:00,0,validation
13965,2012-08-10T01:00,1,validation
13966,2012-08-10T02:00,2,validation
13967,2012-08-10T03:00,3,validation
13968,2012-08-10T04:00,4,validation
13969,2012-08-10T05:00,5,validation
13970,2012-08-10T06:00,6,validation
13971,2012-08-10T07:00,7,validation
13972,2012-08-10T08:00,8,validation
13973,2012-08-10T09:00,9,validation
13974,2012-08-10T10:00,10,validation
13975,2012-08-10T11:00,11,validation
13976,2012-08-10T12:00,12,validation
13977,2012-08-10T13:00,13,validation
13978,2012-08-10T14:00,14,validation
13979,2012-08-10T15:00,15,validation
13980,2012-08-10T16:00,16,validation
13981,2012-08-10T17:00,17,validation
13982,2012-08-10T18:00,18,validation
13983,2012-08-10T19:00,19,validation
13984,2012-08-10T20:00,20,validation
13985,2012-08-10T21:00,21,validation
13986,2012-08-10T22:00,22,validation
13987,2012-08-10T23:00,23,validation
13988,2012-08-11T00:00,0,validation
13989,2012-08-11T01:00,1,validation
13990,2012-08-11T02:00,2,validation
13991,2012-08-11T03:00,3,validation
13992,2012-08-11T04:00,4,validation
13993,2012-08-11T05:00,5,validation
13994,2012-08-11T06:00,6,validation
13995,2012-08-11T07:00,7,validation
13996,2012-08-11T08:00,8,validation
13997,2012-08-11T09:00,9,validation
13998,2012-08-11T10:00,10,validation
13999,2012-08-11T11:00,11,validation
14000,2012-08-11T12:00,12,validation
14001,2012-08-11T13:00,13,validation
14002,2012-08-11T14:00,14,validation
14003,2012-08-11T15:00,15,validation
14004,2012-08-11T16:00,16,validation
14005,2012-08-11T17:00,17,validation
14006,2012-08-11T18:00,18,validation
14007,2012-08-11T19:00,19,validation
14008,2012-08-11T20:00,20,validation
14009,2012-08-11T21:00,21,validation
14010,2012-08-11T22:00,22,validation
14011,2012-08-11T23:00,23,validation
14012,2012-08-12T00:00,0,validation
14013,2012-08-12T01:00,1,validation
14014,2012-08-12T02:00,2,validation
14015,2012-08-12T03:00,3,validation
14016,2012-08-12T04:00,4,validation
14017,2012-08-12T05:00,5,validation
14018,2012-08-12T06:00,6,validation
14019,2012-08-12T07:00,7,validation
14020,2012-08-12T08:00,8,validation
14021,2012-08-12T09:00,9,validation
14022,2012-08-12T10:00,10,validation
14023,2012-08-12T11:00,11,validation
14024,2012-08-12T12:00,12,validation
14025,2012-08-12T13:00,13,validation
14026,2012-08-12T14:00,14,validation
14027,2012-08-12T15:00,15,validation
14028,2012-08-12T16:00,16,validation
14029,2012-08-12T17:00,17,validation
14030,2012-08-12T18:00,18,validation
14031,2012-08-12T19:00,19,validation
14032,2012-08-12T20:00,20,validation
14033,2012-08-12T21:00,21,validation
14034,2012-08-12T22:00,22,validation
14035,2012-08-12T23:00,23,validation
14036,2012-08-13T00:00,0,validation
14037,2012-08-13T01:00,1,validation
14038,2012-08-13T02:00,2,validation
14039,2012-08-13T03:00,3,validation
14040,2012-08-13T04:00,4,validation
14041,2012-08-13T05:00,5,validation
14042,2012-08-13T06:00,6,validation
14043,2012-08-13T07:00,7,validation
14044,2012-08-13T08:00,8,validation
14045,2012-08-13T09:00,9,validation
14046,2012-08-13T10:00,10,validation
14047,2012-08-13T11:00,11,validation
14048,2012-08-13T12:00,12,validation
14049,2012-08-13T13:00,13,validation
14050,2012-08-13T14:00,14,validation
14051,2012-08-13T15:00,15,validation
14052,2012-08-13T16:00,16,validation
14053,2012-08-13T17:00,17,validation
14054,2012-08-13T18:00,18,validation
14055,2012-08-13T19:00,19,validation
14056,2012-08-13T20:00,20,validation
14057,2012-08-13T21:00,21,validation
14058,2012-08-13T22:00,22,validation
14059,2012-08-13T23:00,23,validation
14060,2012-08-14T00:00,0,validation
14061,2012-08-14T01:00,1,validation
14062,2012-08-14T02:00,2,validation
14063,2012-08-14T03:00,3,validation
14064,2012-08-14T04:00,4,validation
14065,2012-08-14T05:00,5,validation
14066,2012-08-14T06:00,6,validation
14067,2012-08-14T07:00,7,validation
14068,2012-08-14T08:00,8,validation
14069,2012-08-14T09:00,9,validation
14070,2012-08-14T10:00,10,validation
14071,2012-08-14T11:00,11,validation
14072,2012-08-14T12:00,12,validation
14073,2012-08-14T13:00,13,validation
14074,2012-08-14T14:00,14,validation
14075,2012-08-14T15:00,15,validation
14076,2012-08-14T16:00,16,validation
14077,2012-08-14T17:00,17,validation
14078,2012-08-14T18:00,18,validation
14079,2012-08-14T19:00,19,validation
14080,2012-08-14T20:00,20,validation
14081,2012-08-14T21:00,21,validation
14082,2012-08-14T22:00,22,validation
14083,2012-08-14T23:00,23,validation
14084,2012-08-15T00:00,0,validation
14085,2012-08-15T01:00,1,validation
14086,2012-08-15T02:00,2,validation
14087,2012-08-15T03:00,3,validation
14088,2012-08-15T04:00,4,validation
14089,2012-08-15T05:00,5,validation
14090,2012-08-15T06:00,6,validation
14091,2012-08-15T07:00,7,validation
14092,2012-08-15T08:00,8,validation
14093,2012-08-15T09:00,9,validation
14094,2012-08-15T10:00,10,validation
14095,2012-08-15T11:00,11,validation
14096,2012-08-15T12:00,12,validation
14097,2012-08-15T13:00,13,validation
14098,2012-08-15T14:00,14,validation
14099,2012-08-15T15:00,15,validation
14100,2012-08-15T16:00,16,validation
14101,2012-08-15T17:00,17,validation
14102,2012-08-15T18:00,18,validation
14103,2012-08-15T19:00,19,validation
14104,2012-08-15T20:00,20,validation
14105,2012-08-15T21:00,21,validation
14106,2012-08-15T22:00,22,validation
14107,2012-08-15T23:00,23,validation
14108,2012-08-16T00:00,0,validation
14109,2012-08-16T01:00,1,validation
14110,2012-08-16T02:00,2,validation
14111,2012-08-16T03:00,3,validation
14112,2012-08-16T04:00,4,validation
14113,2012-08-16T05:00,5,validation
14114,2012-08-16T06:00,6,validation
14115,2012-08-16T07:00,7,validation
14116,2012-08-16T08:00,8,validation
14117,2012-08-16T09:00,9,validation
14118,2012-08-16T10:00,10,validation
14119,2012-08-16T11:00,11,validation
14120,2012-08-16T12:00,12,validation
14121,2012-08-16T13:00,13,validation
14122,2012-08-16T14:00,14,validation
14123,2012-08-16T15:00,15,validation
14124,2012-08-16T16:00,16,validation
14125,2012-08-16T17:00,17,validation
14126,2012-08-16T18:00,18,validation
14127,2012-08-16T19:00,19,validation
14128,2012-08-16T20:00,20,validation
14129,2012-08-16T21:00,21,validation
14130,2012-08-16T22:00,22,validation
14131,2012-08-16T23:00,23,validation
14132,2012-08-17T00:00,0,validation
14133,2012-08-17T01:00,1,validation
14134,2012-08-17T02:00,2,validation
14135,2012-08-17T03:00,3,validation
14136,2012-08-17T04:00,4,validation
14137,2012-08-17T05:00,5,validation
14138,2012-08-17T06:00,6,validation
14139,2012-08-17T07:00,7,validation
14140,2012-08-17T08:00,8,validation
14141,2012-08-17T09:00,9,validation
14142,2012-08-17T10:00,10,validation
14143,2012-08-17T11:00,11,validation
14144,2012-08-17T12:00,12,validation
14145,2012-08-17T13:00,13,validation
14146,2012-08-17T14:00,14,validation
14147,2012-08-17T15:00,15,validation
14148,2012-08-17T16:00,16,validation
14149,2012-08-17T17:00,17,validation
14150,2012-08-17T18:00,18,validation
14151,2012-08-17T19:00,19,validation
14152,2012-08-17T20:00,20,validation
14153,2012-08-17T21:00,21,validation
14154,2012-08-17T22:00,22,validation
14155,2012-08-17T23:00,23,validation
14156,2012-08-18T00:00,0,validation
14157,2012-08-18T01:00,1,validation
14158,2012-08-18T02:00,2,validation
14159,2012-08-18T03:00,3,validation
14160,2012-08-18T04:00,4,validation
14161,2012-08-18T05:00,5,validation
14162,2012-08-18T06:00,6,validation
14163,2012-08-18T07:00,7,validation
14164,2012-08-18T08:00,8,validation
14165,2012-08-18T09:00,9,validation
14166,2012-08-18T10:00,10,validation
14167,2012-08-18T11:00,11,validation
14168,2012-08-18T12:00,12,validation
14169,2012-08-18T13:00,13,validation
14170,2012-08-18T14:00,14,validation
14171,2012-08-18T15:00,15,validation
14172,2012-08-18T16:00,16,validation
14173,2012-08-18T17:00,17,validation
14174,2012-08-18T18:00,18,validation
14175,2012-08-18T19:00,19,validation
14176,2012-08-18T20:00,20,validation
14177,2012-08-18T21:00,21,validation
14178,2012-08-18T22:00,22,validation
14179,2012-08-18T23:00,23,validation
14180,2012-08-19T00:00,0,validation
14181,2012-08-19T01:00,1,validation
14182,2012-08-19T02:00,2,validation
14183,2012-08-19T03:00,3,validation
14184,2012-08-19T04:00,4,validation
14185,2012-08-19T05:00,5,validation
14186,2012-08-19T06:00,6,validation
14187,2012-08-19T07:00,7,validation
14188,2012-08-19T08:00,8,validation
14189,2012-08-19T09:00,9,validation
14190,2012-08-19T10:00,10,validation
14191,2012-08-19T11:00,11,validation
14192,2012-08-19T12:00,12,validation
14193,2012-08-19T13:00,13,validation
14194,2012-08-19T14:00,14,validation
14195,2012-08-19T15:00,15,validation
14196,2012-08-19T16:00,16,validation
14197,2012-08-19T17:00,17,validation
14198,2012-08-19T18:00,18,validation
14199,2012-08-19T19:00,19,validation
14200,2012-08-19T20:00,20,validation
14201,2012-08-19T21:00,21,validation
14202,2012-08-19T22:00,22,validation
14203,2012-08-19T23:00,23,validation
14204,2012-08-20T00:00,0,validation
14205,2012-08-20T01:00,1,validation
14206,2012-08-20T02:00,2,validation
14207,2012-08-20T03:00,3,validation
14208,2012-08-20T04:00,4,validation
14209,2012-08-20T05:00,5,validation
14210,2012-08-20T06:00,6,validation
14211,2012-08-20T07:00,7,validation
14212,2012-08-20T08:00,8,validation
14213,2012-08-20T09:00,9,validation
14214,2012-08-20T10:00,10,validation
14215,2012-08-20T11:00,11,validation
14216,2012-08-20T12:00,12,validation
14217,2012-08-20T13:00,13,validation
14218,2012-08-20T14:00,14,validation
14219,2012-08-20T15:00,15,validation
14220,2012-08-20T16:00,16,validation
14221,2012-08-20T17:00,17,validation
14222,2012-08-20T18:00,18,validation
14223,2012-08-20T19:00,19,validation
14224,2012-08-20T20:00,20,validation
14225,2012-08-20T21:00,21,validation
14226,2012-08-20T22:00,22,validation
14227,2012-08-20T23:00,23,validation
14228,2012-08-21T00:00,0,validation
14229,2012-08-21T01:00,1,validation
14230,2012-08-21T02:00,2,validation
14231,2012-08-21T03:00,3,validation
14232,2012-08-21T04:00,4,validation
14233,2012-08-21T05:00,5,validation
14234,2012-08-21T06:00,6,validation
14235,2012-08-21T07:00,7,validation
14236,2012-08-21T08:00,8,validation
14237,2012-08-21T09:00,9,validation
14238,2012-08-21T10:00,10,validation
14239,2012-08-21T11:00,11,validation
14240,2012-08-21T12:00,12,validation
14241,2012-08-21T13:00,13,validation
14242,2012-08-21T14:00,14,validation
14243,2012-08-21T15:00,15,validation
14244,2012-08-21T16:00,16,validation
14245,2012-08-21T17:00,17,validation
14246,2012-08-21T18:00,18,validation
14247,2012-08-21T19:00,19,validation
14248,2012-08-21T20:00,20,validation
14249,2012-08-21T21:00,21,validation
14250,2012-08-21T22:00,22,validation
14251,2012-08-21T23:00,23,validation
14252,2012-08-22T00:00,0,validation
14253,2012-08-22T01:00,1,validation
14254,2012-08-22T02:00,2,validation
14255,2012-08-22T03:00,3,validation
14256,2012-08-22T04:00,4,validation
14257,2012-08-22T05:00,5,validation
14258,2012-08-22T06:00,6,validation
14259,2012-08-22T07:00,7,validation
14260,2012-08-22T08:00,8,validation
14261,2012-08-22T09:00,9,validation
14262,2012-08-22T10:00,10,validation
14263,2012-08-22T11:00,11,validation
14264,2012-08-22T12:00,12,validation
14265,2012-08-22T13:00,13,validation
14266,2012-08-22T14:00,14,validation
14267,2012-08-22T15:00,15,validation
14268,2012-08-22T16:00,16,validation
14269,2012-08-22T17:00,17,validation
14270,2012-08-22T18:00,18,validation
14271,2012-08-22T19:00,19,validation
14272,2012-08-22T20:00,20,validation
14273,2012-08-22T21:00,21,validation
14274,2012-08-22T22:00,22,validation
14275,2012-08-22T23:00,23,validation
14276,2012-08-23T00:00,0,validation
14277,2012-08-23T01:00,1,validation
14278,2012-08-23T02:00,2,validation
14279,2012-08-23T03:00,3,validation
14280,2012-08-23T04:00,4,validation
14281,2012-08-23T05:00,5,validation
14282,2012-08-23T06:00,6,validation
14283,2012-08-23T07:00,7,validation
14284,2012-08-23T08:00,8,validation
14285,2012-08-23T09:00,9,validation
14286,2012-08-23T10:00,10,validation
14287,2012-08-23T11:00,11,validation
14288,2012-08-23T12:00,12,validation
14289,2012-08-23T13:00,13,validation
14290,2012-08-23T14:00,14,validation
14291,2012-08-23T15:00,15,validation
14292,2012-08-23T16:00,16,validation
14293,2012-08-23T17:00,17,validation
14294,2012-08-23T18:00,18,validation
14295,2012-08-23T19:00,19,validation
14296,2012-08-23T20:00,20,validation
14297,2012-08-23T21:00,21,validation
14298,2012-08-23T22:00,22,validation
14299,2012-08-23T23:00,23,validation
14300,2012-08-24T00:00,0,validation
14301,2012-08-24T01:00,1,validation
14302,2012-08-24T02:00,2,validation
14303,2012-08-24T03:00,3,validation
14304,2012-08-24T04:00,4,validation
14305,2012-08-24T05:00,5,validation
14306,2012-08-24T06:00,6,validation
14307,2012-08-24T07:00,7,validation
14308,2012-08-24T08:00,8,validation
14309,2012-08-24T09:00,9,validation
14310,2012-08-24T10:00,10,validation
14311,2012-08-24T11:00,11,validation
14312,2012-08-24T12:00,12,validation
14313,2012-08-24T13:00,13,validation
14314,2012-08-24T14:00,14,validation
14315,2012-08-24T15:00,15,validation
14316,2012-08-24T16:00,16,validation
14317,2012-08-24T17:00,17,validation
14318,2012-08-24T18:00,18,validation
14319,2012-08-24T19:00,19,validation
14320,2012-08-24T20:00,20,validation
14321,2012-08-24T21:00,21,validation
14322,2012-08-24T22:00,22,validation
14323,2012-08-24T23:00,23,validation
14324,2012-08-25T00:00,0,validation
14325,2012-08-25T01:00,1,validation
14326,2012-08-25T02:00,2,validation
14327,2012-08-25T03:00,3,validation
14328,2012-08-25T04:00,4,validation
14329,2012-08-25T05:00,5,validation
14330,2012-08-25T06:00,6,validation
14331,2012-08-25T07:00,7,validation
14332,2012-08-25T08:00,8,validation
14333,2012-08-25T09:00,9,validation
14334,2012-08-25T10:00,10,validation
14335,2012-08-25T11:00,11,validation
14336,2012-08-25T12:00,12,validation
14337,2012-08-25T13:00,13,validation
14338,2012-08-25T14:00,14,validation
14339,2012-08-25T15:00,15,validation
14340,2012-08-25T16:00,16,validation
14341,2012-08-25T17:00,17,validation
14342,2012-08-25T18:00,18,validation
14343,2012-08-25T19:00,19,validation
14344,2012-08-25T20:00,20,validation
14345,2012-08-25T21:00,21,validation
14346,2012-08-25T22:00,22,validation
14347,2012-08-25T23:00,23,validation
14348,2012-08-26T00:00,0,validation
14349,2012-08-26T01:00,1,validation
14350,2012-08-26T02:00,2,validation
14351,2012-08-26T03:00,3,validation
14352,2012-08-26T04:00,4,validation
14353,2012-08-26T05:00,5,validation
14354,2012-08-26T06:00,6,validation
14355,2012-08-26T07:00,7,validation
14356,2012-08-26T08:00,8,validation
14357,2012-08-26T09:00,9,validation
14358,2012-08-26T10:00,10,validation
14359,2012-08-26T11:00,11,validation
14360,2012-08-26T12:00,12,validation
14361,2012-08-26T13:00,13,validation
14362,2012-08-26T14:00,14,validation
14363,2012-08-26T15:00,15,validation
14364,2012-08-26T16:00,16,validation
14365,2012-08-26T17:00,17,validation
14366,2012-08-26T18:00,18,validation
14367,2012-08-26T19:00,19,validation
14368,2012-08-26T20:00,20,validation
14369,2012-08-26T21:00,21,validation
14370,2012-08-26T22:00,22,validation
14371,2012-08-26T23:00,23,validation
14372,2012-08-27T00:00,0,validation
14373,2012-08-27T01:00,1,validation
14374,2012-08-27T02:00,2,validation
14375,2012-08-27T03:00,3,validation
14376,2012-08-27T04:00,4,validation
14377,2012-08-27T05:00,5,validation
14378,2012-08-27T06:00,6,validation
14379,2012-08-27T07:00,7,validation
14380,2012-08-27T08:00,8,validation
14381,2012-08-27T09:00,9,validation
14382,2012-08-27T10:00,10,validation
14383,2012-08-27T11:00,11,validation
14384,2012-08-27T12:00,12,validation
14385,2012-08-27T13:00,13,validation
14386,2012-08-27T14:00,14,validation
14387,2012-08-27T15:00,15,validation
14388,2012-08-27T16:00,16,validation
14389,2012-08-27T17:00,17,validation
14390,2012-08-27T18:00,18,validation
14391,2012-08-27T19:00,19,validation
14392,2012-08-27T20:00,20,validation
14393,2012-08-27T21:00,21,validation
14394,2012-08-27T22:00,22,validation
14395,2012-08-27T23:00,23,validation
14396,2012-08-28T00:00,0,validation
14397,2012-08-28T01:00,1,validation
14398,2012-08-28T02:00,2,validation
14399,2012-08-28T03:00,3,validation
14400,2012-08-28T04:00,4,validation
14401,2012-08-28T05:00,5,validation
14402,2012-08-28T06:00,6,validation
14403,2012-08-28T07:00,7,validation
14404,2012-08-28T08:00,8,validation
14405,2012-08-28T09:00,9,validation
14406,2012-08-28T10:00,10,validation
14407,2012-08-28T11:00,11,validation
14408,2012-08-28T12:00,12,validation
14409,2012-08-28T13:00,13,validation
14410,2012-08-28T14:00,14,validation
14411,2012-08-28T15:00,15,validation
14412,2012-08-28T16:00,16,validation
14413,2012-08-28T17:00,17,validation
14414,2012-08-28T18:00,18,validation
14415,2012-08-28T19:00,19,validation
14416,2012-08-28T20:00,20,validation
14417,2012-08-28T21:00,21,validation
14418,2012-08-28T22:00,22,validation
14419,2012-08-28T23:00,23,validation
14420,2012-08-29T00:00,0,validation
14421,2012-08-29T01:00,1,validation
14422,2012-08-29T02:00,2,validation
14423,2012-08-29T03:00,3,validation
14424,2012-08-29T04:00,4,validation
14425,2012-08-29T05:00,5,validation
14426,2012-08-29T06:00,6,validation
14427,2012-08-29T07:00,7,validation
14428,2012-08-29T08:00,8,validation
14429,2012-08-29T09:00,9,validation
14430,2012-08-29T10:00,10,validation
14431,2012-08-29T11:00,11,validation
14432,2012-08-29T12:00,12,validation
14433,2012-08-29T13:00,13,validation
14434,2012-08-29T14:00,14,validation
14435,2012-08-29T15:00,15,validation
14436,2012-08-29T16:00,16,validation
14437,2012-08-29T17:00,17,validation
14438,2012-08-29T18:00,18,validation
14439,2012-08-29T19:00,19,validation
14440,2012-08-29T20:00,20,validation
14441,2012-08-29T21:00,21,validation
14442,2012-08-29T22:00,22,validation
14443,2012-08-29T23:00,23,validation
14444,2012-08-30T00:00,0,validation
14445,2012-08-30T01:00,1,validation
14446,2012-08-30T02:00,2,validation
14447,2012-08-30T03:00,3,validation
14448,2012-08-30T04:00,4,validation
14449,2012-08-30T05:00,5,validation
14450,2012-08-30T06:00,6,validation
14451,2012-08-30T07:00,7,validation
14452,2012-08-30T08:00,8,validation
14453,2012-08-30T09:00,9,validation
14454,2012-08-30T10:00,10,validation
14455,2012-08-30T11:00,11,validation
14456,2012-08-30T12:00,12,validation
14457,2012-08-30T13:00,13,validation
14458,2012-08-30T14:00,14,validation
14459,2012-08-30T15:00,15,validation
14460,2012-08-30T16:00,16,validation
14461,2012-08-30T17:00,17,validation
14462,2012-08-30T18:00,18,validation
14463,2012-08-30T19:00,19,validation
14464,2012-08-30T20:00,20,validation
14465,2012-08-30T21:00,21,validation
14466,2012-08-30T22:00,22,validation
14467,2012-08-30T23:00,23,validation
14468,2012-08-31T00:00,0,validation
14469,2012-08-31T01:00,1,validation
14470,2012-08-31T02:00,2,validation
14471,2012-08-31T03:00,3,validation
14472,2012-08-31T04:00,4,validation
14473,2012-08-31T05:00,5,validation
14474,2012-08-31T06:00,6,validation
14475,2012-08-31T07:00,7,validation
14476,2012-08-31T08:00,8,validation
14477,2012-08-31T09:00,9,validation
14478,2012-08-31T10:00,10,validation
14479,2012-08-31T11:00,11,validation
14480,2012-08-31T12:00,12,validation
14481,2012-08-31T13:00,13,validation
14482,2012-08-31T14:00,14,validation
14483,2012-08-31T15:00,15,validation
14484,2012-08-31T16:00,16,validation
14485,2012-08-31T17:00,17,validation
14486,2012-08-31T18:00,18,validation
14487,2012-08-31T19:00,19,validation
14488,2012-08-31T20:00,20,validation
14489,2012-08-31T21:00,21,validation
14490,2012-08-31T22:00,22,validation
14491,2012-08-31T23:00,23,validation
14492,2012-09-01T00:00,0,validation
14493,2012-09-01T01:00,1,validation
14494,2012-09-01T02:00,2,validation
14495,2012-09-01T03:00,3,validation
14496,2012-09-01T04:00,4,validation
14497,2012-09-01T05:00,5,validation
14498,2012-09-01T06:00,6,validation
14499,2012-09-01T07:00,7,validation
14500,2012-09-01T08:00,8,validation
14501,2012-09-01T09:00,9,validation
14502,2012-09-01T10:00,10,validation
14503,2012-09-01T11:00,11,validation
14504,2012-09-01T12:00,12,validation
14505,2012-09-01T13:00,13,validation
14506,2012-09-01T14:00,14,validation
14507,2012-09-01T15:00,15,validation
14508,2012-09-01T16:00,16,validation
14509,2012-09-01T17:00,17,validation
14510,2012-09-01T18:00,18,validation
14511,2012-09-01T19:00,19,validation
14512,2012-09-01T20:00,20,validation
14513,2012-09-01T21:00,21,validation
14514,2012-09-01T22:00,22,validation
14515,2012-09-01T23:00,23,validation
14516,2012-09-02T00:00,0,validation
14517,2012-09-02T01:00,1,validation
14518,2012-09-02T02:00,2,validation
14519,2012-09-02T03:00,3,validation
14520,2012-09-02T04:00,4,validation
14521,2012-09-02T05:00,5,validation
14522,2012-09-02T06:00,6,validation
14523,2012-09-02T07:00,7,validation
14524,2012-09-02T08:00,8,validation
14525,2012-09-02T09:00,9,validation
14526,2012-09-02T10:00,10,validation
14527,2012-09-02T11:00,11,validation
14528,2012-09-02T12:00,12,validation
14529,2012-09-02T13:00,13,validation
14530,2012-09-02T14:00,14,validation
14531,2012-09-02T15:00,15,validation
14532,2012-09-02T16:00,16,validation
14533,2012-09-02T17:00,17,validation
14534,2012-09-02T18:00,18,validation
14535,2012-09-02T19:00,19,validation
14536,2012-09-02T20:00,20,validation
14537,2012-09-02T21:00,21,validation
14538,2012-09-02T22:00,22,validation
14539,2012-09-02T23:00,23,validation
14540,2012-09-03T00:00,0,validation
14541,2012-09-03T01:00,1,validation
14542,2012-09-03T02:00,2,validation
14543,2012-09-03T03:00,3,validation
14544,2012-09-03T04:00,4,validation
14545,2012-09-03T05:00,5,validation
14546,2012-09-03T06:00,6,validation
14547,2012-09-03T07:00,7,validation
14548,2012-09-03T08:00,8,validation
14549,2012-09-03T09:00,9,validation
14550,2012-09-03T10:00,10,validation
14551,2012-09-03T11:00,11,validation
14552,2012-09-03T12:00,12,validation
14553,2012-09-03T13:00,13,validation
14554,2012-09-03T14:00,14,validation
14555,2012-09-03T15:00,15,validation
14556,2012-09-03T16:00,16,validation
14557,2012-09-03T17:00,17,validation
14558,2012-09-03T18:00,18,validation
14559,2012-09-03T19:00,19,validation
14560,2012-09-03T20:00,20,validation
14561,2012-09-03T21:00,21,validation
14562,2012-09-03T22:00,22,validation
14563,2012-09-03T23:00,23,validation
14564,2012-09-04T00:00,0,validation
14565,2012-09-04T01:00,1,validation
14566,2012-09-04T02:00,2,validation
14567,2012-09-04T03:00,3,validation
14568,2012-09-04T04:00,4,validation
14569,2012-09-04T05:00,5,validation
14570,2012-09-04T06:00,6,validation
14571,2012-09-04T07:00,7,validation
14572,2012-09-04T08:00,8,validation
14573,2012-09-04T09:00,9,validation
14574,2012-09-04T10:00,10,validation
14575,2012-09-04T11:00,11,validation
14576,2012-09-04T12:00,12,validation
14577,2012-09-04T13:00,13,validation
14578,2012-09-04T14:00,14,validation
14579,2012-09-04T15:00,15,validation
14580,2012-09-04T16:00,16,validation
14581,2012-09-04T17:00,17,validation
14582,2012-09-04T18:00,18,validation
14583,2012-09-04T19:00,19,validation
14584,2012-09-04T20:00,20,validation
14585,2012-09-04T21:00,21,validation
14586,2012-09-04T22:00,22,validation
14587,2012-09-04T23:00,23,validation
14588,2012-09-05T00:00,0,validation
14589,2012-09-05T01:00,1,validation
14590,2012-09-05T02:00,2,validation
14591,2012-09-05T03:00,3,validation
14592,2012-09-05T04:00,4,validation
14593,2012-09-05T05:00,5,validation
14594,2012-09-05T06:00,6,validation
14595,2012-09-05T07:00,7,validation
14596,2012-09-05T08:00,8,validation
14597,2012-09-05T09:00,9,validation
14598,2012-09-05T10:00,10,validation
14599,2012-09-05T11:00,11,validation
14600,2012-09-05T12:00,12,validation
14601,2012-09-05T13:00,13,validation
14602,2012-09-05T14:00,14,validation
14603,2012-09-05T15:00,15,validation
14604,2012-09-05T16:00,16,validation
14605,2012-09-05T17:00,17,validation
14606,2012-09-05T18:00,18,validation
14607,2012-09-05T19:00,19,validation
14608,2012-09-05T20:00,20,validation
14609,2012-09-05T21:00,21,validation
14610,2012-09-05T22:00,22,validation
14611,2012-09-05T23:00,23,validation
14612,2012-09-06T00:00,0,validation
14613,2012-09-06T01:00,1,validation
14614,2012-09-06T02:00,2,validation
14615,2012-09-06T03:00,3,validation
14616,2012-09-06T04:00,4,validation
14617,2012-09-06T05:00,5,validation
14618,2012-09-06T06:00,6,validation
14619,2012-09-06T07:00,7,validation
14620,2012-09-06T08:00,8,validation
14621,2012-09-06T09:00,9,validation
14622,2012-09-06T10:00,10,validation
14623,2012-09-06T11:00,11,validation
14624,2012-09-06T12:00,12,validation
14625,2012-09-06T13:00,13,validation
14626,2012-09-06T14:00,14,validation
14627,2012-09-06T15:00,15,validation
14628,2012-09-06T16:00,16,validation
14629,2012-09-06T17:00,17,validation
14630,2012-09-06T18:00,18,validation
14631,2012-09-06T19:00,19,validation
14632,2012-09-06T20:00,20,validation
14633,2012-09-06T21:00,21,validation
14634,2012-09-06T22:00,22,validation
14635,2012-09-06T23:00,23,validation
14636,2012-09-07T00:00,0,validation
14637,2012-09-07T01:00,1,validation
14638,2012-09-07T02:00,2,validation
14639,2012-09-07T03:00,3,validation
14640,2012-09-07T04:00,4,validation
14641,2012-09-07T05:00,5,validation
14642,2012-09-07T06:00,6,validation
14643,2012-09-07T07:00,7,validation
14644,2012-09-07T08:00,8,validation
14645,2012-09-07T09:00,9,validation
14646,2012-09-07T10:00,10,validation
14647,2012-09-07T11:00,11,validation
14648,2012-09-07T12:00,12,validation
14649,2012-09-07T13:00,13,validation
14650,2012-09-07T14:00,14,validation
14651,2012-09-07T15:00,15,validation
14652,2012-09-07T16:00,16,validation
14653,2012-09-07T17:00,17,validation
14654,2012-09-07T18:00,18,validation
14655,2012-09-07T19:00,19,validation
14656,2012-09-07T20:00,20,validation
14657,2012-09-07T21:00,21,validation
14658,2012-09-07T22:00,22,validation
14659,2012-09-07T23:00,23,validation
14660,2012-09-08T00:00,0,validation
14661,2012-09-08T01:00,1,validation
14662,2012-09-08T02:00,2,validation
14663,2012-09-08T03:00,3,validation
14664,2012-09-08T04:00,4,validation
14665,2012-09-08T05:00,5,validation
14666,2012-09-08T06:00,6,validation
14667,2012-09-08T07:00,7,validation
14668,2012-09-08T08:00,8,validation
14669,2012-09-08T09:00,9,validation
14670,2012-09-08T10:00,10,validation
14671,2012-09-08T11:00,11,validation
14672,2012-09-08T12:00,12,validation
14673,2012-09-08T13:00,13,validation
14674,2012-09-08T14:00,14,validation
14675,2012-09-08T15:00,15,validation
14676,2012-09-08T16:00,16,validation
14677,2012-09-08T17:00,17,validation
14678,2012-09-08T18:00,18,validation
14679,2012-09-08T19:00,19,validation
14680,2012-09-08T20:00,20,validation
14681,2012-09-08T21:00,21,validation
14682,2012-09-08T22:00,22,validation
14683,2012-09-08T23:00,23,validation
14684,2012-09-09T00:00,0,validation
14685,2012-09-09T01:00,1,validation
14686,2012-09-09T02:00,2,validation
14687,2012-09-09T03:00,3,validation
14688,2012-09-09T04:00,4,validation
14689,2012-09-09T05:00,5,validation
14690,2012-09-09T06:00,6,validation
14691,2012-09-09T07:00,7,validation
14692,2012-09-09T08:00,8,validation
14693,2012-09-09T09:00,9,validation
14694,2012-09-09T10:00,10,validation
14695,2012-09-09T11:00,11,validation
14696,2012-09-09T12:00,12,validation
14697,2012-09-09T13:00,13,validation
14698,2012-09-09T14:00,14,validation
14699,2012-09-09T15:00,15,validation
14700,2012-09-09T16:00,16,validation
14701,2012-09-09T17:00,17,validation
14702,2012-09-09T18:00,18,validation
14703,2012-09-09T19:00,19,validation
14704,2012-09-09T20:00,20,validation
14705,2012-09-09T21:00,21,validation
14706,2012-09-09T22:00,22,validation
14707,2012-09-09T23:00,23,validation
14708,2012-09-10T00:00,0,validation
14709,2012-09-10T01:00,1,validation
14710,2012-09-10T02:00,2,validation
14711,2012-09-10T03:00,3,validation
14712,2012-09-10T04:00,4,validation
14713,2012-09-10T05:00,5,validation
14714,2012-09-10T06:00,6,validation
14715,2012-09-10T07:00,7,validation
14716,2012-09-10T08:00,8,validation
14717,2012-09-10T09:00,9,validation
14718,2012-09-10T10:00,10,validation
14719,2012-09-10T11:00,11,validation
14720,2012-09-10T12:00,12,validation
14721,2012-09-10T13:00,13,validation
14722,2012-09-10T14:00,14,validation
14723,2012-09-10T15:00,15,validation
14724,2012-09-10T16:00,16,validation
14725,2012-09-10T17:00,17,validation
14726,2012-09-10T18:00,18,validation
14727,2012-09-10T19:00,19,validation
14728,2012-09-10T20:00,20,validation
14729,2012-09-10T21:00,21,validation
14730,2012-09-10T22:00,22,validation
14731,2012-09-10T23:00,23,validation
14732,2012-09-11T00:00,0,validation
14733,2012-09-11T01:00,1,validation
14734,2012-09-11T02:00,2,validation
14735,2012-09-11T03:00,3,validation
14736,2012-09-11T04:00,4,validation
14737,2012-09-11T05:00,5,validation
14738,2012-09-11T06:00,6,validation
14739,2012-09-11T07:00,7,validation
14740,2012-09-11T08:00,8,validation
14741,2012-09-11T09:00,9,validation
14742,2012-09-11T10:00,10,validation
14743,2012-09-11T11:00,11,validation
14744,2012-09-11T12:00,12,validation
14745,2012-09-11T13:00,13,validation
14746,2012-09-11T14:00,14,validation
14747,2012-09-11T15:00,15,validation
14748,2012-09-11T16:00,16,validation
14749,2012-09-11T17:00,17,validation
14750,2012-09-11T18:00,18,validation
14751,2012-09-11T19:00,19,validation
14752,2012-09-11T20:00,20,validation
14753,2012-09-11T21:00,21,validation
14754,2012-09-11T22:00,22,validation
14755,2012-09-11T23:00,23,validation
14756,2012-09-12T00:00,0,validation
14757,2012-09-12T01:00,1,validation
14758,2012-09-12T02:00,2,validation
14759,2012-09-12T03:00,3,validation
14760,2012-09-12T04:00,4,validation
14761,2012-09-12T05:00,5,validation
14762,2012-09-12T06:00,6,validation
14763,2012-09-12T07:00,7,validation
14764,2012-09-12T08:00,8,validation
14765,2012-09-12T09:00,9,validation
14766,2012-09-12T10:00,10,validation
14767,2012-09-12T11:00,11,validation
14768,2012-09-12T12:00,12,validation
14769,2012-09-12T13:00,13,validation
14770,2012-09-12T14:00,14,validation
14771,2012-09-12T15:00,15,validation
14772,2012-09-12T16:00,16,validation
14773,2012-09-12T17:00,17,validation
14774,2012-09-12T18:00,18,validation
14775,2012-09-12T19:00,19,validation
14776,2012-09-12T20:00,20,validation
14777,2012-09-12T21:00,21,validation
14778,2012-09-12T22:00,22,validation
14779,2012-09-12T23:00,23,validation
14780,2012-09-13T00:00,0,validation
14781,2012-09-13T01:00,1,validation
14782,2012-09-13T02:00,2,validation
14783,2012-09-13T03:00,3,validation
14784,2012-09-13T04:00,4,validation
14785,2012-09-13T05:00,5,validation
14786,2012-09-13T06:00,6,validation
14787,2012-09-13T07:00,7,validation
14788,2012-09-13T08:00,8,validation
14789,2012-09-13T09:00,9,validation
14790,2012-09-13T10:00,10,validation
14791,2012-09-13T11:00,11,validation
14792,2012-09-13T12:00,12,validation
14793,2012-09-13T13:00,13,validation
14794,2012-09-13T14:00,14,validation
14795,2012-09-13T15:00,15,validation
14796,2012-09-13T16:00,16,validation
14797,2012-09-13T17:00,17,validation
14798,2012-09-13T18:00,18,validation
14799,2012-09-13T19:00,19,validation
14800,2012-09-13T20:00,20,validation
14801,2012-09-13T21:00,21,validation
14802,2012-09-13T22:00,22,validation
14803,2012-09-13T23:00,23,validation
14804,2012-09-14T00:00,0,validation
14805,2012-09-14T01:00,1,validation
14806,2012-09-14T02:00,2,validation
14807,2012-09-14T03:00,3,validation
14808,2012-09-14T04:00,4,validation
14809,2012-09-14T05:00,5,validation
14810,2012-09-14T06:00,6,validation
14811,2012-09-14T07:00,7,validation
14812,2012-09-14T08:00,8,validation
14813,2012-09-14T09:00,9,validation
14814,2012-09-14T10:00,10,validation
14815,2012-09-14T11:00,11,validation
14816,2012-09-14T12:00,12,validation
14817,2012-09-14T13:00,13,validation
14818,2012-09-14T14:00,14,validation
14819,2012-09-14T15:00,15,validation
14820,2012-09-14T16:00,16,validation
14821,2012-09-14T17:00,17,validation
14822,2012-09-14T18:00,18,validation
14823,2012-09-14T19:00,19,validation
14824,2012-09-14T20:00,20,validation
14825,2012-09-14T21:00,21,validation
14826,2012-09-14T22:00,22,validation
14827,2012-09-14T23:00,23,validation
14828,2012-09-15T00:00,0,validation
14829,2012-09-15T01:00,1,validation
14830,2012-09-15T02:00,2,validation
14831,2012-09-15T03:00,3,validation
14832,2012-09-15T04:00,4,validation
14833,2012-09-15T05:00,5,validation
14834,2012-09-15T06:00,6,validation
14835,2012-09-15T07:00,7,validation
14836,2012-09-15T08:00,8,validation
14837,2012-09-15T09:00,9,validation
14838,2012-09-15T10:00,10,validation
14839,2012-09-15T11:00,11,validation
14840,2012-09-15T12:00,12,validation
14841,2012-09-15T13:00,13,validation
14842,2012-09-15T14:00,14,validation
14843,2012-09-15T15:00,15,validation
14844,2012-09-15T16:00,16,validation
14845,2012-09-15T17:00,17,validation
14846,2012-09-15T18:00,18,validation
14847,2012-09-15T19:00,19,validation
14848,2012-09-15T20:00,20,validation
14849,2012-09-15T21:00,21,validation
14850,2012-09-15T22:00,22,validation
14851,2012-09-15T23:00,23,validation
14852,2012-09-16T00:00,0,validation
14853,2012-09-16T01:00,1,validation
14854,2012-09-16T02:00,2,validation
14855,2012-09-16T03:00,3,validation
14856,2012-09-16T04:00,4,validation
14857,2012-09-16T05:00,5,validation
14858,2012-09-16T06:00,6,validation
14859,2012-09-16T07:00,7,validation
14860,2012-09-16T08:00,8,validation
14861,2012-09-16T09:00,9,validation
14862,2012-09-16T10:00,10,validation
14863,2012-09-16T11:00,11,validation
14864,2012-09-16T12:00,12,validation
14865,2012-09-16T13:00,13,validation
14866,2012-09-16T14:00,14,validation
14867,2012-09-16T15:00,15,validation
14868,2012-09-16T16:00,16,validation
14869,2012-09-16T17:00,17,validation
14870,2012-09-16T18:00,18,validation
14871,2012-09-16T19:00,19,validation
14872,2012-09-16T20:00,20,validation
14873,2012-09-16T21:00,21,validation
14874,2012-09-16T22:00,22,validation
14875,2012-09-16T23:00,23,validation
14876,2012-09-17T00:00,0,validation
14877,2012-09-17T01:00,1,validation
14878,2012-09-17T02:00,2,validation
14879,2012-09-17T03:00,3,validation
14880,2012-09-17T04:00,4,validation
14881,2012-09-17T05:00,5,validation
14882,2012-09-17T06:00,6,validation
14883,2012-09-17T07:00,7,validation
14884,2012-09-17T08:00,8,validation
14885,2012-09-17T09:00,9,validation
14886,2012-09-17T10:00,10,validation
14887,2012-09-17T11:00,11,validation
14888,2012-09-17T12:00,12,validation
14889,2012-09-17T13:00,13,validation
14890,2012-09-17T14:00,14,validation
14891,2012-09-17T15:00,15,validation
14892,2012-09-17T16:00,16,validation
14893,2012-09-17T17:00,17,validation
14894,2012-09-17T18:00,18,validation
14895,2012-09-17T19:00,19,validation
14896,2012-09-17T20:00,20,validation
14897,2012-09-17T21:00,21,validation
14898,2012-09-17T22:00,22,validation
14899,2012-09-17T23:00,23,validation
14900,2012-09-18T00:00,0,validation
14901,2012-09-18T01:00,1,validation
14902,2012-09-18T02:00,2,validation
14903,2012-09-18T03:00,3,validation
14904,2012-09-18T04:00,4,validation
14905,2012-09-18T05:00,5,validation
14906,2012-09-18T06:00,6,validation
14907,2012-09-18T07:00,7,validation
14908,2012-09-18T08:00,8,validation
14909,2012-09-18T09:00,9,validation
14910,2012-09-18T10:00,10,validation
14911,2012-09-18T11:00,11,validation
14912,2012-09-18T12:00,12,validation
14913,2012-09-18T13:00,13,validation
14914,2012-09-18T14:00,14,validation
14915,2012-09-18T15:00,15,validation
14916,2012-09-18T16:00,16,validation
14917,2012-09-18T17:00,17,validation
14918,2012-09-18T18:00,18,validation
14919,2012-09-18T19:00,19,validation
14920,2012-09-18T20:00,20,validation
14921,2012-09-18T21:00,21,validation
14922,2012-09-18T22:00,22,validation
14923,2012-09-18T23:00,23,validation
14924,2012-09-19T00:00,0,validation
14925,2012-09-19T01:00,1,validation
14926,2012-09-19T02:00,2,validation
14927,2012-09-19T03:00,3,validation
14928,2012-09-19T04:00,4,validation
14929,2012-09-19T05:00,5,validation
14930,2012-09-19T06:00,6,validation
14931,2012-09-19T07:00,7,validation
14932,2012-09-19T08:00,8,validation
14933,2012-09-19T09:00,9,validation
14934,2012-09-19T10:00,10,validation
14935,2012-09-19T11:00,11,validation
14936,2012-09-19T12:00,12,validation
14937,2012-09-19T13:00,13,validation
14938,2012-09-19T14:00,14,validation
14939,2012-09-19T15:00,15,validation
14940,2012-09-19T16:00,16,validation
14941,2012-09-19T17:00,17,validation
14942,2012-09-19T18:00,18,validation
14943,2012-09-19T19:00,19,validation
14944,2012-09-19T20:00,20,validation
14945,2012-09-19T21:00,21,validation
14946,2012-09-19T22:00,22,validation
14947,2012-09-19T23:00,23,validation
14948,2012-09-20T00:00,0,validation
14949,2012-09-20T01:00,1,validation
14950,2012-09-20T02:00,2,validation
14951,2012-09-20T03:00,3,validation
14952,2012-09-20T04:00,4,validation
14953,2012-09-20T05:00,5,validation
14954,2012-09-20T06:00,6,validation
14955,2012-09-20T07:00,7,validation
14956,2012-09-20T08:00,8,validation
14957,2012-09-20T09:00,9,validation
14958,2012-09-20T10:00,10,validation
14959,2012-09-20T11:00,11,validation
14960,2012-09-20T12:00,12,validation
14961,2012-09-20T13:00,13,validation
14962,2012-09-20T14:00,14,validation
14963,2012-09-20T15:00,15,validation
14964,2012-09-20T16:00,16,validation
14965,2012-09-20T17:00,17,validation
14966,2012-09-20T18:00,18,validation
14967,2012-09-20T19:00,19,validation
14968,2012-09-20T20:00,20,validation
14969,2012-09-20T21:00,21,validation
14970,2012-09-20T22:00,22,validation
14971,2012-09-20T23:00,23,validation
14972,2012-09-21T00:00,0,validation
14973,2012-09-21T01:00,1,validation
14974,2012-09-21T02:00,2,validation
14975,2012-09-21T03:00,3,validation
14976,2012-09-21T04:00,4,validation
14977,2012-09-21T05:00,5,validation
14978,2012-09-21T06:00,6,validation
14979,2012-09-21T07:00,7,validation
14980,2012-09-21T08:00,8,validation
14981,2012-09-21T09:00,9,validation
14982,2012-09-21T10:00,10,validation
14983,2012-09-21T11:00,11,validation
14984,2012-09-21T12:00,12,validation
14985,2012-09-21T13:00,13,validation
14986,2012-09-21T14:00,14,validation
14987,2012-09-21T15:00,15,validation
14988,2012-09-21T16:00,16,validation
14989,2012-09-21T17:00,17,validation
14990,2012-09-21T18:00,18,validation
14991,2012-09-21T19:00,19,validation
14992,2012-09-21T20:00,20,validation
14993,2012-09-21T21:00,21,validation
14994,2012-09-21T22:00,22,validation
14995,2012-09-21T23:00,23,validation
14996,2012-09-22T00:00,0,validation
14997,2012-09-22T01:00,1,validation
14998,2012-09-22T02:00,2,validation
14999,2012-09-22T03:00,3,validation
15000,2012-09-22T04:00,4,validation
15001,2012-09-22T05:00,5,validation
15002,2012-09-22T06:00,6,validation
15003,2012-09-22T07:00,7,validation
15004,2012-09-22T08:00,8,validation
15005,2012-09-22T09:00,9,validation
15006,2012-09-22T10:00,10,validation
15007,2012-09-22T11:00,11,validation
15008,2012-09-22T12:00,12,validation
15009,2012-09-22T13:00,13,validation
15010,2012-09-22T14:00,14,validation
15011,2012-09-22T15:00,15,validation
15012,2012-09-22T16:00,16,validation
15013,2012-09-22T17:00,17,validation
15014,2012-09-22T18:00,18,validation
15015,2012-09-22T19:00,19,validation
15016,2012-09-22T20:00,20,validation
15017,2012-09-22T21:00,21,validation
15018,2012-09-22T22:00,22,validation
15019,2012-09-22T23:00,23,validation
15020,2012-09-23T00:00,0,validation
15021,2012-09-23T01:00,1,validation
15022,2012-09-23T02:00,2,validation
15023,2012-09-23T03:00,3,validation
15024,2012-09-23T04:00,4,validation
15025,2012-09-23T05:00,5,validation
15026,2012-09-23T06:00,6,validation
15027,2012-09-23T07:00,7,validation
15028,2012-09-23T08:00,8,validation
15029,2012-09-23T09:00,9,validation
15030,2012-09-23T10:00,10,validation
15031,2012-09-23T11:00,11,validation
15032,2012-09-23T12:00,12,validation
15033,2012-09-23T13:00,13,validation
15034,2012-09-23T14:00,14,validation
15035,2012-09-23T15:00,15,validation
15036,2012-09-23T16:00,16,validation
15037,2012-09-23T17:00,17,validation
15038,2012-09-23T18:00,18,validation
15039,2012-09-23T19:00,19,validation
15040,2012-09-23T20:00,20,validation
15041,2012-09-23T21:00,21,validation
15042,2012-09-23T22:00,22,validation
15043,2012-09-23T23:00,23,validation
15044,2012-09-24T00:00,0,validation
15045,2012-09-24T01:00,1,validation
15046,2012-09-24T02:00,2,validation
15047,2012-09-24T03:00,3,validation
15048,2012-09-24T04:00,4,validation
15049,2012-09-24T05:00,5,validation
15050,2012-09-24T06:00,6,validation
15051,2012-09-24T07:00,7,validation
15052,2012-09-24T08:00,8,validation
15053,2012-09-24T09:00,9,validation
15054,2012-09-24T10:00,10,validation
15055,2012-09-24T11:00,11,validation
15056,2012-09-24T12:00,12,validation
15057,2012-09-24T13:00,13,validation
15058,2012-09-24T14:00,14,validation
15059,2012-09-24T15:00,15,validation
15060,2012-09-24T16:00,16,validation
15061,2012-09-24T17:00,17,validation
15062,2012-09-24T18:00,18,validation
15063,2012-09-24T19:00,19,validation
15064,2012-09-24T20:00,20,validation
15065,2012-09-24T21:00,21,validation
15066,2012-09-24T22:00,22,validation
15067,2012-09-24T23:00,23,validation
15068,2012-09-25T00:00,0,validation
15069,2012-09-25T01:00,1,validation
15070,2012-09-25T02:00,2,validation
15071,2012-09-25T03:00,3,validation
15072,2012-09-25T04:00,4,validation
15073,2012-09-25T05:00,5,validation
15074,2012-09-25T06:00,6,validation
15075,2012-09-25T07:00,7,validation
15076,2012-09-25T08:00,8,validation
15077,2012-09-25T09:00,9,validation
15078,2012-09-25T10:00,10,validation
15079,2012-09-25T11:00,11,validation
15080,2012-09-25T12:00,12,validation
15081,2012-09-25T13:00,13,validation
15082,2012-09-25T14:00,14,validation
15083,2012-09-25T15:00,15,validation
15084,2012-09-25T16:00,16,validation
15085,2012-09-25T17:00,17,validation
15086,2012-09-25T18:00,18,validation
15087,2012-09-25T19:00,19,validation
15088,2012-09-25T20:00,20,validation
15089,2012-09-25T21:00,21,validation
15090,2012-09-25T22:00,22,validation
15091,2012-09-25T23:00,23,validation
15092,2012-09-26T00:00,0,validation
15093,2012-09-26T01:00,1,validation
15094,2012-09-26T02:00,2,validation
15095,2012-09-26T03:00,3,validation
15096,2012-09-26T04:00,4,validation
15097,2012-09-26T05:00,5,validation
15098,2012-09-26T06:00,6,validation
15099,2012-09-26T07:00,7,validation
15100,2012-09-26T08:00,8,validation
15101,2012-09-26T09:00,9,validation
15102,2012-09-26T10:00,10,validation
15103,2012-09-26T11:00,11,validation
15104,2012-09-26T12:00,12,validation
15105,2012-09-26T13:00,13,validation
15106,2012-09-26T14:00,14,validation
15107,2012-09-26T15:00,15,validation
15108,2012-09-26T16:00,16,validation
15109,2012-09-26T17:00,17,validation
15110,2012-09-26T18:00,18,validation
15111,2012-09-26T19:00,19,validation
15112,2012-09-26T20:00,20,validation
15113,2012-09-26T21:00,21,validation
15114,2012-09-26T22:00,22,validation
15115,2012-09-26T23:00,23,validation
15116,2012-09-27T00:00,0,validation
15117,2012-09-27T01:00,1,validation
15118,2012-09-27T02:00,2,validation
15119,2012-09-27T03:00,3,validation
15120,2012-09-27T04:00,4,validation
15121,2012-09-27T05:00,5,validation
15122,2012-09-27T06:00,6,validation
15123,2012-09-27T07:00,7,validation
15124,2012-09-27T08:00,8,validation
15125,2012-09-27T09:00,9,validation
15126,2012-09-27T10:00,10,validation
15127,2012-09-27T11:00,11,validation
15128,2012-09-27T12:00,12,validation
15129,2012-09-27T13:00,13,validation
15130,2012-09-27T14:00,14,validation
15131,2012-09-27T15:00,15,validation
15132,2012-09-27T16:00,16,validation
15133,2012-09-27T17:00,17,validation
15134,2012-09-27T18:00,18,validation
15135,2012-09-27T19:00,19,validation
15136,2012-09-27T20:00,20,validation
15137,2012-09-27T21:00,21,validation
15138,2012-09-27T22:00,22,validation
15139,2012-09-27T23:00,23,validation
15140,2012-09-28T00:00,0,validation
15141,2012-09-28T01:00,1,validation
15142,2012-09-28T02:00,2,validation
15143,2012-09-28T03:00,3,validation
15144,2012-09-28T04:00,4,validation
15145,2012-09-28T05:00,5,validation
15146,2012-09-28T06:00,6,validation
15147,2012-09-28T07:00,7,validation
15148,2012-09-28T08:00,8,validation
15149,2012-09-28T09:00,9,validation
15150,2012-09-28T10:00,10,validation
15151,2012-09-28T11:00,11,validation
15152,2012-09-28T12:00,12,validation
15153,2012-09-28T13:00,13,validation
15154,2012-09-28T14:00,14,validation
15155,2012-09-28T15:00,15,validation
15156,2012-09-28T16:00,16,validation
15157,2012-09-28T17:00,17,validation
15158,2012-09-28T18:00,18,validation
15159,2012-09-28T19:00,19,validation
15160,2012-09-28T20:00,20,validation
15161,2012-09-28T21:00,21,validation
15162,2012-09-28T22:00,22,validation
15163,2012-09-28T23:00,23,validation
15164,2012-09-29T00:00,0,validation
15165,2012-09-29T01:00,1,validation
15166,2012-09-29T02:00,2,validation
15167,2012-09-29T03:00,3,validation
15168,2012-09-29T04:00,4,validation
15169,2012-09-29T05:00,5,validation
15170,2012-09-29T06:00,6,validation
15171,2012-09-29T07:00,7,validation
15172,2012-09-29T08:00,8,validation
15173,2012-09-29T09:00,9,validation
15174,2012-09-29T10:00,10,validation
15175,2012-09-29T11:00,11,validation
15176,2012-09-29T12:00,12,validation
15177,2012-09-29T13:00,13,validation
15178,2012-09-29T14:00,14,validation
15179,2012-09-29T15:00,15,validation
15180,2012-09-29T16:00,16,validation
15181,2012-09-29T17:00,17,validation
15182,2012-09-29T18:00,18,validation
15183,2012-09-29T19:00,19,validation
15184,2012-09-29T20:00,20,validation
15185,2012-09-29T21:00,21,validation
15186,2012-09-29T22:00,22,validation
15187,2012-09-29T23:00,23,validation
15188,2012-09-30T00:00,0,validation
15189,2012-09-30T01:00,1,validation
15190,2012-09-30T02:00,2,validation
15191,2012-09-30T03:00,3,validation
15192,2012-09-30T04:00,4,validation
15193,2012-09-30T05:00,5,validation
15194,2012-09-30T06:00,6,validation
15195,2012-09-30T07:00,7,validation
15196,2012-09-30T08:00,8,validation
15197,2012-09-30T09:00,9,validation
15198,2012-09-30T10:00,10,validation
15199,2012-09-30T11:00,11,validation
15200,2012-09-30T12:00,12,validation
15201,2012-09-30T13:00,13,validation
15202,2012-09-30T14:00,14,validation
15203,2012-09-30T15:00,15,validation
15204,2012-09-30T16:00,16,validation
15205,2012-09-30T17:00,17,validation
15206,2012-09-30T18:00,18,validation
15207,2012-09-30T19:00,19,validation
15208,2012-09-30T20:00,20,validation
15209,2012-09-30T21:00,21,validation
15210,2012-09-30T22:00,22,validation
15211,2012-09-30T23:00,23,validation
